2025-09-05 14:07:49,078 [Worker-6: Loading available Gradle versions] INFO  o.e.b.c.i.u.g.PublishedGradleVersions - Gradle version information cache is out-of-date. Trying to update.
2025-09-05 14:17:37,163 [Worker-30: Creating project "hedera-demo"] INFO  o.e.m.c.i.l.LifecycleMappingFactory - Using org.eclipse.m2e.jdt.JarLifecycleMapping lifecycle mapping for MavenProject: com.shivam.hedera:hedera-demo:0.0.1-SNAPSHOT @ D:\study\protocol\Java\hedera-demo\pom.xml.
2025-09-05 14:17:37,821 [Worker-30: Creating project "hedera-demo"] INFO  o.e.m.j.i.AbstractJavaProjectConfigurator - Adding source folder /hedera-demo/src/main/java
2025-09-05 14:17:37,826 [Worker-30: Creating project "hedera-demo"] INFO  o.e.m.j.i.AbstractJavaProjectConfigurator - Adding resource folder /hedera-demo/src/main/resources
2025-09-05 14:17:37,829 [Worker-30: Creating project "hedera-demo"] INFO  o.e.m.j.i.AbstractJavaProjectConfigurator - Adding source folder /hedera-demo/src/test/java
2025-09-05 14:17:37,829 [Worker-30: Creating project "hedera-demo"] INFO  o.e.m.j.i.AbstractJavaProjectConfigurator - Adding resource folder /hedera-demo/src/test/resources
2025-09-05 14:17:38,586 [Worker-35: Building] WARN  o.a.m.s.f.DefaultMavenResourcesFiltering - Using platform encoding (UTF-8 actually) to copy filtered resources, i.e. build is platform dependent!
2025-09-05 14:17:38,593 [Worker-35: Building] INFO  o.a.m.s.f.DefaultMavenResourcesFiltering - Copying 0 resource from src\main\resources to target\classes
2025-09-05 14:17:38,597 [Worker-35: Building] WARN  o.a.m.s.f.DefaultMavenResourcesFiltering - Using platform encoding (UTF-8 actually) to copy filtered resources, i.e. build is platform dependent!
2025-09-05 14:17:38,598 [Worker-35: Building] INFO  o.a.m.s.f.DefaultMavenResourcesFiltering - Copying 0 resource from src\test\resources to target\test-classes
2025-09-05 14:26:02,310 [Worker-35: Building] INFO  o.e.m.c.i.l.LifecycleMappingFactory - Using org.eclipse.m2e.jdt.JarLifecycleMapping lifecycle mapping for MavenProject: com.shivam.hedera:hedera-demo:0.0.1-SNAPSHOT @ D:\study\protocol\Java\hedera-demo\pom.xml.
2025-09-05 14:26:02,602 [Worker-35: Building] INFO  o.e.m.c.i.e.AbstractTransferListenerAdapter - Downloaded https://repo.maven.apache.org/maven2/com/hedera/hashgraph/hedera-sdk-java/2.29.0/hedera-sdk-java-2.29.0.pom
2025-09-05 14:26:02,602 [Worker-35: Building] WARN  o.e.m.c.i.embedder.EclipseLogger - The POM for com.hedera.hashgraph:hedera-sdk-java:jar:2.29.0 is missing, no dependency information available
2025-09-05 14:26:02,637 [Worker-35: Building] INFO  o.e.m.c.i.e.AbstractTransferListenerAdapter - Downloading https://repo.maven.apache.org/maven2/org/junit/jupiter/junit-jupiter/5.10.2/junit-jupiter-5.10.2.pom
2025-09-05 14:26:02,648 [Worker-35: Building] INFO  o.e.m.c.i.e.AbstractTransferListenerAdapter - Downloaded https://repo.maven.apache.org/maven2/org/junit/jupiter/junit-jupiter/5.10.2/junit-jupiter-5.10.2.pom
2025-09-05 14:26:02,666 [Worker-35: Building] INFO  o.e.m.c.i.e.AbstractTransferListenerAdapter - Downloading https://repo.maven.apache.org/maven2/org/junit/jupiter/junit-jupiter-api/5.10.2/junit-jupiter-api-5.10.2.pom
2025-09-05 14:26:02,684 [Worker-35: Building] INFO  o.e.m.c.i.e.AbstractTransferListenerAdapter - Downloaded https://repo.maven.apache.org/maven2/org/junit/jupiter/junit-jupiter-api/5.10.2/junit-jupiter-api-5.10.2.pom
2025-09-05 14:26:02,712 [Worker-35: Building] INFO  o.e.m.c.i.e.AbstractTransferListenerAdapter - Downloading https://repo.maven.apache.org/maven2/org/junit/platform/junit-platform-commons/1.10.2/junit-platform-commons-1.10.2.pom
2025-09-05 14:26:02,717 [Worker-35: Building] INFO  o.e.m.c.i.e.AbstractTransferListenerAdapter - Downloaded https://repo.maven.apache.org/maven2/org/junit/platform/junit-platform-commons/1.10.2/junit-platform-commons-1.10.2.pom
2025-09-05 14:26:02,737 [Worker-35: Building] INFO  o.e.m.c.i.e.AbstractTransferListenerAdapter - Downloading https://repo.maven.apache.org/maven2/org/junit/jupiter/junit-jupiter-params/5.10.2/junit-jupiter-params-5.10.2.pom
2025-09-05 14:26:02,744 [Worker-35: Building] INFO  o.e.m.c.i.e.AbstractTransferListenerAdapter - Downloaded https://repo.maven.apache.org/maven2/org/junit/jupiter/junit-jupiter-params/5.10.2/junit-jupiter-params-5.10.2.pom
2025-09-05 14:26:02,757 [Worker-35: Building] INFO  o.e.m.c.i.e.AbstractTransferListenerAdapter - Downloading https://repo.maven.apache.org/maven2/org/junit/jupiter/junit-jupiter-engine/5.10.2/junit-jupiter-engine-5.10.2.pom
2025-09-05 14:26:02,757 [Worker-35: Building] INFO  o.e.m.c.i.e.AbstractTransferListenerAdapter - Downloaded https://repo.maven.apache.org/maven2/org/junit/jupiter/junit-jupiter-engine/5.10.2/junit-jupiter-engine-5.10.2.pom
2025-09-05 14:26:02,775 [Worker-35: Building] INFO  o.e.m.c.i.e.AbstractTransferListenerAdapter - Downloading https://repo.maven.apache.org/maven2/org/junit/platform/junit-platform-engine/1.10.2/junit-platform-engine-1.10.2.pom
2025-09-05 14:26:02,788 [Worker-35: Building] INFO  o.e.m.c.i.e.AbstractTransferListenerAdapter - Downloaded https://repo.maven.apache.org/maven2/org/junit/platform/junit-platform-engine/1.10.2/junit-platform-engine-1.10.2.pom
2025-09-05 14:26:03,259 [Worker-35: Building] INFO  o.e.m.c.i.e.AbstractTransferListenerAdapter - Downloaded https://repo.maven.apache.org/maven2/com/hedera/hashgraph/hedera-sdk-java/2.29.0/hedera-sdk-java-2.29.0.jar
2025-09-05 14:26:03,274 [BasicRepositoryConnector-repo.maven.apache.org-0-1] INFO  o.e.m.c.i.e.AbstractTransferListenerAdapter - Downloading https://repo.maven.apache.org/maven2/org/junit/jupiter/junit-jupiter-api/5.10.2/junit-jupiter-api-5.10.2.jar
2025-09-05 14:26:03,304 [BasicRepositoryConnector-repo.maven.apache.org-0-2] INFO  o.e.m.c.i.e.AbstractTransferListenerAdapter - Downloading https://repo.maven.apache.org/maven2/org/junit/platform/junit-platform-commons/1.10.2/junit-platform-commons-1.10.2.jar
2025-09-05 14:26:03,304 [BasicRepositoryConnector-repo.maven.apache.org-0-0] INFO  o.e.m.c.i.e.AbstractTransferListenerAdapter - Downloading https://repo.maven.apache.org/maven2/org/junit/jupiter/junit-jupiter/5.10.2/junit-jupiter-5.10.2.jar
2025-09-05 14:26:03,304 [BasicRepositoryConnector-repo.maven.apache.org-0-3] INFO  o.e.m.c.i.e.AbstractTransferListenerAdapter - Downloading https://repo.maven.apache.org/maven2/org/junit/jupiter/junit-jupiter-params/5.10.2/junit-jupiter-params-5.10.2.jar
2025-09-05 14:26:03,304 [BasicRepositoryConnector-repo.maven.apache.org-0-0] INFO  o.e.m.c.i.e.AbstractTransferListenerAdapter - Downloaded https://repo.maven.apache.org/maven2/org/junit/jupiter/junit-jupiter/5.10.2/junit-jupiter-5.10.2.jar
2025-09-05 14:26:03,304 [BasicRepositoryConnector-repo.maven.apache.org-0-4] INFO  o.e.m.c.i.e.AbstractTransferListenerAdapter - Downloading https://repo.maven.apache.org/maven2/org/junit/jupiter/junit-jupiter-engine/5.10.2/junit-jupiter-engine-5.10.2.jar
2025-09-05 14:26:03,336 [BasicRepositoryConnector-repo.maven.apache.org-0-0] INFO  o.e.m.c.i.e.AbstractTransferListenerAdapter - Downloading https://repo.maven.apache.org/maven2/org/junit/platform/junit-platform-engine/1.10.2/junit-platform-engine-1.10.2.jar
2025-09-05 14:26:03,336 [BasicRepositoryConnector-repo.maven.apache.org-0-1] INFO  o.e.m.c.i.e.AbstractTransferListenerAdapter - Downloaded https://repo.maven.apache.org/maven2/org/junit/jupiter/junit-jupiter-api/5.10.2/junit-jupiter-api-5.10.2.jar
2025-09-05 14:26:03,368 [BasicRepositoryConnector-repo.maven.apache.org-0-2] INFO  o.e.m.c.i.e.AbstractTransferListenerAdapter - Downloaded https://repo.maven.apache.org/maven2/org/junit/platform/junit-platform-commons/1.10.2/junit-platform-commons-1.10.2.jar
2025-09-05 14:26:03,513 [BasicRepositoryConnector-repo.maven.apache.org-0-4] INFO  o.e.m.c.i.e.AbstractTransferListenerAdapter - Downloaded https://repo.maven.apache.org/maven2/org/junit/jupiter/junit-jupiter-engine/5.10.2/junit-jupiter-engine-5.10.2.jar
2025-09-05 14:26:03,537 [BasicRepositoryConnector-repo.maven.apache.org-0-0] INFO  o.e.m.c.i.e.AbstractTransferListenerAdapter - Downloaded https://repo.maven.apache.org/maven2/org/junit/platform/junit-platform-engine/1.10.2/junit-platform-engine-1.10.2.jar
2025-09-05 14:26:03,570 [BasicRepositoryConnector-repo.maven.apache.org-0-3] INFO  o.e.m.c.i.e.AbstractTransferListenerAdapter - Downloaded https://repo.maven.apache.org/maven2/org/junit/jupiter/junit-jupiter-params/5.10.2/junit-jupiter-params-5.10.2.jar
2025-09-05 14:26:04,322 [Worker-35: Building] INFO  o.a.m.s.f.DefaultMavenResourcesFiltering - Copying 0 resource from src\main\resources to target\classes
2025-09-05 14:26:04,332 [Worker-35: Building] INFO  o.a.m.s.f.DefaultMavenResourcesFiltering - Copying 0 resource from src\test\resources to target\test-classes
2025-09-05 14:26:05,116 [Worker-41: Download sources and javadoc] INFO  o.e.m.c.i.e.AbstractTransferListenerAdapter - Downloaded https://repo.maven.apache.org/maven2/com/hedera/hashgraph/hedera-sdk-java/2.29.0/hedera-sdk-java-2.29.0-sources.jar
2025-09-05 14:26:05,132 [Worker-41: Download sources and javadoc] ERROR o.e.m.j.internal.DownloadSourcesJob - Could not download sources for com.hedera.hashgraph:hedera-sdk-java:2.29.0
org.eclipse.core.runtime.CoreException: Could not resolve artifact com.hedera.hashgraph:hedera-sdk-java:jar:sources:2.29.0
	at org.eclipse.m2e.core.internal.embedder.MavenImpl.lambda$7(MavenImpl.java:540)
	at org.eclipse.m2e.core.internal.embedder.MavenExecutionContext.executeBare(MavenExecutionContext.java:458)
	at org.eclipse.m2e.core.internal.embedder.MavenExecutionContext.execute(MavenExecutionContext.java:292)
	at org.eclipse.m2e.core.internal.embedder.MavenExecutionContext.execute(MavenExecutionContext.java:278)
	at org.eclipse.m2e.core.internal.embedder.MavenImpl.resolve(MavenImpl.java:509)
	at org.eclipse.m2e.core.internal.embedder.MavenImpl.resolve(MavenImpl.java:494)
	at org.eclipse.m2e.jdt.internal.DownloadSourcesJob.download(DownloadSourcesJob.java:308)
	at org.eclipse.m2e.jdt.internal.DownloadSourcesJob.downloadAttachments(DownloadSourcesJob.java:282)
	at org.eclipse.m2e.jdt.internal.DownloadSourcesJob.downloadMaven(DownloadSourcesJob.java:252)
	at org.eclipse.m2e.jdt.internal.DownloadSourcesJob.downloadFilesAndPopulateToUpdate(DownloadSourcesJob.java:220)
	at org.eclipse.m2e.jdt.internal.DownloadSourcesJob.lambda$0(DownloadSourcesJob.java:149)
	at org.eclipse.m2e.core.internal.embedder.MavenExecutionContext.executeBare(MavenExecutionContext.java:458)
	at org.eclipse.m2e.core.internal.embedder.MavenExecutionContext.execute(MavenExecutionContext.java:339)
	at org.eclipse.m2e.core.internal.embedder.MavenExecutionContext.execute(MavenExecutionContext.java:278)
	at org.eclipse.m2e.core.embedder.IMaven.execute(IMaven.java:300)
	at org.eclipse.m2e.jdt.internal.DownloadSourcesJob.run(DownloadSourcesJob.java:149)
	at org.eclipse.core.internal.jobs.Worker.run(Worker.java:63)
2025-09-05 14:26:05,197 [Worker-41: Download sources and javadoc] INFO  o.e.m.c.i.e.AbstractTransferListenerAdapter - Downloading https://repo.maven.apache.org/maven2/org/junit/jupiter/junit-jupiter/5.10.2/junit-jupiter-5.10.2-sources.jar
2025-09-05 14:26:05,197 [Worker-41: Download sources and javadoc] INFO  o.e.m.c.i.e.AbstractTransferListenerAdapter - Downloaded https://repo.maven.apache.org/maven2/org/junit/jupiter/junit-jupiter/5.10.2/junit-jupiter-5.10.2-sources.jar
2025-09-05 14:26:05,222 [Worker-41: Download sources and javadoc] INFO  o.e.m.j.internal.DownloadSourcesJob - Downloaded sources for org.junit.jupiter:junit-jupiter:5.10.2
2025-09-05 14:26:05,258 [Worker-41: Download sources and javadoc] INFO  o.e.m.c.i.e.AbstractTransferListenerAdapter - Downloading https://repo.maven.apache.org/maven2/org/junit/jupiter/junit-jupiter-api/5.10.2/junit-jupiter-api-5.10.2-sources.jar
2025-09-05 14:26:05,321 [Worker-41: Download sources and javadoc] INFO  o.e.m.c.i.e.AbstractTransferListenerAdapter - Downloaded https://repo.maven.apache.org/maven2/org/junit/jupiter/junit-jupiter-api/5.10.2/junit-jupiter-api-5.10.2-sources.jar
2025-09-05 14:26:05,351 [Worker-41: Download sources and javadoc] INFO  o.e.m.j.internal.DownloadSourcesJob - Downloaded sources for org.junit.jupiter:junit-jupiter-api:5.10.2
2025-09-05 14:26:05,441 [Worker-41: Download sources and javadoc] INFO  o.e.m.c.i.e.AbstractTransferListenerAdapter - Downloading https://repo.maven.apache.org/maven2/org/junit/platform/junit-platform-commons/1.10.2/junit-platform-commons-1.10.2-sources.jar
2025-09-05 14:26:05,534 [Worker-41: Download sources and javadoc] INFO  o.e.m.c.i.e.AbstractTransferListenerAdapter - Downloaded https://repo.maven.apache.org/maven2/org/junit/platform/junit-platform-commons/1.10.2/junit-platform-commons-1.10.2-sources.jar
2025-09-05 14:26:05,554 [Worker-41: Download sources and javadoc] INFO  o.e.m.j.internal.DownloadSourcesJob - Downloaded sources for org.junit.platform:junit-platform-commons:1.10.2
2025-09-05 14:26:05,853 [Worker-35: Updating Maven Project] INFO  o.e.m.c.i.p.ProjectConfigurationManager - Update started
2025-09-05 14:26:05,931 [Worker-41: Download sources and javadoc] INFO  o.e.m.c.i.e.AbstractTransferListenerAdapter - Downloading https://repo.maven.apache.org/maven2/org/junit/jupiter/junit-jupiter-params/5.10.2/junit-jupiter-params-5.10.2-sources.jar
2025-09-05 14:26:05,963 [Worker-41: Download sources and javadoc] INFO  o.e.m.c.i.e.AbstractTransferListenerAdapter - Downloaded https://repo.maven.apache.org/maven2/org/junit/jupiter/junit-jupiter-params/5.10.2/junit-jupiter-params-5.10.2-sources.jar
2025-09-05 14:26:05,986 [Worker-41: Download sources and javadoc] INFO  o.e.m.j.internal.DownloadSourcesJob - Downloaded sources for org.junit.jupiter:junit-jupiter-params:5.10.2
2025-09-05 14:26:06,044 [Worker-41: Download sources and javadoc] INFO  o.e.m.c.i.e.AbstractTransferListenerAdapter - Downloading https://repo.maven.apache.org/maven2/org/junit/jupiter/junit-jupiter-engine/5.10.2/junit-jupiter-engine-5.10.2-sources.jar
2025-09-05 14:26:06,093 [Worker-41: Download sources and javadoc] INFO  o.e.m.c.i.e.AbstractTransferListenerAdapter - Downloaded https://repo.maven.apache.org/maven2/org/junit/jupiter/junit-jupiter-engine/5.10.2/junit-jupiter-engine-5.10.2-sources.jar
2025-09-05 14:26:06,116 [Worker-41: Download sources and javadoc] INFO  o.e.m.j.internal.DownloadSourcesJob - Downloaded sources for org.junit.jupiter:junit-jupiter-engine:5.10.2
2025-09-05 14:26:06,208 [Worker-41: Download sources and javadoc] INFO  o.e.m.c.i.e.AbstractTransferListenerAdapter - Downloading https://repo.maven.apache.org/maven2/org/junit/platform/junit-platform-engine/1.10.2/junit-platform-engine-1.10.2-sources.jar
2025-09-05 14:26:06,264 [Worker-41: Download sources and javadoc] INFO  o.e.m.c.i.e.AbstractTransferListenerAdapter - Downloaded https://repo.maven.apache.org/maven2/org/junit/platform/junit-platform-engine/1.10.2/junit-platform-engine-1.10.2-sources.jar
2025-09-05 14:26:06,281 [Worker-41: Download sources and javadoc] INFO  o.e.m.j.internal.DownloadSourcesJob - Downloaded sources for org.junit.platform:junit-platform-engine:1.10.2
2025-09-05 14:26:06,526 [Worker-35: Updating Maven Project] INFO  o.e.m.c.i.l.LifecycleMappingFactory - Using org.eclipse.m2e.jdt.JarLifecycleMapping lifecycle mapping for MavenProject: com.shivam.hedera:hedera-demo:0.0.1-SNAPSHOT @ D:\study\protocol\Java\hedera-demo\pom.xml.
2025-09-05 14:26:06,538 [Worker-35: Updating Maven Project] WARN  o.e.m.c.i.embedder.EclipseLogger - The POM for com.hedera.hashgraph:hedera-sdk-java:jar:2.29.0 is missing, no dependency information available
2025-09-05 14:26:07,155 [Worker-35: Updating Maven Project] INFO  o.e.m.j.i.AbstractJavaProjectConfigurator - Adding source folder /hedera-demo/src/main/java
2025-09-05 14:26:07,174 [Worker-35: Updating Maven Project] INFO  o.e.m.j.i.AbstractJavaProjectConfigurator - Adding resource folder /hedera-demo/src/main/resources
2025-09-05 14:26:07,190 [Worker-35: Updating Maven Project] INFO  o.e.m.j.i.AbstractJavaProjectConfigurator - Adding source folder /hedera-demo/src/test/java
2025-09-05 14:26:07,191 [Worker-35: Updating Maven Project] INFO  o.e.m.j.i.AbstractJavaProjectConfigurator - Adding resource folder /hedera-demo/src/test/resources
2025-09-05 14:26:08,041 [Worker-35: Updating Maven Project] INFO  o.e.m.c.i.p.ProjectConfigurationManager - Update completed for 1 poms: local refresh takes 0.00 sec, refresh facades takes 0.00 sec, update config takes 0.00 sec 
2025-09-05 14:26:08,227 [Worker-41: Building] INFO  o.a.m.s.f.DefaultMavenResourcesFiltering - Copying 0 resource from src\main\resources to target\classes
2025-09-05 14:26:08,243 [Worker-41: Building] INFO  o.a.m.s.f.DefaultMavenResourcesFiltering - Copying 0 resource from src\test\resources to target\test-classes
2025-09-05 14:27:56,734 [Worker-45: Building] INFO  o.e.m.c.i.l.LifecycleMappingFactory - Using org.eclipse.m2e.jdt.JarLifecycleMapping lifecycle mapping for MavenProject: com.shivam.hedera:hedera-demo:0.0.1-SNAPSHOT @ D:\study\protocol\Java\hedera-demo\pom.xml.
2025-09-05 14:27:56,806 [Worker-45: Building] INFO  o.e.m.c.i.e.AbstractTransferListenerAdapter - Downloading https://repo.maven.apache.org/maven2/com/hedera/hashgraph/sdk/2.37.0/sdk-2.37.0.pom
2025-09-05 14:27:56,812 [Worker-45: Building] INFO  o.e.m.c.i.e.AbstractTransferListenerAdapter - Downloaded https://repo.maven.apache.org/maven2/com/hedera/hashgraph/sdk/2.37.0/sdk-2.37.0.pom
2025-09-05 14:27:56,833 [Worker-45: Building] INFO  o.e.m.c.i.e.AbstractTransferListenerAdapter - Downloading https://repo.maven.apache.org/maven2/com/google/protobuf/protobuf-javalite/3.25.3/protobuf-javalite-3.25.3.pom
2025-09-05 14:27:56,837 [Worker-45: Building] INFO  o.e.m.c.i.e.AbstractTransferListenerAdapter - Downloaded https://repo.maven.apache.org/maven2/com/google/protobuf/protobuf-javalite/3.25.3/protobuf-javalite-3.25.3.pom
2025-09-05 14:27:56,852 [Worker-45: Building] INFO  o.e.m.c.i.e.AbstractTransferListenerAdapter - Downloading https://repo.maven.apache.org/maven2/com/google/protobuf/protobuf-parent/3.25.3/protobuf-parent-3.25.3.pom
2025-09-05 14:27:56,858 [Worker-45: Building] INFO  o.e.m.c.i.e.AbstractTransferListenerAdapter - Downloaded https://repo.maven.apache.org/maven2/com/google/protobuf/protobuf-parent/3.25.3/protobuf-parent-3.25.3.pom
2025-09-05 14:27:56,876 [Worker-45: Building] INFO  o.e.m.c.i.e.AbstractTransferListenerAdapter - Downloading https://repo.maven.apache.org/maven2/com/google/protobuf/protobuf-bom/3.25.3/protobuf-bom-3.25.3.pom
2025-09-05 14:27:56,880 [Worker-45: Building] INFO  o.e.m.c.i.e.AbstractTransferListenerAdapter - Downloaded https://repo.maven.apache.org/maven2/com/google/protobuf/protobuf-bom/3.25.3/protobuf-bom-3.25.3.pom
2025-09-05 14:27:56,925 [Worker-45: Building] INFO  o.e.m.c.i.e.AbstractTransferListenerAdapter - Downloading https://repo.maven.apache.org/maven2/com/esaulpaugh/headlong/10.0.0/headlong-10.0.0.pom
2025-09-05 14:27:56,929 [Worker-45: Building] INFO  o.e.m.c.i.e.AbstractTransferListenerAdapter - Downloaded https://repo.maven.apache.org/maven2/com/esaulpaugh/headlong/10.0.0/headlong-10.0.0.pom
2025-09-05 14:27:56,944 [Worker-45: Building] INFO  o.e.m.c.i.e.AbstractTransferListenerAdapter - Downloading https://repo.maven.apache.org/maven2/io/grpc/grpc-inprocess/1.64.0/grpc-inprocess-1.64.0.pom
2025-09-05 14:27:56,948 [Worker-45: Building] INFO  o.e.m.c.i.e.AbstractTransferListenerAdapter - Downloaded https://repo.maven.apache.org/maven2/io/grpc/grpc-inprocess/1.64.0/grpc-inprocess-1.64.0.pom
2025-09-05 14:27:56,986 [Worker-45: Building] INFO  o.e.m.c.i.e.AbstractTransferListenerAdapter - Downloading https://repo.maven.apache.org/maven2/io/grpc/grpc-protobuf-lite/1.64.0/grpc-protobuf-lite-1.64.0.pom
2025-09-05 14:27:56,990 [Worker-45: Building] INFO  o.e.m.c.i.e.AbstractTransferListenerAdapter - Downloaded https://repo.maven.apache.org/maven2/io/grpc/grpc-protobuf-lite/1.64.0/grpc-protobuf-lite-1.64.0.pom
2025-09-05 14:27:57,005 [Worker-45: Building] INFO  o.e.m.c.i.e.AbstractTransferListenerAdapter - Downloading https://repo.maven.apache.org/maven2/com/google/protobuf/protobuf-javalite/3.25.1/protobuf-javalite-3.25.1.pom
2025-09-05 14:27:57,009 [Worker-45: Building] INFO  o.e.m.c.i.e.AbstractTransferListenerAdapter - Downloaded https://repo.maven.apache.org/maven2/com/google/protobuf/protobuf-javalite/3.25.1/protobuf-javalite-3.25.1.pom
2025-09-05 14:27:57,021 [Worker-45: Building] INFO  o.e.m.c.i.e.AbstractTransferListenerAdapter - Downloading https://repo.maven.apache.org/maven2/com/google/protobuf/protobuf-parent/3.25.1/protobuf-parent-3.25.1.pom
2025-09-05 14:27:57,025 [Worker-45: Building] INFO  o.e.m.c.i.e.AbstractTransferListenerAdapter - Downloaded https://repo.maven.apache.org/maven2/com/google/protobuf/protobuf-parent/3.25.1/protobuf-parent-3.25.1.pom
2025-09-05 14:27:57,039 [Worker-45: Building] INFO  o.e.m.c.i.e.AbstractTransferListenerAdapter - Downloading https://repo.maven.apache.org/maven2/com/google/protobuf/protobuf-bom/3.25.1/protobuf-bom-3.25.1.pom
2025-09-05 14:27:57,042 [Worker-45: Building] INFO  o.e.m.c.i.e.AbstractTransferListenerAdapter - Downloaded https://repo.maven.apache.org/maven2/com/google/protobuf/protobuf-bom/3.25.1/protobuf-bom-3.25.1.pom
2025-09-05 14:27:57,058 [Worker-45: Building] INFO  o.e.m.c.i.e.AbstractTransferListenerAdapter - Downloading https://repo.maven.apache.org/maven2/io/grpc/grpc-stub/1.64.0/grpc-stub-1.64.0.pom
2025-09-05 14:27:57,061 [Worker-45: Building] INFO  o.e.m.c.i.e.AbstractTransferListenerAdapter - Downloaded https://repo.maven.apache.org/maven2/io/grpc/grpc-stub/1.64.0/grpc-stub-1.64.0.pom
2025-09-05 14:27:57,076 [Worker-45: Building] INFO  o.e.m.c.i.e.AbstractTransferListenerAdapter - Downloading https://repo.maven.apache.org/maven2/org/bouncycastle/bcpkix-jdk18on/1.78.1/bcpkix-jdk18on-1.78.1.pom
2025-09-05 14:27:57,080 [Worker-45: Building] INFO  o.e.m.c.i.e.AbstractTransferListenerAdapter - Downloaded https://repo.maven.apache.org/maven2/org/bouncycastle/bcpkix-jdk18on/1.78.1/bcpkix-jdk18on-1.78.1.pom
2025-09-05 14:27:57,096 [Worker-45: Building] INFO  o.e.m.c.i.e.AbstractTransferListenerAdapter - Downloading https://repo.maven.apache.org/maven2/org/bouncycastle/bcprov-jdk18on/1.78.1/bcprov-jdk18on-1.78.1.pom
2025-09-05 14:27:57,099 [Worker-45: Building] INFO  o.e.m.c.i.e.AbstractTransferListenerAdapter - Downloaded https://repo.maven.apache.org/maven2/org/bouncycastle/bcprov-jdk18on/1.78.1/bcprov-jdk18on-1.78.1.pom
2025-09-05 14:27:57,113 [Worker-45: Building] INFO  o.e.m.c.i.e.AbstractTransferListenerAdapter - Downloading https://repo.maven.apache.org/maven2/org/bouncycastle/bcutil-jdk18on/1.78.1/bcutil-jdk18on-1.78.1.pom
2025-09-05 14:27:57,117 [Worker-45: Building] INFO  o.e.m.c.i.e.AbstractTransferListenerAdapter - Downloaded https://repo.maven.apache.org/maven2/org/bouncycastle/bcutil-jdk18on/1.78.1/bcutil-jdk18on-1.78.1.pom
2025-09-05 14:27:57,132 [Worker-45: Building] INFO  o.e.m.c.i.e.AbstractTransferListenerAdapter - Downloading https://repo.maven.apache.org/maven2/org/slf4j/slf4j-api/2.0.9/slf4j-api-2.0.9.pom
2025-09-05 14:27:57,135 [Worker-45: Building] INFO  o.e.m.c.i.e.AbstractTransferListenerAdapter - Downloaded https://repo.maven.apache.org/maven2/org/slf4j/slf4j-api/2.0.9/slf4j-api-2.0.9.pom
2025-09-05 14:27:57,150 [Worker-45: Building] INFO  o.e.m.c.i.e.AbstractTransferListenerAdapter - Downloading https://repo.maven.apache.org/maven2/org/slf4j/slf4j-parent/2.0.9/slf4j-parent-2.0.9.pom
2025-09-05 14:27:57,154 [Worker-45: Building] INFO  o.e.m.c.i.e.AbstractTransferListenerAdapter - Downloaded https://repo.maven.apache.org/maven2/org/slf4j/slf4j-parent/2.0.9/slf4j-parent-2.0.9.pom
2025-09-05 14:27:57,170 [Worker-45: Building] INFO  o.e.m.c.i.e.AbstractTransferListenerAdapter - Downloading https://repo.maven.apache.org/maven2/org/slf4j/slf4j-bom/2.0.9/slf4j-bom-2.0.9.pom
2025-09-05 14:27:57,174 [Worker-45: Building] INFO  o.e.m.c.i.e.AbstractTransferListenerAdapter - Downloaded https://repo.maven.apache.org/maven2/org/slf4j/slf4j-bom/2.0.9/slf4j-bom-2.0.9.pom
2025-09-05 14:27:57,321 [Worker-45: Building] INFO  o.e.m.c.i.e.AbstractTransferListenerAdapter - Downloading https://repo.maven.apache.org/maven2/com/hedera/hashgraph/sdk/2.37.0/sdk-2.37.0.jar
2025-09-05 14:27:59,435 [Worker-45: Building] INFO  o.e.m.c.i.e.AbstractTransferListenerAdapter - Downloaded https://repo.maven.apache.org/maven2/com/hedera/hashgraph/sdk/2.37.0/sdk-2.37.0.jar
2025-09-05 14:27:59,447 [BasicRepositoryConnector-repo.maven.apache.org-1-4] INFO  o.e.m.c.i.e.AbstractTransferListenerAdapter - Downloading https://repo.maven.apache.org/maven2/io/grpc/grpc-protobuf-lite/1.64.0/grpc-protobuf-lite-1.64.0.jar
2025-09-05 14:27:59,456 [BasicRepositoryConnector-repo.maven.apache.org-1-4] INFO  o.e.m.c.i.e.AbstractTransferListenerAdapter - Downloaded https://repo.maven.apache.org/maven2/io/grpc/grpc-protobuf-lite/1.64.0/grpc-protobuf-lite-1.64.0.jar
2025-09-05 14:27:59,470 [BasicRepositoryConnector-repo.maven.apache.org-1-4] INFO  o.e.m.c.i.e.AbstractTransferListenerAdapter - Downloading https://repo.maven.apache.org/maven2/io/grpc/grpc-stub/1.64.0/grpc-stub-1.64.0.jar
2025-09-05 14:27:59,474 [BasicRepositoryConnector-repo.maven.apache.org-1-3] INFO  o.e.m.c.i.e.AbstractTransferListenerAdapter - Downloading https://repo.maven.apache.org/maven2/io/grpc/grpc-inprocess/1.64.0/grpc-inprocess-1.64.0.jar
2025-09-05 14:27:59,480 [BasicRepositoryConnector-repo.maven.apache.org-1-1] INFO  o.e.m.c.i.e.AbstractTransferListenerAdapter - Downloading https://repo.maven.apache.org/maven2/com/google/errorprone/error_prone_annotations/2.21.1/error_prone_annotations-2.21.1.jar
2025-09-05 14:27:59,484 [BasicRepositoryConnector-repo.maven.apache.org-1-0] INFO  o.e.m.c.i.e.AbstractTransferListenerAdapter - Downloading https://repo.maven.apache.org/maven2/com/google/protobuf/protobuf-javalite/3.25.3/protobuf-javalite-3.25.3.jar
2025-09-05 14:27:59,486 [BasicRepositoryConnector-repo.maven.apache.org-1-2] INFO  o.e.m.c.i.e.AbstractTransferListenerAdapter - Downloading https://repo.maven.apache.org/maven2/com/esaulpaugh/headlong/10.0.0/headlong-10.0.0.jar
2025-09-05 14:27:59,488 [BasicRepositoryConnector-repo.maven.apache.org-1-3] INFO  o.e.m.c.i.e.AbstractTransferListenerAdapter - Downloaded https://repo.maven.apache.org/maven2/io/grpc/grpc-inprocess/1.64.0/grpc-inprocess-1.64.0.jar
2025-09-05 14:27:59,490 [BasicRepositoryConnector-repo.maven.apache.org-1-1] INFO  o.e.m.c.i.e.AbstractTransferListenerAdapter - Downloaded https://repo.maven.apache.org/maven2/com/google/errorprone/error_prone_annotations/2.21.1/error_prone_annotations-2.21.1.jar
2025-09-05 14:27:59,509 [BasicRepositoryConnector-repo.maven.apache.org-1-1] INFO  o.e.m.c.i.e.AbstractTransferListenerAdapter - Downloading https://repo.maven.apache.org/maven2/org/bouncycastle/bcutil-jdk18on/1.78.1/bcutil-jdk18on-1.78.1.jar
2025-09-05 14:27:59,522 [BasicRepositoryConnector-repo.maven.apache.org-1-3] INFO  o.e.m.c.i.e.AbstractTransferListenerAdapter - Downloading https://repo.maven.apache.org/maven2/org/bouncycastle/bcpkix-jdk18on/1.78.1/bcpkix-jdk18on-1.78.1.jar
2025-09-05 14:27:59,548 [BasicRepositoryConnector-repo.maven.apache.org-1-4] INFO  o.e.m.c.i.e.AbstractTransferListenerAdapter - Downloaded https://repo.maven.apache.org/maven2/io/grpc/grpc-stub/1.64.0/grpc-stub-1.64.0.jar
2025-09-05 14:27:59,574 [BasicRepositoryConnector-repo.maven.apache.org-1-4] INFO  o.e.m.c.i.e.AbstractTransferListenerAdapter - Downloading https://repo.maven.apache.org/maven2/org/bouncycastle/bcprov-jdk18on/1.78.1/bcprov-jdk18on-1.78.1.jar
2025-09-05 14:27:59,895 [BasicRepositoryConnector-repo.maven.apache.org-1-2] INFO  o.e.m.c.i.e.AbstractTransferListenerAdapter - Downloaded https://repo.maven.apache.org/maven2/com/esaulpaugh/headlong/10.0.0/headlong-10.0.0.jar
2025-09-05 14:27:59,907 [BasicRepositoryConnector-repo.maven.apache.org-1-2] INFO  o.e.m.c.i.e.AbstractTransferListenerAdapter - Downloading https://repo.maven.apache.org/maven2/org/slf4j/slf4j-api/2.0.9/slf4j-api-2.0.9.jar
2025-09-05 14:27:59,975 [BasicRepositoryConnector-repo.maven.apache.org-1-2] INFO  o.e.m.c.i.e.AbstractTransferListenerAdapter - Downloaded https://repo.maven.apache.org/maven2/org/slf4j/slf4j-api/2.0.9/slf4j-api-2.0.9.jar
2025-09-05 14:28:00,145 [BasicRepositoryConnector-repo.maven.apache.org-1-1] INFO  o.e.m.c.i.e.AbstractTransferListenerAdapter - Downloaded https://repo.maven.apache.org/maven2/org/bouncycastle/bcutil-jdk18on/1.78.1/bcutil-jdk18on-1.78.1.jar
2025-09-05 14:28:00,335 [BasicRepositoryConnector-repo.maven.apache.org-1-0] INFO  o.e.m.c.i.e.AbstractTransferListenerAdapter - Downloaded https://repo.maven.apache.org/maven2/com/google/protobuf/protobuf-javalite/3.25.3/protobuf-javalite-3.25.3.jar
2025-09-05 14:28:00,457 [BasicRepositoryConnector-repo.maven.apache.org-1-3] INFO  o.e.m.c.i.e.AbstractTransferListenerAdapter - Downloaded https://repo.maven.apache.org/maven2/org/bouncycastle/bcpkix-jdk18on/1.78.1/bcpkix-jdk18on-1.78.1.jar
2025-09-05 14:28:04,484 [BasicRepositoryConnector-repo.maven.apache.org-1-4] INFO  o.e.m.c.i.e.AbstractTransferListenerAdapter - Downloaded https://repo.maven.apache.org/maven2/org/bouncycastle/bcprov-jdk18on/1.78.1/bcprov-jdk18on-1.78.1.jar
2025-09-05 14:28:04,655 [Worker-45: Building] INFO  o.a.m.s.f.DefaultMavenResourcesFiltering - Copying 0 resource from src\main\resources to target\classes
2025-09-05 14:28:04,658 [Worker-45: Building] INFO  o.a.m.s.f.DefaultMavenResourcesFiltering - Copying 0 resource from src\test\resources to target\test-classes
2025-09-05 14:28:05,919 [Worker-35: Building] INFO  o.a.m.s.f.DefaultMavenResourcesFiltering - Copying 0 resource from src\main\resources to target\classes
2025-09-05 14:28:05,921 [Worker-35: Building] INFO  o.a.m.s.f.DefaultMavenResourcesFiltering - Copying 0 resource from src\test\resources to target\test-classes
2025-09-05 14:28:06,016 [Worker-39: Download sources and javadoc] INFO  o.e.m.c.i.e.AbstractTransferListenerAdapter - Downloading https://repo.maven.apache.org/maven2/com/hedera/hashgraph/sdk/2.37.0/sdk-2.37.0-sources.jar
2025-09-05 14:28:06,390 [Worker-39: Download sources and javadoc] INFO  o.e.m.c.i.e.AbstractTransferListenerAdapter - Downloaded https://repo.maven.apache.org/maven2/com/hedera/hashgraph/sdk/2.37.0/sdk-2.37.0-sources.jar
2025-09-05 14:28:06,395 [Worker-39: Download sources and javadoc] INFO  o.e.m.j.internal.DownloadSourcesJob - Downloaded sources for com.hedera.hashgraph:sdk:2.37.0
2025-09-05 14:28:06,461 [Worker-39: Download sources and javadoc] INFO  o.e.m.c.i.e.AbstractTransferListenerAdapter - Downloading https://repo.maven.apache.org/maven2/com/google/protobuf/protobuf-javalite/3.25.3/protobuf-javalite-3.25.3-sources.jar
2025-09-05 14:28:06,520 [Worker-39: Download sources and javadoc] INFO  o.e.m.c.i.e.AbstractTransferListenerAdapter - Downloaded https://repo.maven.apache.org/maven2/com/google/protobuf/protobuf-javalite/3.25.3/protobuf-javalite-3.25.3-sources.jar
2025-09-05 14:28:06,524 [Worker-39: Download sources and javadoc] INFO  o.e.m.j.internal.DownloadSourcesJob - Downloaded sources for com.google.protobuf:protobuf-javalite:3.25.3
2025-09-05 14:28:06,569 [Worker-39: Download sources and javadoc] INFO  o.e.m.c.i.e.AbstractTransferListenerAdapter - Downloading https://repo.maven.apache.org/maven2/com/google/errorprone/error_prone_annotations/2.21.1/error_prone_annotations-2.21.1-sources.jar
2025-09-05 14:28:06,579 [Worker-39: Download sources and javadoc] INFO  o.e.m.c.i.e.AbstractTransferListenerAdapter - Downloaded https://repo.maven.apache.org/maven2/com/google/errorprone/error_prone_annotations/2.21.1/error_prone_annotations-2.21.1-sources.jar
2025-09-05 14:28:06,583 [Worker-39: Download sources and javadoc] INFO  o.e.m.j.internal.DownloadSourcesJob - Downloaded sources for com.google.errorprone:error_prone_annotations:2.21.1
2025-09-05 14:28:06,898 [Worker-39: Download sources and javadoc] INFO  o.e.m.c.i.e.AbstractTransferListenerAdapter - Downloading https://repo.maven.apache.org/maven2/com/esaulpaugh/headlong/10.0.0/headlong-10.0.0-sources.jar
2025-09-05 14:28:06,933 [Worker-39: Download sources and javadoc] INFO  o.e.m.c.i.e.AbstractTransferListenerAdapter - Downloaded https://repo.maven.apache.org/maven2/com/esaulpaugh/headlong/10.0.0/headlong-10.0.0-sources.jar
2025-09-05 14:28:06,937 [Worker-39: Download sources and javadoc] INFO  o.e.m.j.internal.DownloadSourcesJob - Downloaded sources for com.esaulpaugh:headlong:10.0.0
2025-09-05 14:28:07,190 [Worker-39: Download sources and javadoc] INFO  o.e.m.c.i.e.AbstractTransferListenerAdapter - Downloading https://repo.maven.apache.org/maven2/io/grpc/grpc-inprocess/1.64.0/grpc-inprocess-1.64.0-sources.jar
2025-09-05 14:28:07,194 [Worker-39: Download sources and javadoc] INFO  o.e.m.c.i.e.AbstractTransferListenerAdapter - Downloaded https://repo.maven.apache.org/maven2/io/grpc/grpc-inprocess/1.64.0/grpc-inprocess-1.64.0-sources.jar
2025-09-05 14:28:07,196 [Worker-39: Download sources and javadoc] INFO  o.e.m.j.internal.DownloadSourcesJob - Downloaded sources for io.grpc:grpc-inprocess:1.64.0
2025-09-05 14:28:07,301 [Worker-39: Download sources and javadoc] INFO  o.e.m.c.i.e.AbstractTransferListenerAdapter - Downloading https://repo.maven.apache.org/maven2/io/grpc/grpc-protobuf-lite/1.64.0/grpc-protobuf-lite-1.64.0-sources.jar
2025-09-05 14:28:07,310 [Worker-39: Download sources and javadoc] INFO  o.e.m.c.i.e.AbstractTransferListenerAdapter - Downloaded https://repo.maven.apache.org/maven2/io/grpc/grpc-protobuf-lite/1.64.0/grpc-protobuf-lite-1.64.0-sources.jar
2025-09-05 14:28:07,313 [Worker-39: Download sources and javadoc] INFO  o.e.m.j.internal.DownloadSourcesJob - Downloaded sources for io.grpc:grpc-protobuf-lite:1.64.0
2025-09-05 14:28:07,358 [Worker-39: Download sources and javadoc] INFO  o.e.m.c.i.e.AbstractTransferListenerAdapter - Downloading https://repo.maven.apache.org/maven2/io/grpc/grpc-stub/1.64.0/grpc-stub-1.64.0-sources.jar
2025-09-05 14:28:07,370 [Worker-39: Download sources and javadoc] INFO  o.e.m.c.i.e.AbstractTransferListenerAdapter - Downloaded https://repo.maven.apache.org/maven2/io/grpc/grpc-stub/1.64.0/grpc-stub-1.64.0-sources.jar
2025-09-05 14:28:07,372 [Worker-39: Download sources and javadoc] INFO  o.e.m.j.internal.DownloadSourcesJob - Downloaded sources for io.grpc:grpc-stub:1.64.0
2025-09-05 14:28:07,409 [Worker-39: Download sources and javadoc] INFO  o.e.m.c.i.e.AbstractTransferListenerAdapter - Downloading https://repo.maven.apache.org/maven2/org/bouncycastle/bcpkix-jdk18on/1.78.1/bcpkix-jdk18on-1.78.1-sources.jar
2025-09-05 14:28:07,581 [Worker-39: Download sources and javadoc] INFO  o.e.m.c.i.e.AbstractTransferListenerAdapter - Downloaded https://repo.maven.apache.org/maven2/org/bouncycastle/bcpkix-jdk18on/1.78.1/bcpkix-jdk18on-1.78.1-sources.jar
2025-09-05 14:28:07,583 [Worker-39: Download sources and javadoc] INFO  o.e.m.j.internal.DownloadSourcesJob - Downloaded sources for org.bouncycastle:bcpkix-jdk18on:1.78.1
2025-09-05 14:28:07,648 [Worker-39: Download sources and javadoc] INFO  o.e.m.c.i.e.AbstractTransferListenerAdapter - Downloading https://repo.maven.apache.org/maven2/org/bouncycastle/bcutil-jdk18on/1.78.1/bcutil-jdk18on-1.78.1-sources.jar
2025-09-05 14:28:07,710 [Worker-39: Download sources and javadoc] INFO  o.e.m.c.i.e.AbstractTransferListenerAdapter - Downloaded https://repo.maven.apache.org/maven2/org/bouncycastle/bcutil-jdk18on/1.78.1/bcutil-jdk18on-1.78.1-sources.jar
2025-09-05 14:28:07,713 [Worker-39: Download sources and javadoc] INFO  o.e.m.j.internal.DownloadSourcesJob - Downloaded sources for org.bouncycastle:bcutil-jdk18on:1.78.1
2025-09-05 14:28:07,763 [Worker-39: Download sources and javadoc] INFO  o.e.m.c.i.e.AbstractTransferListenerAdapter - Downloading https://repo.maven.apache.org/maven2/org/bouncycastle/bcprov-jdk18on/1.78.1/bcprov-jdk18on-1.78.1-sources.jar
2025-09-05 14:28:08,695 [Worker-39: Download sources and javadoc] INFO  o.e.m.c.i.e.AbstractTransferListenerAdapter - Downloaded https://repo.maven.apache.org/maven2/org/bouncycastle/bcprov-jdk18on/1.78.1/bcprov-jdk18on-1.78.1-sources.jar
2025-09-05 14:28:08,698 [Worker-39: Download sources and javadoc] INFO  o.e.m.j.internal.DownloadSourcesJob - Downloaded sources for org.bouncycastle:bcprov-jdk18on:1.78.1
2025-09-05 14:28:08,737 [Worker-39: Download sources and javadoc] INFO  o.e.m.c.i.e.AbstractTransferListenerAdapter - Downloading https://repo.maven.apache.org/maven2/org/slf4j/slf4j-api/2.0.9/slf4j-api-2.0.9-sources.jar
2025-09-05 14:28:08,757 [Worker-39: Download sources and javadoc] INFO  o.e.m.c.i.e.AbstractTransferListenerAdapter - Downloaded https://repo.maven.apache.org/maven2/org/slf4j/slf4j-api/2.0.9/slf4j-api-2.0.9-sources.jar
2025-09-05 14:28:08,762 [Worker-39: Download sources and javadoc] INFO  o.e.m.j.internal.DownloadSourcesJob - Downloaded sources for org.slf4j:slf4j-api:2.0.9
2025-09-05 14:31:25,110 [Worker-40: Building] INFO  o.a.m.s.f.DefaultMavenResourcesFiltering - Copying 0 resource from src\main\resources to target\classes
2025-09-05 14:31:25,112 [Worker-40: Building] INFO  o.a.m.s.f.DefaultMavenResourcesFiltering - Copying 0 resource from src\test\resources to target\test-classes
2025-09-05 14:34:24,544 [Worker-35: Building] INFO  o.a.m.s.f.DefaultMavenResourcesFiltering - Copying 0 resource from src\main\resources to target\classes
2025-09-05 14:34:24,547 [Worker-35: Building] INFO  o.a.m.s.f.DefaultMavenResourcesFiltering - Copying 0 resource from src\test\resources to target\test-classes
2025-09-05 14:36:33,716 [Worker-60: Building] INFO  o.a.m.s.f.DefaultMavenResourcesFiltering - Copying 0 resource from src\main\resources to target\classes
2025-09-05 14:36:33,718 [Worker-60: Building] INFO  o.a.m.s.f.DefaultMavenResourcesFiltering - Copying 0 resource from src\test\resources to target\test-classes
2025-09-05 14:37:00,415 [Worker-64: Building] INFO  o.a.m.s.f.DefaultMavenResourcesFiltering - Copying 0 resource from src\main\resources to target\classes
2025-09-05 14:37:00,418 [Worker-64: Building] INFO  o.a.m.s.f.DefaultMavenResourcesFiltering - Copying 0 resource from src\test\resources to target\test-classes
2025-09-05 14:37:23,224 [main] INFO  o.e.m2e.actions.ExecutePomAction - Creating new launch configuration
2025-09-05 14:37:27,799 [Worker-67: Launching hedera-demo] INFO  o.eclipse.m2e.core.internal.Bundles - getClasspathEntries(Bundle=org.eclipse.m2e.maven.runtime_3.9.900.20240824-1409 [643])
2025-09-05 14:37:27,800 [Worker-67: Launching hedera-demo] INFO  o.eclipse.m2e.core.internal.Bundles - 	Entry: D:\study\JAVA\eclipse\plugins\org.eclipse.m2e.maven.runtime_3.9.900.20240824-1409
2025-09-05 14:37:27,800 [Worker-67: Launching hedera-demo] INFO  o.eclipse.m2e.core.internal.Bundles - 	Entry: D:\study\JAVA\eclipse\plugins\org.eclipse.m2e.maven.runtime_3.9.900.20240824-1409\jars\aopalliance-1.0.jar
2025-09-05 14:37:27,800 [Worker-67: Launching hedera-demo] INFO  o.eclipse.m2e.core.internal.Bundles - 	Entry: D:\study\JAVA\eclipse\plugins\org.eclipse.m2e.maven.runtime_3.9.900.20240824-1409\jars\guice-5.1.0.jar
2025-09-05 14:37:27,800 [Worker-67: Launching hedera-demo] INFO  o.eclipse.m2e.core.internal.Bundles - 	Entry: D:\study\JAVA\eclipse\plugins\org.eclipse.m2e.maven.runtime_3.9.900.20240824-1409\jars\httpclient-4.5.14.jar
2025-09-05 14:37:27,800 [Worker-67: Launching hedera-demo] INFO  o.eclipse.m2e.core.internal.Bundles - 	Entry: D:\study\JAVA\eclipse\plugins\org.eclipse.m2e.maven.runtime_3.9.900.20240824-1409\jars\httpcore-4.4.16.jar
2025-09-05 14:37:27,800 [Worker-67: Launching hedera-demo] INFO  o.eclipse.m2e.core.internal.Bundles - 	Entry: D:\study\JAVA\eclipse\plugins\org.eclipse.m2e.maven.runtime_3.9.900.20240824-1409\jars\jansi-2.4.1.jar
2025-09-05 14:37:27,801 [Worker-67: Launching hedera-demo] INFO  o.eclipse.m2e.core.internal.Bundles - 	Entry: D:\study\JAVA\eclipse\plugins\org.eclipse.m2e.maven.runtime_3.9.900.20240824-1409\jars\jcl-over-slf4j-1.7.36.jar
2025-09-05 14:37:27,801 [Worker-67: Launching hedera-demo] INFO  o.eclipse.m2e.core.internal.Bundles - 	Entry: D:\study\JAVA\eclipse\plugins\org.eclipse.m2e.maven.runtime_3.9.900.20240824-1409\jars\maven-artifact-3.9.9.jar
2025-09-05 14:37:27,801 [Worker-67: Launching hedera-demo] INFO  o.eclipse.m2e.core.internal.Bundles - 	Entry: D:\study\JAVA\eclipse\plugins\org.eclipse.m2e.maven.runtime_3.9.900.20240824-1409\jars\maven-builder-support-3.9.9.jar
2025-09-05 14:37:27,801 [Worker-67: Launching hedera-demo] INFO  o.eclipse.m2e.core.internal.Bundles - 	Entry: D:\study\JAVA\eclipse\plugins\org.eclipse.m2e.maven.runtime_3.9.900.20240824-1409\jars\maven-compat-3.9.9.jar
2025-09-05 14:37:27,801 [Worker-67: Launching hedera-demo] INFO  o.eclipse.m2e.core.internal.Bundles - 	Entry: D:\study\JAVA\eclipse\plugins\org.eclipse.m2e.maven.runtime_3.9.900.20240824-1409\jars\maven-core-3.9.9.jar
2025-09-05 14:37:27,801 [Worker-67: Launching hedera-demo] INFO  o.eclipse.m2e.core.internal.Bundles - 	Entry: D:\study\JAVA\eclipse\plugins\org.eclipse.m2e.maven.runtime_3.9.900.20240824-1409\jars\maven-embedder-3.9.9.jar
2025-09-05 14:37:27,801 [Worker-67: Launching hedera-demo] INFO  o.eclipse.m2e.core.internal.Bundles - 	Entry: D:\study\JAVA\eclipse\plugins\org.eclipse.m2e.maven.runtime_3.9.900.20240824-1409\jars\maven-model-3.9.9.jar
2025-09-05 14:37:27,801 [Worker-67: Launching hedera-demo] INFO  o.eclipse.m2e.core.internal.Bundles - 	Entry: D:\study\JAVA\eclipse\plugins\org.eclipse.m2e.maven.runtime_3.9.900.20240824-1409\jars\maven-model-builder-3.9.9.jar
2025-09-05 14:37:27,801 [Worker-67: Launching hedera-demo] INFO  o.eclipse.m2e.core.internal.Bundles - 	Entry: D:\study\JAVA\eclipse\plugins\org.eclipse.m2e.maven.runtime_3.9.900.20240824-1409\jars\maven-plugin-api-3.9.9.jar
2025-09-05 14:37:27,801 [Worker-67: Launching hedera-demo] INFO  o.eclipse.m2e.core.internal.Bundles - 	Entry: D:\study\JAVA\eclipse\plugins\org.eclipse.m2e.maven.runtime_3.9.900.20240824-1409\jars\maven-repository-metadata-3.9.9.jar
2025-09-05 14:37:27,801 [Worker-67: Launching hedera-demo] INFO  o.eclipse.m2e.core.internal.Bundles - 	Entry: D:\study\JAVA\eclipse\plugins\org.eclipse.m2e.maven.runtime_3.9.900.20240824-1409\jars\maven-resolver-api-1.9.22.jar
2025-09-05 14:37:27,801 [Worker-67: Launching hedera-demo] INFO  o.eclipse.m2e.core.internal.Bundles - 	Entry: D:\study\JAVA\eclipse\plugins\org.eclipse.m2e.maven.runtime_3.9.900.20240824-1409\jars\maven-resolver-connector-basic-1.9.22.jar
2025-09-05 14:37:27,801 [Worker-67: Launching hedera-demo] INFO  o.eclipse.m2e.core.internal.Bundles - 	Entry: D:\study\JAVA\eclipse\plugins\org.eclipse.m2e.maven.runtime_3.9.900.20240824-1409\jars\maven-resolver-impl-1.9.22.jar
2025-09-05 14:37:27,801 [Worker-67: Launching hedera-demo] INFO  o.eclipse.m2e.core.internal.Bundles - 	Entry: D:\study\JAVA\eclipse\plugins\org.eclipse.m2e.maven.runtime_3.9.900.20240824-1409\jars\maven-resolver-named-locks-1.9.22.jar
2025-09-05 14:37:27,801 [Worker-67: Launching hedera-demo] INFO  o.eclipse.m2e.core.internal.Bundles - 	Entry: D:\study\JAVA\eclipse\plugins\org.eclipse.m2e.maven.runtime_3.9.900.20240824-1409\jars\maven-resolver-provider-3.9.9.jar
2025-09-05 14:37:27,801 [Worker-67: Launching hedera-demo] INFO  o.eclipse.m2e.core.internal.Bundles - 	Entry: D:\study\JAVA\eclipse\plugins\org.eclipse.m2e.maven.runtime_3.9.900.20240824-1409\jars\maven-resolver-spi-1.9.22.jar
2025-09-05 14:37:27,801 [Worker-67: Launching hedera-demo] INFO  o.eclipse.m2e.core.internal.Bundles - 	Entry: D:\study\JAVA\eclipse\plugins\org.eclipse.m2e.maven.runtime_3.9.900.20240824-1409\jars\maven-resolver-transport-file-1.9.22.jar
2025-09-05 14:37:27,801 [Worker-67: Launching hedera-demo] INFO  o.eclipse.m2e.core.internal.Bundles - 	Entry: D:\study\JAVA\eclipse\plugins\org.eclipse.m2e.maven.runtime_3.9.900.20240824-1409\jars\maven-resolver-transport-http-1.9.22.jar
2025-09-05 14:37:27,801 [Worker-67: Launching hedera-demo] INFO  o.eclipse.m2e.core.internal.Bundles - 	Entry: D:\study\JAVA\eclipse\plugins\org.eclipse.m2e.maven.runtime_3.9.900.20240824-1409\jars\maven-resolver-transport-wagon-1.9.22.jar
2025-09-05 14:37:27,801 [Worker-67: Launching hedera-demo] INFO  o.eclipse.m2e.core.internal.Bundles - 	Entry: D:\study\JAVA\eclipse\plugins\org.eclipse.m2e.maven.runtime_3.9.900.20240824-1409\jars\maven-resolver-util-1.9.22.jar
2025-09-05 14:37:27,801 [Worker-67: Launching hedera-demo] INFO  o.eclipse.m2e.core.internal.Bundles - 	Entry: D:\study\JAVA\eclipse\plugins\org.eclipse.m2e.maven.runtime_3.9.900.20240824-1409\jars\maven-settings-3.9.9.jar
2025-09-05 14:37:27,801 [Worker-67: Launching hedera-demo] INFO  o.eclipse.m2e.core.internal.Bundles - 	Entry: D:\study\JAVA\eclipse\plugins\org.eclipse.m2e.maven.runtime_3.9.900.20240824-1409\jars\maven-settings-builder-3.9.9.jar
2025-09-05 14:37:27,801 [Worker-67: Launching hedera-demo] INFO  o.eclipse.m2e.core.internal.Bundles - 	Entry: D:\study\JAVA\eclipse\plugins\org.eclipse.m2e.maven.runtime_3.9.900.20240824-1409\jars\maven-shared-utils-3.4.2.jar
2025-09-05 14:37:27,801 [Worker-67: Launching hedera-demo] INFO  o.eclipse.m2e.core.internal.Bundles - 	Entry: D:\study\JAVA\eclipse\plugins\org.eclipse.m2e.maven.runtime_3.9.900.20240824-1409\jars\org.eclipse.sisu.inject-0.9.0.M3.jar
2025-09-05 14:37:27,801 [Worker-67: Launching hedera-demo] INFO  o.eclipse.m2e.core.internal.Bundles - 	Entry: D:\study\JAVA\eclipse\plugins\org.eclipse.m2e.maven.runtime_3.9.900.20240824-1409\jars\org.eclipse.sisu.plexus-0.9.0.M3.jar
2025-09-05 14:37:27,801 [Worker-67: Launching hedera-demo] INFO  o.eclipse.m2e.core.internal.Bundles - 	Entry: D:\study\JAVA\eclipse\plugins\org.eclipse.m2e.maven.runtime_3.9.900.20240824-1409\jars\plexus-build-api-0.0.7.jar
2025-09-05 14:37:27,801 [Worker-67: Launching hedera-demo] INFO  o.eclipse.m2e.core.internal.Bundles - 	Entry: D:\study\JAVA\eclipse\plugins\org.eclipse.m2e.maven.runtime_3.9.900.20240824-1409\jars\plexus-build-api-1.2.0.jar
2025-09-05 14:37:27,801 [Worker-67: Launching hedera-demo] INFO  o.eclipse.m2e.core.internal.Bundles - 	Entry: D:\study\JAVA\eclipse\plugins\org.eclipse.m2e.maven.runtime_3.9.900.20240824-1409\jars\plexus-cipher-2.0.jar
2025-09-05 14:37:27,801 [Worker-67: Launching hedera-demo] INFO  o.eclipse.m2e.core.internal.Bundles - 	Entry: D:\study\JAVA\eclipse\plugins\org.eclipse.m2e.maven.runtime_3.9.900.20240824-1409\jars\plexus-classworlds-2.8.0.jar
2025-09-05 14:37:27,801 [Worker-67: Launching hedera-demo] INFO  o.eclipse.m2e.core.internal.Bundles - 	Entry: D:\study\JAVA\eclipse\plugins\org.eclipse.m2e.maven.runtime_3.9.900.20240824-1409\jars\plexus-component-annotations-2.1.0.jar
2025-09-05 14:37:27,801 [Worker-67: Launching hedera-demo] INFO  o.eclipse.m2e.core.internal.Bundles - 	Entry: D:\study\JAVA\eclipse\plugins\org.eclipse.m2e.maven.runtime_3.9.900.20240824-1409\jars\plexus-interpolation-1.27.jar
2025-09-05 14:37:27,801 [Worker-67: Launching hedera-demo] INFO  o.eclipse.m2e.core.internal.Bundles - 	Entry: D:\study\JAVA\eclipse\plugins\org.eclipse.m2e.maven.runtime_3.9.900.20240824-1409\jars\plexus-sec-dispatcher-2.0.jar
2025-09-05 14:37:27,801 [Worker-67: Launching hedera-demo] INFO  o.eclipse.m2e.core.internal.Bundles - 	Entry: D:\study\JAVA\eclipse\plugins\org.eclipse.m2e.maven.runtime_3.9.900.20240824-1409\jars\plexus-utils-3.5.1.jar
2025-09-05 14:37:27,801 [Worker-67: Launching hedera-demo] INFO  o.eclipse.m2e.core.internal.Bundles - 	Entry: D:\study\JAVA\eclipse\plugins\org.eclipse.m2e.maven.runtime_3.9.900.20240824-1409\jars\plexus-xml-3.0.1.jar
2025-09-05 14:37:27,801 [Worker-67: Launching hedera-demo] INFO  o.eclipse.m2e.core.internal.Bundles - 	Entry: D:\study\JAVA\eclipse\plugins\org.eclipse.m2e.maven.runtime_3.9.900.20240824-1409\jars\wagon-file-3.5.3.jar
2025-09-05 14:37:27,801 [Worker-67: Launching hedera-demo] INFO  o.eclipse.m2e.core.internal.Bundles - 	Entry: D:\study\JAVA\eclipse\plugins\org.eclipse.m2e.maven.runtime_3.9.900.20240824-1409\jars\wagon-http-3.5.3.jar
2025-09-05 14:37:27,802 [Worker-67: Launching hedera-demo] INFO  o.eclipse.m2e.core.internal.Bundles - 	Entry: D:\study\JAVA\eclipse\plugins\org.eclipse.m2e.maven.runtime_3.9.900.20240824-1409\jars\wagon-http-shared-3.5.3.jar
2025-09-05 14:37:27,802 [Worker-67: Launching hedera-demo] INFO  o.eclipse.m2e.core.internal.Bundles - 	Entry: D:\study\JAVA\eclipse\plugins\org.eclipse.m2e.maven.runtime_3.9.900.20240824-1409\jars\wagon-provider-api-3.5.3.jar
2025-09-05 14:37:27,803 [Worker-67: Launching hedera-demo] INFO  o.eclipse.m2e.core.internal.Bundles - getClasspathEntries(Bundle=com.google.guava_33.3.0.jre [16])
2025-09-05 14:37:27,804 [Worker-67: Launching hedera-demo] INFO  o.eclipse.m2e.core.internal.Bundles - 	Entry: D:\study\JAVA\eclipse\plugins\com.google.guava_33.3.0.jre.jar
2025-09-05 14:37:27,804 [Worker-67: Launching hedera-demo] INFO  o.eclipse.m2e.core.internal.Bundles - getClasspathEntries(Bundle=slf4j.api_2.0.16 [1008])
2025-09-05 14:37:27,804 [Worker-67: Launching hedera-demo] INFO  o.eclipse.m2e.core.internal.Bundles - 	Entry: D:\study\JAVA\eclipse\plugins\slf4j.api_2.0.16.jar
2025-09-05 14:37:27,804 [Worker-67: Launching hedera-demo] INFO  o.eclipse.m2e.core.internal.Bundles - getClasspathEntries(Bundle=jakarta.inject.jakarta.inject-api_1.0.5 [34])
2025-09-05 14:37:27,804 [Worker-67: Launching hedera-demo] INFO  o.eclipse.m2e.core.internal.Bundles - 	Entry: D:\study\JAVA\eclipse\plugins\jakarta.inject.jakarta.inject-api_1.0.5.jar
2025-09-05 14:37:27,804 [Worker-67: Launching hedera-demo] INFO  o.eclipse.m2e.core.internal.Bundles - getClasspathEntries(Bundle=jakarta.annotation-api_1.3.5 [29])
2025-09-05 14:37:27,804 [Worker-67: Launching hedera-demo] INFO  o.eclipse.m2e.core.internal.Bundles - 	Entry: D:\study\JAVA\eclipse\plugins\jakarta.annotation-api_1.3.5.jar
2025-09-05 14:37:27,804 [Worker-67: Launching hedera-demo] INFO  o.eclipse.m2e.core.internal.Bundles - getClasspathEntries(Bundle=org.apache.commons.cli_1.9.0 [78])
2025-09-05 14:37:27,804 [Worker-67: Launching hedera-demo] INFO  o.eclipse.m2e.core.internal.Bundles - 	Entry: D:\study\JAVA\eclipse\plugins\org.apache.commons.cli_1.9.0.jar
2025-09-05 14:37:27,804 [Worker-67: Launching hedera-demo] INFO  o.eclipse.m2e.core.internal.Bundles - getClasspathEntries(Bundle=org.apache.commons.commons-codec_1.16.0 [81])
2025-09-05 14:37:27,805 [Worker-67: Launching hedera-demo] INFO  o.eclipse.m2e.core.internal.Bundles - 	Entry: D:\study\JAVA\eclipse\plugins\org.apache.commons.commons-codec_1.16.0.jar
2025-09-05 14:37:27,805 [Worker-67: Launching hedera-demo] INFO  o.eclipse.m2e.core.internal.Bundles - getClasspathEntries(Bundle=com.google.guava.failureaccess_1.0.2 [17])
2025-09-05 14:37:27,805 [Worker-67: Launching hedera-demo] INFO  o.eclipse.m2e.core.internal.Bundles - 	Entry: D:\study\JAVA\eclipse\plugins\com.google.guava.failureaccess_1.0.2.jar
2025-09-05 14:37:27,807 [Worker-67: Launching hedera-demo] INFO  o.e.m.i.launch.MavenLaunchDelegate - Run build in "D:\study\protocol\Java\hedera-demo":
2025-09-05 14:37:27,809 [Worker-67: Launching hedera-demo] INFO  o.e.m.i.launch.MavenLaunchDelegate -  mvn  -B -Dstyle.color=always compile
2025-09-05 14:38:17,903 [Worker-67: Building] INFO  o.a.m.s.f.DefaultMavenResourcesFiltering - Copying 0 resource from src\main\resources to target\classes
2025-09-05 14:38:17,904 [Worker-67: Building] INFO  o.a.m.s.f.DefaultMavenResourcesFiltering - Copying 0 resource from src\test\resources to target\test-classes
2025-09-05 14:38:25,046 [Worker-35: Building] INFO  o.a.m.s.f.DefaultMavenResourcesFiltering - Copying 0 resource from src\main\resources to target\classes
2025-09-05 14:38:25,048 [Worker-35: Building] INFO  o.a.m.s.f.DefaultMavenResourcesFiltering - Copying 0 resource from src\test\resources to target\test-classes
2025-09-05 14:40:12,685 [Worker-70: Building] INFO  o.e.m.c.i.l.LifecycleMappingFactory - Using org.eclipse.m2e.jdt.JarLifecycleMapping lifecycle mapping for MavenProject: com.shivam.hedera:hedera-demo:0.0.1-SNAPSHOT @ D:\study\protocol\Java\hedera-demo\pom.xml.
2025-09-05 14:40:12,988 [Worker-70: Building] INFO  o.a.m.s.f.DefaultMavenResourcesFiltering - Copying 0 resource from src\main\resources to target\classes
2025-09-05 14:40:12,994 [Worker-70: Building] INFO  o.a.m.s.f.DefaultMavenResourcesFiltering - Copying 0 resource from src\test\resources to target\test-classes
2025-09-05 14:40:14,328 [Worker-42: Building] INFO  o.a.m.s.f.DefaultMavenResourcesFiltering - Copying 0 resource from src\main\resources to target\classes
2025-09-05 14:40:14,329 [Worker-42: Building] INFO  o.a.m.s.f.DefaultMavenResourcesFiltering - Copying 0 resource from src\test\resources to target\test-classes
2025-09-05 14:40:25,569 [Worker-42: Building] INFO  o.a.m.s.f.DefaultMavenResourcesFiltering - Copying 0 resource from src\main\resources to target\classes
2025-09-05 14:40:25,570 [Worker-42: Building] INFO  o.a.m.s.f.DefaultMavenResourcesFiltering - Copying 0 resource from src\test\resources to target\test-classes
2025-09-05 14:42:53,529 [main] INFO  o.e.m2e.actions.ExecutePomAction - Creating new launch configuration
2025-09-05 14:42:59,469 [Worker-35: Launching hedera-demo (1)] INFO  o.eclipse.m2e.core.internal.Bundles - getClasspathEntries(Bundle=org.eclipse.m2e.maven.runtime_3.9.900.20240824-1409 [643])
2025-09-05 14:42:59,470 [Worker-35: Launching hedera-demo (1)] INFO  o.eclipse.m2e.core.internal.Bundles - 	Entry: D:\study\JAVA\eclipse\plugins\org.eclipse.m2e.maven.runtime_3.9.900.20240824-1409
2025-09-05 14:42:59,470 [Worker-35: Launching hedera-demo (1)] INFO  o.eclipse.m2e.core.internal.Bundles - 	Entry: D:\study\JAVA\eclipse\plugins\org.eclipse.m2e.maven.runtime_3.9.900.20240824-1409\jars\aopalliance-1.0.jar
2025-09-05 14:42:59,470 [Worker-35: Launching hedera-demo (1)] INFO  o.eclipse.m2e.core.internal.Bundles - 	Entry: D:\study\JAVA\eclipse\plugins\org.eclipse.m2e.maven.runtime_3.9.900.20240824-1409\jars\guice-5.1.0.jar
2025-09-05 14:42:59,470 [Worker-35: Launching hedera-demo (1)] INFO  o.eclipse.m2e.core.internal.Bundles - 	Entry: D:\study\JAVA\eclipse\plugins\org.eclipse.m2e.maven.runtime_3.9.900.20240824-1409\jars\httpclient-4.5.14.jar
2025-09-05 14:42:59,470 [Worker-35: Launching hedera-demo (1)] INFO  o.eclipse.m2e.core.internal.Bundles - 	Entry: D:\study\JAVA\eclipse\plugins\org.eclipse.m2e.maven.runtime_3.9.900.20240824-1409\jars\httpcore-4.4.16.jar
2025-09-05 14:42:59,470 [Worker-35: Launching hedera-demo (1)] INFO  o.eclipse.m2e.core.internal.Bundles - 	Entry: D:\study\JAVA\eclipse\plugins\org.eclipse.m2e.maven.runtime_3.9.900.20240824-1409\jars\jansi-2.4.1.jar
2025-09-05 14:42:59,470 [Worker-35: Launching hedera-demo (1)] INFO  o.eclipse.m2e.core.internal.Bundles - 	Entry: D:\study\JAVA\eclipse\plugins\org.eclipse.m2e.maven.runtime_3.9.900.20240824-1409\jars\jcl-over-slf4j-1.7.36.jar
2025-09-05 14:42:59,470 [Worker-35: Launching hedera-demo (1)] INFO  o.eclipse.m2e.core.internal.Bundles - 	Entry: D:\study\JAVA\eclipse\plugins\org.eclipse.m2e.maven.runtime_3.9.900.20240824-1409\jars\maven-artifact-3.9.9.jar
2025-09-05 14:42:59,470 [Worker-35: Launching hedera-demo (1)] INFO  o.eclipse.m2e.core.internal.Bundles - 	Entry: D:\study\JAVA\eclipse\plugins\org.eclipse.m2e.maven.runtime_3.9.900.20240824-1409\jars\maven-builder-support-3.9.9.jar
2025-09-05 14:42:59,470 [Worker-35: Launching hedera-demo (1)] INFO  o.eclipse.m2e.core.internal.Bundles - 	Entry: D:\study\JAVA\eclipse\plugins\org.eclipse.m2e.maven.runtime_3.9.900.20240824-1409\jars\maven-compat-3.9.9.jar
2025-09-05 14:42:59,470 [Worker-35: Launching hedera-demo (1)] INFO  o.eclipse.m2e.core.internal.Bundles - 	Entry: D:\study\JAVA\eclipse\plugins\org.eclipse.m2e.maven.runtime_3.9.900.20240824-1409\jars\maven-core-3.9.9.jar
2025-09-05 14:42:59,470 [Worker-35: Launching hedera-demo (1)] INFO  o.eclipse.m2e.core.internal.Bundles - 	Entry: D:\study\JAVA\eclipse\plugins\org.eclipse.m2e.maven.runtime_3.9.900.20240824-1409\jars\maven-embedder-3.9.9.jar
2025-09-05 14:42:59,470 [Worker-35: Launching hedera-demo (1)] INFO  o.eclipse.m2e.core.internal.Bundles - 	Entry: D:\study\JAVA\eclipse\plugins\org.eclipse.m2e.maven.runtime_3.9.900.20240824-1409\jars\maven-model-3.9.9.jar
2025-09-05 14:42:59,470 [Worker-35: Launching hedera-demo (1)] INFO  o.eclipse.m2e.core.internal.Bundles - 	Entry: D:\study\JAVA\eclipse\plugins\org.eclipse.m2e.maven.runtime_3.9.900.20240824-1409\jars\maven-model-builder-3.9.9.jar
2025-09-05 14:42:59,470 [Worker-35: Launching hedera-demo (1)] INFO  o.eclipse.m2e.core.internal.Bundles - 	Entry: D:\study\JAVA\eclipse\plugins\org.eclipse.m2e.maven.runtime_3.9.900.20240824-1409\jars\maven-plugin-api-3.9.9.jar
2025-09-05 14:42:59,470 [Worker-35: Launching hedera-demo (1)] INFO  o.eclipse.m2e.core.internal.Bundles - 	Entry: D:\study\JAVA\eclipse\plugins\org.eclipse.m2e.maven.runtime_3.9.900.20240824-1409\jars\maven-repository-metadata-3.9.9.jar
2025-09-05 14:42:59,471 [Worker-35: Launching hedera-demo (1)] INFO  o.eclipse.m2e.core.internal.Bundles - 	Entry: D:\study\JAVA\eclipse\plugins\org.eclipse.m2e.maven.runtime_3.9.900.20240824-1409\jars\maven-resolver-api-1.9.22.jar
2025-09-05 14:42:59,471 [Worker-35: Launching hedera-demo (1)] INFO  o.eclipse.m2e.core.internal.Bundles - 	Entry: D:\study\JAVA\eclipse\plugins\org.eclipse.m2e.maven.runtime_3.9.900.20240824-1409\jars\maven-resolver-connector-basic-1.9.22.jar
2025-09-05 14:42:59,471 [Worker-35: Launching hedera-demo (1)] INFO  o.eclipse.m2e.core.internal.Bundles - 	Entry: D:\study\JAVA\eclipse\plugins\org.eclipse.m2e.maven.runtime_3.9.900.20240824-1409\jars\maven-resolver-impl-1.9.22.jar
2025-09-05 14:42:59,471 [Worker-35: Launching hedera-demo (1)] INFO  o.eclipse.m2e.core.internal.Bundles - 	Entry: D:\study\JAVA\eclipse\plugins\org.eclipse.m2e.maven.runtime_3.9.900.20240824-1409\jars\maven-resolver-named-locks-1.9.22.jar
2025-09-05 14:42:59,471 [Worker-35: Launching hedera-demo (1)] INFO  o.eclipse.m2e.core.internal.Bundles - 	Entry: D:\study\JAVA\eclipse\plugins\org.eclipse.m2e.maven.runtime_3.9.900.20240824-1409\jars\maven-resolver-provider-3.9.9.jar
2025-09-05 14:42:59,471 [Worker-35: Launching hedera-demo (1)] INFO  o.eclipse.m2e.core.internal.Bundles - 	Entry: D:\study\JAVA\eclipse\plugins\org.eclipse.m2e.maven.runtime_3.9.900.20240824-1409\jars\maven-resolver-spi-1.9.22.jar
2025-09-05 14:42:59,471 [Worker-35: Launching hedera-demo (1)] INFO  o.eclipse.m2e.core.internal.Bundles - 	Entry: D:\study\JAVA\eclipse\plugins\org.eclipse.m2e.maven.runtime_3.9.900.20240824-1409\jars\maven-resolver-transport-file-1.9.22.jar
2025-09-05 14:42:59,471 [Worker-35: Launching hedera-demo (1)] INFO  o.eclipse.m2e.core.internal.Bundles - 	Entry: D:\study\JAVA\eclipse\plugins\org.eclipse.m2e.maven.runtime_3.9.900.20240824-1409\jars\maven-resolver-transport-http-1.9.22.jar
2025-09-05 14:42:59,471 [Worker-35: Launching hedera-demo (1)] INFO  o.eclipse.m2e.core.internal.Bundles - 	Entry: D:\study\JAVA\eclipse\plugins\org.eclipse.m2e.maven.runtime_3.9.900.20240824-1409\jars\maven-resolver-transport-wagon-1.9.22.jar
2025-09-05 14:42:59,471 [Worker-35: Launching hedera-demo (1)] INFO  o.eclipse.m2e.core.internal.Bundles - 	Entry: D:\study\JAVA\eclipse\plugins\org.eclipse.m2e.maven.runtime_3.9.900.20240824-1409\jars\maven-resolver-util-1.9.22.jar
2025-09-05 14:42:59,471 [Worker-35: Launching hedera-demo (1)] INFO  o.eclipse.m2e.core.internal.Bundles - 	Entry: D:\study\JAVA\eclipse\plugins\org.eclipse.m2e.maven.runtime_3.9.900.20240824-1409\jars\maven-settings-3.9.9.jar
2025-09-05 14:42:59,471 [Worker-35: Launching hedera-demo (1)] INFO  o.eclipse.m2e.core.internal.Bundles - 	Entry: D:\study\JAVA\eclipse\plugins\org.eclipse.m2e.maven.runtime_3.9.900.20240824-1409\jars\maven-settings-builder-3.9.9.jar
2025-09-05 14:42:59,471 [Worker-35: Launching hedera-demo (1)] INFO  o.eclipse.m2e.core.internal.Bundles - 	Entry: D:\study\JAVA\eclipse\plugins\org.eclipse.m2e.maven.runtime_3.9.900.20240824-1409\jars\maven-shared-utils-3.4.2.jar
2025-09-05 14:42:59,471 [Worker-35: Launching hedera-demo (1)] INFO  o.eclipse.m2e.core.internal.Bundles - 	Entry: D:\study\JAVA\eclipse\plugins\org.eclipse.m2e.maven.runtime_3.9.900.20240824-1409\jars\org.eclipse.sisu.inject-0.9.0.M3.jar
2025-09-05 14:42:59,472 [Worker-35: Launching hedera-demo (1)] INFO  o.eclipse.m2e.core.internal.Bundles - 	Entry: D:\study\JAVA\eclipse\plugins\org.eclipse.m2e.maven.runtime_3.9.900.20240824-1409\jars\org.eclipse.sisu.plexus-0.9.0.M3.jar
2025-09-05 14:42:59,472 [Worker-35: Launching hedera-demo (1)] INFO  o.eclipse.m2e.core.internal.Bundles - 	Entry: D:\study\JAVA\eclipse\plugins\org.eclipse.m2e.maven.runtime_3.9.900.20240824-1409\jars\plexus-build-api-0.0.7.jar
2025-09-05 14:42:59,472 [Worker-35: Launching hedera-demo (1)] INFO  o.eclipse.m2e.core.internal.Bundles - 	Entry: D:\study\JAVA\eclipse\plugins\org.eclipse.m2e.maven.runtime_3.9.900.20240824-1409\jars\plexus-build-api-1.2.0.jar
2025-09-05 14:42:59,472 [Worker-35: Launching hedera-demo (1)] INFO  o.eclipse.m2e.core.internal.Bundles - 	Entry: D:\study\JAVA\eclipse\plugins\org.eclipse.m2e.maven.runtime_3.9.900.20240824-1409\jars\plexus-cipher-2.0.jar
2025-09-05 14:42:59,472 [Worker-35: Launching hedera-demo (1)] INFO  o.eclipse.m2e.core.internal.Bundles - 	Entry: D:\study\JAVA\eclipse\plugins\org.eclipse.m2e.maven.runtime_3.9.900.20240824-1409\jars\plexus-classworlds-2.8.0.jar
2025-09-05 14:42:59,472 [Worker-35: Launching hedera-demo (1)] INFO  o.eclipse.m2e.core.internal.Bundles - 	Entry: D:\study\JAVA\eclipse\plugins\org.eclipse.m2e.maven.runtime_3.9.900.20240824-1409\jars\plexus-component-annotations-2.1.0.jar
2025-09-05 14:42:59,472 [Worker-35: Launching hedera-demo (1)] INFO  o.eclipse.m2e.core.internal.Bundles - 	Entry: D:\study\JAVA\eclipse\plugins\org.eclipse.m2e.maven.runtime_3.9.900.20240824-1409\jars\plexus-interpolation-1.27.jar
2025-09-05 14:42:59,472 [Worker-35: Launching hedera-demo (1)] INFO  o.eclipse.m2e.core.internal.Bundles - 	Entry: D:\study\JAVA\eclipse\plugins\org.eclipse.m2e.maven.runtime_3.9.900.20240824-1409\jars\plexus-sec-dispatcher-2.0.jar
2025-09-05 14:42:59,472 [Worker-35: Launching hedera-demo (1)] INFO  o.eclipse.m2e.core.internal.Bundles - 	Entry: D:\study\JAVA\eclipse\plugins\org.eclipse.m2e.maven.runtime_3.9.900.20240824-1409\jars\plexus-utils-3.5.1.jar
2025-09-05 14:42:59,472 [Worker-35: Launching hedera-demo (1)] INFO  o.eclipse.m2e.core.internal.Bundles - 	Entry: D:\study\JAVA\eclipse\plugins\org.eclipse.m2e.maven.runtime_3.9.900.20240824-1409\jars\plexus-xml-3.0.1.jar
2025-09-05 14:42:59,472 [Worker-35: Launching hedera-demo (1)] INFO  o.eclipse.m2e.core.internal.Bundles - 	Entry: D:\study\JAVA\eclipse\plugins\org.eclipse.m2e.maven.runtime_3.9.900.20240824-1409\jars\wagon-file-3.5.3.jar
2025-09-05 14:42:59,472 [Worker-35: Launching hedera-demo (1)] INFO  o.eclipse.m2e.core.internal.Bundles - 	Entry: D:\study\JAVA\eclipse\plugins\org.eclipse.m2e.maven.runtime_3.9.900.20240824-1409\jars\wagon-http-3.5.3.jar
2025-09-05 14:42:59,472 [Worker-35: Launching hedera-demo (1)] INFO  o.eclipse.m2e.core.internal.Bundles - 	Entry: D:\study\JAVA\eclipse\plugins\org.eclipse.m2e.maven.runtime_3.9.900.20240824-1409\jars\wagon-http-shared-3.5.3.jar
2025-09-05 14:42:59,472 [Worker-35: Launching hedera-demo (1)] INFO  o.eclipse.m2e.core.internal.Bundles - 	Entry: D:\study\JAVA\eclipse\plugins\org.eclipse.m2e.maven.runtime_3.9.900.20240824-1409\jars\wagon-provider-api-3.5.3.jar
2025-09-05 14:42:59,472 [Worker-35: Launching hedera-demo (1)] INFO  o.eclipse.m2e.core.internal.Bundles - getClasspathEntries(Bundle=com.google.guava_33.3.0.jre [16])
2025-09-05 14:42:59,473 [Worker-35: Launching hedera-demo (1)] INFO  o.eclipse.m2e.core.internal.Bundles - 	Entry: D:\study\JAVA\eclipse\plugins\com.google.guava_33.3.0.jre.jar
2025-09-05 14:42:59,473 [Worker-35: Launching hedera-demo (1)] INFO  o.eclipse.m2e.core.internal.Bundles - getClasspathEntries(Bundle=slf4j.api_2.0.16 [1008])
2025-09-05 14:42:59,473 [Worker-35: Launching hedera-demo (1)] INFO  o.eclipse.m2e.core.internal.Bundles - 	Entry: D:\study\JAVA\eclipse\plugins\slf4j.api_2.0.16.jar
2025-09-05 14:42:59,473 [Worker-35: Launching hedera-demo (1)] INFO  o.eclipse.m2e.core.internal.Bundles - getClasspathEntries(Bundle=jakarta.inject.jakarta.inject-api_1.0.5 [34])
2025-09-05 14:42:59,473 [Worker-35: Launching hedera-demo (1)] INFO  o.eclipse.m2e.core.internal.Bundles - 	Entry: D:\study\JAVA\eclipse\plugins\jakarta.inject.jakarta.inject-api_1.0.5.jar
2025-09-05 14:42:59,473 [Worker-35: Launching hedera-demo (1)] INFO  o.eclipse.m2e.core.internal.Bundles - getClasspathEntries(Bundle=jakarta.annotation-api_1.3.5 [29])
2025-09-05 14:42:59,473 [Worker-35: Launching hedera-demo (1)] INFO  o.eclipse.m2e.core.internal.Bundles - 	Entry: D:\study\JAVA\eclipse\plugins\jakarta.annotation-api_1.3.5.jar
2025-09-05 14:42:59,473 [Worker-35: Launching hedera-demo (1)] INFO  o.eclipse.m2e.core.internal.Bundles - getClasspathEntries(Bundle=org.apache.commons.cli_1.9.0 [78])
2025-09-05 14:42:59,473 [Worker-35: Launching hedera-demo (1)] INFO  o.eclipse.m2e.core.internal.Bundles - 	Entry: D:\study\JAVA\eclipse\plugins\org.apache.commons.cli_1.9.0.jar
2025-09-05 14:42:59,473 [Worker-35: Launching hedera-demo (1)] INFO  o.eclipse.m2e.core.internal.Bundles - getClasspathEntries(Bundle=org.apache.commons.commons-codec_1.16.0 [81])
2025-09-05 14:42:59,473 [Worker-35: Launching hedera-demo (1)] INFO  o.eclipse.m2e.core.internal.Bundles - 	Entry: D:\study\JAVA\eclipse\plugins\org.apache.commons.commons-codec_1.16.0.jar
2025-09-05 14:42:59,473 [Worker-35: Launching hedera-demo (1)] INFO  o.eclipse.m2e.core.internal.Bundles - getClasspathEntries(Bundle=com.google.guava.failureaccess_1.0.2 [17])
2025-09-05 14:42:59,474 [Worker-35: Launching hedera-demo (1)] INFO  o.eclipse.m2e.core.internal.Bundles - 	Entry: D:\study\JAVA\eclipse\plugins\com.google.guava.failureaccess_1.0.2.jar
2025-09-05 14:42:59,474 [Worker-35: Launching hedera-demo (1)] INFO  o.e.m.i.launch.MavenLaunchDelegate - Run build in "D:\study\protocol\Java\hedera-demo":
2025-09-05 14:42:59,474 [Worker-35: Launching hedera-demo (1)] INFO  o.e.m.i.launch.MavenLaunchDelegate -  mvn  -B -Dstyle.color=always compile
2025-09-05 14:44:22,462 [Worker-42: Building] INFO  o.a.m.s.f.DefaultMavenResourcesFiltering - Copying 0 resource from src\main\resources to target\classes
2025-09-05 14:44:22,464 [Worker-42: Building] INFO  o.a.m.s.f.DefaultMavenResourcesFiltering - Copying 0 resource from src\test\resources to target\test-classes
2025-09-05 14:45:04,065 [Worker-74: Building] INFO  o.e.m.c.i.l.LifecycleMappingFactory - Using org.eclipse.m2e.jdt.JarLifecycleMapping lifecycle mapping for MavenProject: com.shivam.hedera:hedera-demo:0.0.1-SNAPSHOT @ D:\study\protocol\Java\hedera-demo\pom.xml.
2025-09-05 14:45:04,361 [Worker-74: Building] INFO  o.a.m.s.f.DefaultMavenResourcesFiltering - Copying 0 resource from src\main\resources to target\classes
2025-09-05 14:45:04,364 [Worker-74: Building] INFO  o.a.m.s.f.DefaultMavenResourcesFiltering - Copying 0 resource from src\test\resources to target\test-classes
2025-09-05 14:45:05,671 [Worker-74: Building] INFO  o.a.m.s.f.DefaultMavenResourcesFiltering - Copying 0 resource from src\main\resources to target\classes
2025-09-05 14:45:05,673 [Worker-74: Building] INFO  o.a.m.s.f.DefaultMavenResourcesFiltering - Copying 0 resource from src\test\resources to target\test-classes
2025-09-05 14:45:11,280 [Worker-35: Launching hedera-demo] INFO  o.eclipse.m2e.core.internal.Bundles - getClasspathEntries(Bundle=org.eclipse.m2e.maven.runtime_3.9.900.20240824-1409 [643])
2025-09-05 14:45:11,280 [Worker-35: Launching hedera-demo] INFO  o.eclipse.m2e.core.internal.Bundles - 	Entry: D:\study\JAVA\eclipse\plugins\org.eclipse.m2e.maven.runtime_3.9.900.20240824-1409
2025-09-05 14:45:11,280 [Worker-35: Launching hedera-demo] INFO  o.eclipse.m2e.core.internal.Bundles - 	Entry: D:\study\JAVA\eclipse\plugins\org.eclipse.m2e.maven.runtime_3.9.900.20240824-1409\jars\aopalliance-1.0.jar
2025-09-05 14:45:11,281 [Worker-35: Launching hedera-demo] INFO  o.eclipse.m2e.core.internal.Bundles - 	Entry: D:\study\JAVA\eclipse\plugins\org.eclipse.m2e.maven.runtime_3.9.900.20240824-1409\jars\guice-5.1.0.jar
2025-09-05 14:45:11,281 [Worker-35: Launching hedera-demo] INFO  o.eclipse.m2e.core.internal.Bundles - 	Entry: D:\study\JAVA\eclipse\plugins\org.eclipse.m2e.maven.runtime_3.9.900.20240824-1409\jars\httpclient-4.5.14.jar
2025-09-05 14:45:11,281 [Worker-35: Launching hedera-demo] INFO  o.eclipse.m2e.core.internal.Bundles - 	Entry: D:\study\JAVA\eclipse\plugins\org.eclipse.m2e.maven.runtime_3.9.900.20240824-1409\jars\httpcore-4.4.16.jar
2025-09-05 14:45:11,281 [Worker-35: Launching hedera-demo] INFO  o.eclipse.m2e.core.internal.Bundles - 	Entry: D:\study\JAVA\eclipse\plugins\org.eclipse.m2e.maven.runtime_3.9.900.20240824-1409\jars\jansi-2.4.1.jar
2025-09-05 14:45:11,281 [Worker-35: Launching hedera-demo] INFO  o.eclipse.m2e.core.internal.Bundles - 	Entry: D:\study\JAVA\eclipse\plugins\org.eclipse.m2e.maven.runtime_3.9.900.20240824-1409\jars\jcl-over-slf4j-1.7.36.jar
2025-09-05 14:45:11,281 [Worker-35: Launching hedera-demo] INFO  o.eclipse.m2e.core.internal.Bundles - 	Entry: D:\study\JAVA\eclipse\plugins\org.eclipse.m2e.maven.runtime_3.9.900.20240824-1409\jars\maven-artifact-3.9.9.jar
2025-09-05 14:45:11,281 [Worker-35: Launching hedera-demo] INFO  o.eclipse.m2e.core.internal.Bundles - 	Entry: D:\study\JAVA\eclipse\plugins\org.eclipse.m2e.maven.runtime_3.9.900.20240824-1409\jars\maven-builder-support-3.9.9.jar
2025-09-05 14:45:11,281 [Worker-35: Launching hedera-demo] INFO  o.eclipse.m2e.core.internal.Bundles - 	Entry: D:\study\JAVA\eclipse\plugins\org.eclipse.m2e.maven.runtime_3.9.900.20240824-1409\jars\maven-compat-3.9.9.jar
2025-09-05 14:45:11,281 [Worker-35: Launching hedera-demo] INFO  o.eclipse.m2e.core.internal.Bundles - 	Entry: D:\study\JAVA\eclipse\plugins\org.eclipse.m2e.maven.runtime_3.9.900.20240824-1409\jars\maven-core-3.9.9.jar
2025-09-05 14:45:11,281 [Worker-35: Launching hedera-demo] INFO  o.eclipse.m2e.core.internal.Bundles - 	Entry: D:\study\JAVA\eclipse\plugins\org.eclipse.m2e.maven.runtime_3.9.900.20240824-1409\jars\maven-embedder-3.9.9.jar
2025-09-05 14:45:11,281 [Worker-35: Launching hedera-demo] INFO  o.eclipse.m2e.core.internal.Bundles - 	Entry: D:\study\JAVA\eclipse\plugins\org.eclipse.m2e.maven.runtime_3.9.900.20240824-1409\jars\maven-model-3.9.9.jar
2025-09-05 14:45:11,281 [Worker-35: Launching hedera-demo] INFO  o.eclipse.m2e.core.internal.Bundles - 	Entry: D:\study\JAVA\eclipse\plugins\org.eclipse.m2e.maven.runtime_3.9.900.20240824-1409\jars\maven-model-builder-3.9.9.jar
2025-09-05 14:45:11,281 [Worker-35: Launching hedera-demo] INFO  o.eclipse.m2e.core.internal.Bundles - 	Entry: D:\study\JAVA\eclipse\plugins\org.eclipse.m2e.maven.runtime_3.9.900.20240824-1409\jars\maven-plugin-api-3.9.9.jar
2025-09-05 14:45:11,281 [Worker-35: Launching hedera-demo] INFO  o.eclipse.m2e.core.internal.Bundles - 	Entry: D:\study\JAVA\eclipse\plugins\org.eclipse.m2e.maven.runtime_3.9.900.20240824-1409\jars\maven-repository-metadata-3.9.9.jar
2025-09-05 14:45:11,281 [Worker-35: Launching hedera-demo] INFO  o.eclipse.m2e.core.internal.Bundles - 	Entry: D:\study\JAVA\eclipse\plugins\org.eclipse.m2e.maven.runtime_3.9.900.20240824-1409\jars\maven-resolver-api-1.9.22.jar
2025-09-05 14:45:11,281 [Worker-35: Launching hedera-demo] INFO  o.eclipse.m2e.core.internal.Bundles - 	Entry: D:\study\JAVA\eclipse\plugins\org.eclipse.m2e.maven.runtime_3.9.900.20240824-1409\jars\maven-resolver-connector-basic-1.9.22.jar
2025-09-05 14:45:11,281 [Worker-35: Launching hedera-demo] INFO  o.eclipse.m2e.core.internal.Bundles - 	Entry: D:\study\JAVA\eclipse\plugins\org.eclipse.m2e.maven.runtime_3.9.900.20240824-1409\jars\maven-resolver-impl-1.9.22.jar
2025-09-05 14:45:11,281 [Worker-35: Launching hedera-demo] INFO  o.eclipse.m2e.core.internal.Bundles - 	Entry: D:\study\JAVA\eclipse\plugins\org.eclipse.m2e.maven.runtime_3.9.900.20240824-1409\jars\maven-resolver-named-locks-1.9.22.jar
2025-09-05 14:45:11,281 [Worker-35: Launching hedera-demo] INFO  o.eclipse.m2e.core.internal.Bundles - 	Entry: D:\study\JAVA\eclipse\plugins\org.eclipse.m2e.maven.runtime_3.9.900.20240824-1409\jars\maven-resolver-provider-3.9.9.jar
2025-09-05 14:45:11,281 [Worker-35: Launching hedera-demo] INFO  o.eclipse.m2e.core.internal.Bundles - 	Entry: D:\study\JAVA\eclipse\plugins\org.eclipse.m2e.maven.runtime_3.9.900.20240824-1409\jars\maven-resolver-spi-1.9.22.jar
2025-09-05 14:45:11,281 [Worker-35: Launching hedera-demo] INFO  o.eclipse.m2e.core.internal.Bundles - 	Entry: D:\study\JAVA\eclipse\plugins\org.eclipse.m2e.maven.runtime_3.9.900.20240824-1409\jars\maven-resolver-transport-file-1.9.22.jar
2025-09-05 14:45:11,281 [Worker-35: Launching hedera-demo] INFO  o.eclipse.m2e.core.internal.Bundles - 	Entry: D:\study\JAVA\eclipse\plugins\org.eclipse.m2e.maven.runtime_3.9.900.20240824-1409\jars\maven-resolver-transport-http-1.9.22.jar
2025-09-05 14:45:11,281 [Worker-35: Launching hedera-demo] INFO  o.eclipse.m2e.core.internal.Bundles - 	Entry: D:\study\JAVA\eclipse\plugins\org.eclipse.m2e.maven.runtime_3.9.900.20240824-1409\jars\maven-resolver-transport-wagon-1.9.22.jar
2025-09-05 14:45:11,281 [Worker-35: Launching hedera-demo] INFO  o.eclipse.m2e.core.internal.Bundles - 	Entry: D:\study\JAVA\eclipse\plugins\org.eclipse.m2e.maven.runtime_3.9.900.20240824-1409\jars\maven-resolver-util-1.9.22.jar
2025-09-05 14:45:11,281 [Worker-35: Launching hedera-demo] INFO  o.eclipse.m2e.core.internal.Bundles - 	Entry: D:\study\JAVA\eclipse\plugins\org.eclipse.m2e.maven.runtime_3.9.900.20240824-1409\jars\maven-settings-3.9.9.jar
2025-09-05 14:45:11,281 [Worker-35: Launching hedera-demo] INFO  o.eclipse.m2e.core.internal.Bundles - 	Entry: D:\study\JAVA\eclipse\plugins\org.eclipse.m2e.maven.runtime_3.9.900.20240824-1409\jars\maven-settings-builder-3.9.9.jar
2025-09-05 14:45:11,281 [Worker-35: Launching hedera-demo] INFO  o.eclipse.m2e.core.internal.Bundles - 	Entry: D:\study\JAVA\eclipse\plugins\org.eclipse.m2e.maven.runtime_3.9.900.20240824-1409\jars\maven-shared-utils-3.4.2.jar
2025-09-05 14:45:11,281 [Worker-35: Launching hedera-demo] INFO  o.eclipse.m2e.core.internal.Bundles - 	Entry: D:\study\JAVA\eclipse\plugins\org.eclipse.m2e.maven.runtime_3.9.900.20240824-1409\jars\org.eclipse.sisu.inject-0.9.0.M3.jar
2025-09-05 14:45:11,281 [Worker-35: Launching hedera-demo] INFO  o.eclipse.m2e.core.internal.Bundles - 	Entry: D:\study\JAVA\eclipse\plugins\org.eclipse.m2e.maven.runtime_3.9.900.20240824-1409\jars\org.eclipse.sisu.plexus-0.9.0.M3.jar
2025-09-05 14:45:11,281 [Worker-35: Launching hedera-demo] INFO  o.eclipse.m2e.core.internal.Bundles - 	Entry: D:\study\JAVA\eclipse\plugins\org.eclipse.m2e.maven.runtime_3.9.900.20240824-1409\jars\plexus-build-api-0.0.7.jar
2025-09-05 14:45:11,281 [Worker-35: Launching hedera-demo] INFO  o.eclipse.m2e.core.internal.Bundles - 	Entry: D:\study\JAVA\eclipse\plugins\org.eclipse.m2e.maven.runtime_3.9.900.20240824-1409\jars\plexus-build-api-1.2.0.jar
2025-09-05 14:45:11,281 [Worker-35: Launching hedera-demo] INFO  o.eclipse.m2e.core.internal.Bundles - 	Entry: D:\study\JAVA\eclipse\plugins\org.eclipse.m2e.maven.runtime_3.9.900.20240824-1409\jars\plexus-cipher-2.0.jar
2025-09-05 14:45:11,281 [Worker-35: Launching hedera-demo] INFO  o.eclipse.m2e.core.internal.Bundles - 	Entry: D:\study\JAVA\eclipse\plugins\org.eclipse.m2e.maven.runtime_3.9.900.20240824-1409\jars\plexus-classworlds-2.8.0.jar
2025-09-05 14:45:11,281 [Worker-35: Launching hedera-demo] INFO  o.eclipse.m2e.core.internal.Bundles - 	Entry: D:\study\JAVA\eclipse\plugins\org.eclipse.m2e.maven.runtime_3.9.900.20240824-1409\jars\plexus-component-annotations-2.1.0.jar
2025-09-05 14:45:11,281 [Worker-35: Launching hedera-demo] INFO  o.eclipse.m2e.core.internal.Bundles - 	Entry: D:\study\JAVA\eclipse\plugins\org.eclipse.m2e.maven.runtime_3.9.900.20240824-1409\jars\plexus-interpolation-1.27.jar
2025-09-05 14:45:11,281 [Worker-35: Launching hedera-demo] INFO  o.eclipse.m2e.core.internal.Bundles - 	Entry: D:\study\JAVA\eclipse\plugins\org.eclipse.m2e.maven.runtime_3.9.900.20240824-1409\jars\plexus-sec-dispatcher-2.0.jar
2025-09-05 14:45:11,281 [Worker-35: Launching hedera-demo] INFO  o.eclipse.m2e.core.internal.Bundles - 	Entry: D:\study\JAVA\eclipse\plugins\org.eclipse.m2e.maven.runtime_3.9.900.20240824-1409\jars\plexus-utils-3.5.1.jar
2025-09-05 14:45:11,281 [Worker-35: Launching hedera-demo] INFO  o.eclipse.m2e.core.internal.Bundles - 	Entry: D:\study\JAVA\eclipse\plugins\org.eclipse.m2e.maven.runtime_3.9.900.20240824-1409\jars\plexus-xml-3.0.1.jar
2025-09-05 14:45:11,281 [Worker-35: Launching hedera-demo] INFO  o.eclipse.m2e.core.internal.Bundles - 	Entry: D:\study\JAVA\eclipse\plugins\org.eclipse.m2e.maven.runtime_3.9.900.20240824-1409\jars\wagon-file-3.5.3.jar
2025-09-05 14:45:11,282 [Worker-35: Launching hedera-demo] INFO  o.eclipse.m2e.core.internal.Bundles - 	Entry: D:\study\JAVA\eclipse\plugins\org.eclipse.m2e.maven.runtime_3.9.900.20240824-1409\jars\wagon-http-3.5.3.jar
2025-09-05 14:45:11,282 [Worker-35: Launching hedera-demo] INFO  o.eclipse.m2e.core.internal.Bundles - 	Entry: D:\study\JAVA\eclipse\plugins\org.eclipse.m2e.maven.runtime_3.9.900.20240824-1409\jars\wagon-http-shared-3.5.3.jar
2025-09-05 14:45:11,282 [Worker-35: Launching hedera-demo] INFO  o.eclipse.m2e.core.internal.Bundles - 	Entry: D:\study\JAVA\eclipse\plugins\org.eclipse.m2e.maven.runtime_3.9.900.20240824-1409\jars\wagon-provider-api-3.5.3.jar
2025-09-05 14:45:11,282 [Worker-35: Launching hedera-demo] INFO  o.eclipse.m2e.core.internal.Bundles - getClasspathEntries(Bundle=com.google.guava_33.3.0.jre [16])
2025-09-05 14:45:11,282 [Worker-35: Launching hedera-demo] INFO  o.eclipse.m2e.core.internal.Bundles - 	Entry: D:\study\JAVA\eclipse\plugins\com.google.guava_33.3.0.jre.jar
2025-09-05 14:45:11,282 [Worker-35: Launching hedera-demo] INFO  o.eclipse.m2e.core.internal.Bundles - getClasspathEntries(Bundle=slf4j.api_2.0.16 [1008])
2025-09-05 14:45:11,282 [Worker-35: Launching hedera-demo] INFO  o.eclipse.m2e.core.internal.Bundles - 	Entry: D:\study\JAVA\eclipse\plugins\slf4j.api_2.0.16.jar
2025-09-05 14:45:11,282 [Worker-35: Launching hedera-demo] INFO  o.eclipse.m2e.core.internal.Bundles - getClasspathEntries(Bundle=jakarta.inject.jakarta.inject-api_1.0.5 [34])
2025-09-05 14:45:11,282 [Worker-35: Launching hedera-demo] INFO  o.eclipse.m2e.core.internal.Bundles - 	Entry: D:\study\JAVA\eclipse\plugins\jakarta.inject.jakarta.inject-api_1.0.5.jar
2025-09-05 14:45:11,282 [Worker-35: Launching hedera-demo] INFO  o.eclipse.m2e.core.internal.Bundles - getClasspathEntries(Bundle=jakarta.annotation-api_1.3.5 [29])
2025-09-05 14:45:11,283 [Worker-35: Launching hedera-demo] INFO  o.eclipse.m2e.core.internal.Bundles - 	Entry: D:\study\JAVA\eclipse\plugins\jakarta.annotation-api_1.3.5.jar
2025-09-05 14:45:11,283 [Worker-35: Launching hedera-demo] INFO  o.eclipse.m2e.core.internal.Bundles - getClasspathEntries(Bundle=org.apache.commons.cli_1.9.0 [78])
2025-09-05 14:45:11,283 [Worker-35: Launching hedera-demo] INFO  o.eclipse.m2e.core.internal.Bundles - 	Entry: D:\study\JAVA\eclipse\plugins\org.apache.commons.cli_1.9.0.jar
2025-09-05 14:45:11,283 [Worker-35: Launching hedera-demo] INFO  o.eclipse.m2e.core.internal.Bundles - getClasspathEntries(Bundle=org.apache.commons.commons-codec_1.16.0 [81])
2025-09-05 14:45:11,283 [Worker-35: Launching hedera-demo] INFO  o.eclipse.m2e.core.internal.Bundles - 	Entry: D:\study\JAVA\eclipse\plugins\org.apache.commons.commons-codec_1.16.0.jar
2025-09-05 14:45:11,283 [Worker-35: Launching hedera-demo] INFO  o.eclipse.m2e.core.internal.Bundles - getClasspathEntries(Bundle=com.google.guava.failureaccess_1.0.2 [17])
2025-09-05 14:45:11,283 [Worker-35: Launching hedera-demo] INFO  o.eclipse.m2e.core.internal.Bundles - 	Entry: D:\study\JAVA\eclipse\plugins\com.google.guava.failureaccess_1.0.2.jar
2025-09-05 14:45:11,284 [Worker-35: Launching hedera-demo] INFO  o.e.m.i.launch.MavenLaunchDelegate - Run build in "D:\study\protocol\Java\hedera-demo":
2025-09-05 14:45:11,284 [Worker-35: Launching hedera-demo] INFO  o.e.m.i.launch.MavenLaunchDelegate -  mvn  -B -Dstyle.color=always compile
2025-09-05 14:48:57,831 [Worker-75: Building] INFO  o.a.m.s.f.DefaultMavenResourcesFiltering - Copying 0 resource from src\main\resources to target\classes
2025-09-05 14:48:57,831 [Worker-75: Building] INFO  o.a.m.s.f.DefaultMavenResourcesFiltering - Copying 0 resource from src\test\resources to target\test-classes
2025-09-05 14:49:05,368 [Worker-35: Building] INFO  o.a.m.s.f.DefaultMavenResourcesFiltering - Copying 0 resource from src\main\resources to target\classes
2025-09-05 14:49:05,370 [Worker-35: Building] INFO  o.a.m.s.f.DefaultMavenResourcesFiltering - Copying 0 resource from src\test\resources to target\test-classes
2025-09-05 14:49:51,435 [Worker-76: Building] INFO  o.a.m.s.f.DefaultMavenResourcesFiltering - Copying 0 resource from src\main\resources to target\classes
2025-09-05 14:49:51,437 [Worker-76: Building] INFO  o.a.m.s.f.DefaultMavenResourcesFiltering - Copying 0 resource from src\test\resources to target\test-classes
2025-09-05 14:50:04,972 [Worker-76: Building] INFO  o.a.m.s.f.DefaultMavenResourcesFiltering - Copying 0 resource from src\main\resources to target\classes
2025-09-05 14:50:04,974 [Worker-76: Building] INFO  o.a.m.s.f.DefaultMavenResourcesFiltering - Copying 0 resource from src\test\resources to target\test-classes
2025-09-05 14:50:58,996 [Worker-76: Building] INFO  o.a.m.s.f.DefaultMavenResourcesFiltering - Copying 0 resource from src\main\resources to target\classes
2025-09-05 14:50:58,998 [Worker-76: Building] INFO  o.a.m.s.f.DefaultMavenResourcesFiltering - Copying 0 resource from src\test\resources to target\test-classes
2025-09-05 14:57:44,094 [Worker-75: Building] INFO  o.a.m.s.f.DefaultMavenResourcesFiltering - Copying 0 resource from src\main\resources to target\classes
2025-09-05 14:57:44,094 [Worker-75: Building] INFO  o.a.m.s.f.DefaultMavenResourcesFiltering - Copying 0 resource from src\test\resources to target\test-classes
2025-09-05 14:58:03,776 [Worker-75: Building] INFO  o.a.m.s.f.DefaultMavenResourcesFiltering - Copying 0 resource from src\main\resources to target\classes
2025-09-05 14:58:03,777 [Worker-75: Building] INFO  o.a.m.s.f.DefaultMavenResourcesFiltering - Copying 0 resource from src\test\resources to target\test-classes
2025-09-05 14:58:43,631 [Worker-75: Building] INFO  o.a.m.s.f.DefaultMavenResourcesFiltering - Copying 0 resource from src\main\resources to target\classes
2025-09-05 14:58:43,632 [Worker-75: Building] INFO  o.a.m.s.f.DefaultMavenResourcesFiltering - Copying 0 resource from src\test\resources to target\test-classes
2025-09-05 14:58:59,947 [Worker-82: Building] INFO  o.a.m.s.f.DefaultMavenResourcesFiltering - Copying 0 resource from src\main\resources to target\classes
2025-09-05 14:58:59,949 [Worker-82: Building] INFO  o.a.m.s.f.DefaultMavenResourcesFiltering - Copying 0 resource from src\test\resources to target\test-classes
2025-09-05 15:00:23,495 [Worker-78: Building] INFO  o.a.m.s.f.DefaultMavenResourcesFiltering - Copying 0 resource from src\main\resources to target\classes
2025-09-05 15:00:23,496 [Worker-78: Building] INFO  o.a.m.s.f.DefaultMavenResourcesFiltering - Copying 0 resource from src\test\resources to target\test-classes
2025-09-05 15:02:17,301 [Worker-78: Building] INFO  o.a.m.s.f.DefaultMavenResourcesFiltering - Copying 0 resource from src\main\resources to target\classes
2025-09-05 15:02:17,302 [Worker-78: Building] INFO  o.a.m.s.f.DefaultMavenResourcesFiltering - Copying 0 resource from src\test\resources to target\test-classes
2025-09-05 15:02:45,258 [Worker-84: Building] INFO  o.a.m.s.f.DefaultMavenResourcesFiltering - Copying 0 resource from src\main\resources to target\classes
2025-09-05 15:02:45,260 [Worker-84: Building] INFO  o.a.m.s.f.DefaultMavenResourcesFiltering - Copying 0 resource from src\test\resources to target\test-classes
2025-09-05 15:03:00,229 [Worker-84: Building] INFO  o.a.m.s.f.DefaultMavenResourcesFiltering - Copying 0 resource from src\main\resources to target\classes
2025-09-05 15:03:00,231 [Worker-84: Building] INFO  o.a.m.s.f.DefaultMavenResourcesFiltering - Copying 0 resource from src\test\resources to target\test-classes
2025-09-05 15:04:16,177 [Worker-89: Building] INFO  o.a.m.s.f.DefaultMavenResourcesFiltering - Copying 0 resource from src\main\resources to target\classes
2025-09-05 15:04:16,178 [Worker-89: Building] INFO  o.a.m.s.f.DefaultMavenResourcesFiltering - Copying 0 resource from src\test\resources to target\test-classes
2025-09-05 15:04:35,732 [Worker-88: Building] INFO  o.a.m.s.f.DefaultMavenResourcesFiltering - Copying 0 resource from src\main\resources to target\classes
2025-09-05 15:04:35,733 [Worker-88: Building] INFO  o.a.m.s.f.DefaultMavenResourcesFiltering - Copying 0 resource from src\test\resources to target\test-classes
2025-09-05 15:05:11,875 [Worker-89: Building] INFO  o.a.m.s.f.DefaultMavenResourcesFiltering - Copying 0 resource from src\main\resources to target\classes
2025-09-05 15:05:11,918 [Worker-89: Building] INFO  o.a.m.s.f.DefaultMavenResourcesFiltering - Copying 0 resource from src\test\resources to target\test-classes
2025-09-05 15:05:28,525 [Worker-78: Building] INFO  o.a.m.s.f.DefaultMavenResourcesFiltering - Copying 0 resource from src\main\resources to target\classes
2025-09-05 15:05:28,527 [Worker-78: Building] INFO  o.a.m.s.f.DefaultMavenResourcesFiltering - Copying 0 resource from src\test\resources to target\test-classes
2025-09-05 15:05:40,427 [Worker-84: Building] INFO  o.a.m.s.f.DefaultMavenResourcesFiltering - Copying 0 resource from src\main\resources to target\classes
2025-09-05 15:05:40,428 [Worker-84: Building] INFO  o.a.m.s.f.DefaultMavenResourcesFiltering - Copying 0 resource from src\test\resources to target\test-classes
2025-09-05 15:06:17,024 [Worker-78: Building] INFO  o.a.m.s.f.DefaultMavenResourcesFiltering - Copying 0 resource from src\main\resources to target\classes
2025-09-05 15:06:17,025 [Worker-78: Building] INFO  o.a.m.s.f.DefaultMavenResourcesFiltering - Copying 0 resource from src\test\resources to target\test-classes
2025-09-05 15:44:22,622 [Worker-1: Loading available Gradle versions] INFO  o.e.b.c.i.u.g.PublishedGradleVersions - Gradle version information cache is up-to-date. Trying to read.
2025-09-05 15:44:25,507 [Worker-5: Building] INFO  o.a.m.s.f.DefaultMavenResourcesFiltering - Copying 0 resource from src\main\resources to target\classes
2025-09-05 15:44:25,513 [Worker-5: Building] INFO  o.a.m.s.f.DefaultMavenResourcesFiltering - Copying 0 resource from src\test\resources to target\test-classes
2025-09-05 15:47:11,978 [Worker-16: Building] INFO  o.a.m.s.f.DefaultMavenResourcesFiltering - Copying 0 resource from src\main\resources to target\classes
2025-09-05 15:47:11,983 [Worker-16: Building] INFO  o.a.m.s.f.DefaultMavenResourcesFiltering - Copying 0 resource from src\test\resources to target\test-classes
2025-09-05 15:50:21,544 [Worker-33: Building] INFO  o.a.m.s.f.DefaultMavenResourcesFiltering - Copying 0 resource from src\main\resources to target\classes
2025-09-05 15:50:21,546 [Worker-33: Building] INFO  o.a.m.s.f.DefaultMavenResourcesFiltering - Copying 0 resource from src\test\resources to target\test-classes
2025-09-05 15:50:34,728 [Worker-33: Building] INFO  o.a.m.s.f.DefaultMavenResourcesFiltering - Copying 0 resource from src\main\resources to target\classes
2025-09-05 15:50:34,730 [Worker-33: Building] INFO  o.a.m.s.f.DefaultMavenResourcesFiltering - Copying 0 resource from src\test\resources to target\test-classes
2025-09-05 15:53:05,350 [Worker-33: Building] INFO  o.a.m.s.f.DefaultMavenResourcesFiltering - Copying 0 resource from src\main\resources to target\classes
2025-09-05 15:53:05,353 [Worker-33: Building] INFO  o.a.m.s.f.DefaultMavenResourcesFiltering - Copying 0 resource from src\test\resources to target\test-classes
2025-09-05 15:53:39,265 [Worker-36: Building] INFO  o.a.m.s.f.DefaultMavenResourcesFiltering - Copying 0 resource from src\main\resources to target\classes
2025-09-05 15:53:39,266 [Worker-36: Building] INFO  o.a.m.s.f.DefaultMavenResourcesFiltering - Copying 0 resource from src\test\resources to target\test-classes
2025-09-05 16:08:18,082 [Worker-42: Building] INFO  o.a.m.s.f.DefaultMavenResourcesFiltering - Copying 0 resource from src\main\resources to target\classes
2025-09-05 16:08:18,086 [Worker-42: Building] INFO  o.a.m.s.f.DefaultMavenResourcesFiltering - Copying 0 resource from src\test\resources to target\test-classes
2025-09-05 16:08:36,686 [Worker-44: Building] INFO  o.a.m.s.f.DefaultMavenResourcesFiltering - Copying 0 resource from src\main\resources to target\classes
2025-09-05 16:08:36,688 [Worker-44: Building] INFO  o.a.m.s.f.DefaultMavenResourcesFiltering - Copying 0 resource from src\test\resources to target\test-classes
2025-09-05 16:09:01,792 [Worker-42: Building] INFO  o.a.m.s.f.DefaultMavenResourcesFiltering - Copying 0 resource from src\main\resources to target\classes
2025-09-05 16:09:01,794 [Worker-42: Building] INFO  o.a.m.s.f.DefaultMavenResourcesFiltering - Copying 0 resource from src\test\resources to target\test-classes
2025-09-05 16:20:08,889 [Worker-45: Building] INFO  o.a.m.s.f.DefaultMavenResourcesFiltering - Copying 0 resource from src\main\resources to target\classes
2025-09-05 16:20:08,891 [Worker-45: Building] INFO  o.a.m.s.f.DefaultMavenResourcesFiltering - Copying 0 resource from src\test\resources to target\test-classes
2025-09-05 16:20:35,891 [Worker-46: Building] INFO  o.a.m.s.f.DefaultMavenResourcesFiltering - Copying 0 resource from src\main\resources to target\classes
2025-09-05 16:20:35,893 [Worker-46: Building] INFO  o.a.m.s.f.DefaultMavenResourcesFiltering - Copying 0 resource from src\test\resources to target\test-classes
2025-09-05 16:21:48,586 [Worker-45: Building] INFO  o.a.m.s.f.DefaultMavenResourcesFiltering - Copying 0 resource from src\main\resources to target\classes
2025-09-05 16:21:48,588 [Worker-45: Building] INFO  o.a.m.s.f.DefaultMavenResourcesFiltering - Copying 0 resource from src\test\resources to target\test-classes
2025-09-05 16:45:44,773 [Worker-50: Building] INFO  o.a.m.s.f.DefaultMavenResourcesFiltering - Copying 0 resource from src\main\resources to target\classes
2025-09-05 16:45:44,773 [Worker-50: Building] INFO  o.a.m.s.f.DefaultMavenResourcesFiltering - Copying 0 resource from src\test\resources to target\test-classes
2025-09-05 16:47:39,421 [Worker-51: Building] INFO  o.a.m.s.f.DefaultMavenResourcesFiltering - Copying 0 resource from src\main\resources to target\classes
2025-09-05 16:47:39,422 [Worker-51: Building] INFO  o.a.m.s.f.DefaultMavenResourcesFiltering - Copying 0 resource from src\test\resources to target\test-classes
2025-09-08 19:43:19,797 [Worker-2: Loading available Gradle versions] INFO  o.e.b.c.i.u.g.PublishedGradleVersions - Gradle version information cache is out-of-date. Trying to update.
2025-09-08 19:43:23,350 [Worker-8: Building] INFO  o.a.m.s.f.DefaultMavenResourcesFiltering - Copying 0 resource from src\main\resources to target\classes
2025-09-08 19:43:23,359 [Worker-8: Building] INFO  o.a.m.s.f.DefaultMavenResourcesFiltering - Copying 0 resource from src\test\resources to target\test-classes
2025-09-09 16:16:30,142 [Worker-7: Loading available Gradle versions] INFO  o.e.b.c.i.u.g.PublishedGradleVersions - Gradle version information cache is up-to-date. Trying to read.
2025-09-09 16:17:00,378 [Worker-19: Launching App] INFO  o.a.m.s.f.DefaultMavenResourcesFiltering - Copying 0 resource from src\main\resources to target\classes
2025-09-09 16:17:00,383 [Worker-19: Launching App] INFO  o.a.m.s.f.DefaultMavenResourcesFiltering - Copying 0 resource from src\test\resources to target\test-classes
2025-09-09 16:21:51,701 [Worker-34: Building] INFO  o.a.m.s.f.DefaultMavenResourcesFiltering - Copying 0 resource from src\main\resources to target\classes
2025-09-09 16:21:51,704 [Worker-34: Building] INFO  o.a.m.s.f.DefaultMavenResourcesFiltering - Copying 0 resource from src\test\resources to target\test-classes
2025-09-09 16:22:08,497 [Worker-34: Building] INFO  o.a.m.s.f.DefaultMavenResourcesFiltering - Copying 0 resource from src\main\resources to target\classes
2025-09-09 16:22:08,499 [Worker-34: Building] INFO  o.a.m.s.f.DefaultMavenResourcesFiltering - Copying 0 resource from src\test\resources to target\test-classes
2025-09-09 16:23:54,534 [Worker-35: Building] INFO  o.a.m.s.f.DefaultMavenResourcesFiltering - Copying 0 resource from src\main\resources to target\classes
2025-09-09 16:23:54,537 [Worker-35: Building] INFO  o.a.m.s.f.DefaultMavenResourcesFiltering - Copying 0 resource from src\test\resources to target\test-classes
2025-09-09 16:24:18,034 [Worker-33: Building] INFO  o.a.m.s.f.DefaultMavenResourcesFiltering - Copying 0 resource from src\main\resources to target\classes
2025-09-09 16:24:18,036 [Worker-33: Building] INFO  o.a.m.s.f.DefaultMavenResourcesFiltering - Copying 0 resource from src\test\resources to target\test-classes
2025-09-09 16:25:40,648 [Worker-21: Building] INFO  o.a.m.s.f.DefaultMavenResourcesFiltering - Copying 0 resource from src\main\resources to target\classes
2025-09-09 16:25:40,649 [Worker-21: Building] INFO  o.a.m.s.f.DefaultMavenResourcesFiltering - Copying 0 resource from src\test\resources to target\test-classes
2025-09-09 16:26:09,763 [Worker-35: Building] INFO  o.a.m.s.f.DefaultMavenResourcesFiltering - Copying 0 resource from src\main\resources to target\classes
2025-09-09 16:26:09,765 [Worker-35: Building] INFO  o.a.m.s.f.DefaultMavenResourcesFiltering - Copying 0 resource from src\test\resources to target\test-classes
2025-09-09 16:26:17,421 [Worker-36: Building] INFO  o.a.m.s.f.DefaultMavenResourcesFiltering - Copying 0 resource from src\main\resources to target\classes
2025-09-09 16:26:17,422 [Worker-36: Building] INFO  o.a.m.s.f.DefaultMavenResourcesFiltering - Copying 0 resource from src\test\resources to target\test-classes
2025-09-09 16:29:49,644 [Worker-37: Building] INFO  o.a.m.s.f.DefaultMavenResourcesFiltering - Copying 0 resource from src\main\resources to target\classes
2025-09-09 16:29:49,646 [Worker-37: Building] INFO  o.a.m.s.f.DefaultMavenResourcesFiltering - Copying 0 resource from src\test\resources to target\test-classes
2025-09-09 16:33:57,091 [Worker-37: Building] INFO  o.a.m.s.f.DefaultMavenResourcesFiltering - Copying 0 resource from src\main\resources to target\classes
2025-09-09 16:33:57,093 [Worker-37: Building] INFO  o.a.m.s.f.DefaultMavenResourcesFiltering - Copying 0 resource from src\test\resources to target\test-classes
2025-09-09 16:34:27,629 [Worker-40: Building] INFO  o.a.m.s.f.DefaultMavenResourcesFiltering - Copying 0 resource from src\main\resources to target\classes
2025-09-09 16:34:27,631 [Worker-40: Building] INFO  o.a.m.s.f.DefaultMavenResourcesFiltering - Copying 0 resource from src\test\resources to target\test-classes
2025-09-09 18:24:02,734 [Worker-5: Loading available Gradle versions] INFO  o.e.b.c.i.u.g.PublishedGradleVersions - Gradle version information cache is up-to-date. Trying to read.
2025-09-09 18:25:11,123 [Worker-23: Building] INFO  o.a.m.s.f.DefaultMavenResourcesFiltering - Copying 0 resource from src\main\resources to target\classes
2025-09-09 18:25:11,134 [Worker-23: Building] INFO  o.a.m.s.f.DefaultMavenResourcesFiltering - Copying 0 resource from src\test\resources to target\test-classes
2025-09-09 18:26:07,611 [Worker-8: Building] INFO  o.a.m.s.f.DefaultMavenResourcesFiltering - Copying 0 resource from src\main\resources to target\classes
2025-09-09 18:26:07,613 [Worker-8: Building] INFO  o.a.m.s.f.DefaultMavenResourcesFiltering - Copying 0 resource from src\test\resources to target\test-classes
2025-09-09 18:28:55,444 [Worker-30: Building] INFO  o.a.m.s.f.DefaultMavenResourcesFiltering - Copying 0 resource from src\main\resources to target\classes
2025-09-09 18:28:55,446 [Worker-30: Building] INFO  o.a.m.s.f.DefaultMavenResourcesFiltering - Copying 0 resource from src\test\resources to target\test-classes
2025-09-09 18:37:29,392 [Worker-34: Building] INFO  o.a.m.s.f.DefaultMavenResourcesFiltering - Copying 0 resource from src\main\resources to target\classes
2025-09-09 18:37:29,393 [Worker-34: Building] INFO  o.a.m.s.f.DefaultMavenResourcesFiltering - Copying 0 resource from src\test\resources to target\test-classes
2025-09-09 18:38:01,451 [Worker-34: Building] INFO  o.a.m.s.f.DefaultMavenResourcesFiltering - Copying 0 resource from src\main\resources to target\classes
2025-09-09 18:38:01,455 [Worker-34: Building] INFO  o.a.m.s.f.DefaultMavenResourcesFiltering - Copying 0 resource from src\test\resources to target\test-classes
2025-09-09 18:40:08,162 [Worker-36: Building] INFO  o.a.m.s.f.DefaultMavenResourcesFiltering - Copying 0 resource from src\main\resources to target\classes
2025-09-09 18:40:08,163 [Worker-36: Building] INFO  o.a.m.s.f.DefaultMavenResourcesFiltering - Copying 0 resource from src\test\resources to target\test-classes
2025-09-09 18:44:04,527 [Worker-38: Building] INFO  o.a.m.s.f.DefaultMavenResourcesFiltering - Copying 0 resource from src\main\resources to target\classes
2025-09-09 18:44:04,528 [Worker-38: Building] INFO  o.a.m.s.f.DefaultMavenResourcesFiltering - Copying 0 resource from src\test\resources to target\test-classes
2025-09-09 18:44:34,692 [Worker-38: Building] INFO  o.a.m.s.f.DefaultMavenResourcesFiltering - Copying 0 resource from src\main\resources to target\classes
2025-09-09 18:44:34,694 [Worker-38: Building] INFO  o.a.m.s.f.DefaultMavenResourcesFiltering - Copying 0 resource from src\test\resources to target\test-classes
2025-09-09 18:44:49,088 [Worker-39: Building] INFO  o.a.m.s.f.DefaultMavenResourcesFiltering - Copying 0 resource from src\main\resources to target\classes
2025-09-09 18:44:49,091 [Worker-39: Building] INFO  o.a.m.s.f.DefaultMavenResourcesFiltering - Copying 0 resource from src\test\resources to target\test-classes
2025-09-09 18:46:26,475 [Worker-34: Building] INFO  o.a.m.s.f.DefaultMavenResourcesFiltering - Copying 0 resource from src\main\resources to target\classes
2025-09-09 18:46:26,482 [Worker-34: Building] INFO  o.a.m.s.f.DefaultMavenResourcesFiltering - Copying 0 resource from src\test\resources to target\test-classes
2025-09-09 19:05:01,392 [Worker-48: Building] INFO  o.a.m.s.f.DefaultMavenResourcesFiltering - Copying 0 resource from src\main\resources to target\classes
2025-09-09 19:05:01,394 [Worker-48: Building] INFO  o.a.m.s.f.DefaultMavenResourcesFiltering - Copying 0 resource from src\test\resources to target\test-classes
2025-09-09 19:05:15,352 [Worker-47: Building] INFO  o.a.m.s.f.DefaultMavenResourcesFiltering - Copying 0 resource from src\main\resources to target\classes
2025-09-09 19:05:15,354 [Worker-47: Building] INFO  o.a.m.s.f.DefaultMavenResourcesFiltering - Copying 0 resource from src\test\resources to target\test-classes
2025-09-09 19:05:24,515 [Worker-47: Building] INFO  o.a.m.s.f.DefaultMavenResourcesFiltering - Copying 0 resource from src\main\resources to target\classes
2025-09-09 19:05:24,517 [Worker-47: Building] INFO  o.a.m.s.f.DefaultMavenResourcesFiltering - Copying 0 resource from src\test\resources to target\test-classes
2025-09-09 19:05:31,270 [Worker-48: Building] INFO  o.a.m.s.f.DefaultMavenResourcesFiltering - Copying 0 resource from src\main\resources to target\classes
2025-09-09 19:05:31,272 [Worker-48: Building] INFO  o.a.m.s.f.DefaultMavenResourcesFiltering - Copying 0 resource from src\test\resources to target\test-classes
2025-09-09 19:06:38,174 [Worker-46: Building] INFO  o.a.m.s.f.DefaultMavenResourcesFiltering - Copying 0 resource from src\main\resources to target\classes
2025-09-09 19:06:38,176 [Worker-46: Building] INFO  o.a.m.s.f.DefaultMavenResourcesFiltering - Copying 0 resource from src\test\resources to target\test-classes
2025-09-09 19:21:40,617 [Worker-53: Building] INFO  o.a.m.s.f.DefaultMavenResourcesFiltering - Copying 0 resource from src\main\resources to target\classes
2025-09-09 19:21:40,618 [Worker-53: Building] INFO  o.a.m.s.f.DefaultMavenResourcesFiltering - Copying 0 resource from src\test\resources to target\test-classes
2025-09-09 19:22:10,008 [Worker-56: Building] INFO  o.a.m.s.f.DefaultMavenResourcesFiltering - Copying 0 resource from src\main\resources to target\classes
2025-09-09 19:22:10,010 [Worker-56: Building] INFO  o.a.m.s.f.DefaultMavenResourcesFiltering - Copying 0 resource from src\test\resources to target\test-classes
2025-09-09 19:22:41,321 [Worker-54: Building] INFO  o.a.m.s.f.DefaultMavenResourcesFiltering - Copying 0 resource from src\main\resources to target\classes
2025-09-09 19:22:41,322 [Worker-54: Building] INFO  o.a.m.s.f.DefaultMavenResourcesFiltering - Copying 0 resource from src\test\resources to target\test-classes
2025-09-09 19:24:54,696 [Worker-55: Building] INFO  o.a.m.s.f.DefaultMavenResourcesFiltering - Copying 0 resource from src\main\resources to target\classes
2025-09-09 19:24:54,697 [Worker-55: Building] INFO  o.a.m.s.f.DefaultMavenResourcesFiltering - Copying 0 resource from src\test\resources to target\test-classes
2025-09-09 19:27:25,579 [Worker-58: Building] INFO  o.a.m.s.f.DefaultMavenResourcesFiltering - Copying 0 resource from src\main\resources to target\classes
2025-09-09 19:27:25,581 [Worker-58: Building] INFO  o.a.m.s.f.DefaultMavenResourcesFiltering - Copying 0 resource from src\test\resources to target\test-classes
2025-09-09 19:32:49,370 [Worker-62: Building] INFO  o.a.m.s.f.DefaultMavenResourcesFiltering - Copying 0 resource from src\main\resources to target\classes
2025-09-09 19:32:49,372 [Worker-62: Building] INFO  o.a.m.s.f.DefaultMavenResourcesFiltering - Copying 0 resource from src\test\resources to target\test-classes
2025-09-09 19:34:40,384 [Worker-58: Building] INFO  o.a.m.s.f.DefaultMavenResourcesFiltering - Copying 0 resource from src\main\resources to target\classes
2025-09-09 19:34:40,386 [Worker-58: Building] INFO  o.a.m.s.f.DefaultMavenResourcesFiltering - Copying 0 resource from src\test\resources to target\test-classes
2025-09-09 19:34:49,254 [Worker-58: Building] INFO  o.a.m.s.f.DefaultMavenResourcesFiltering - Copying 0 resource from src\main\resources to target\classes
2025-09-09 19:34:49,256 [Worker-58: Building] INFO  o.a.m.s.f.DefaultMavenResourcesFiltering - Copying 0 resource from src\test\resources to target\test-classes
2025-09-09 19:46:12,132 [Worker-66: Building] INFO  o.a.m.s.f.DefaultMavenResourcesFiltering - Copying 0 resource from src\main\resources to target\classes
2025-09-09 19:46:12,132 [Worker-66: Building] INFO  o.a.m.s.f.DefaultMavenResourcesFiltering - Copying 0 resource from src\test\resources to target\test-classes
2025-09-09 19:46:26,270 [Worker-68: Building] INFO  o.a.m.s.f.DefaultMavenResourcesFiltering - Copying 0 resource from src\main\resources to target\classes
2025-09-09 19:46:26,271 [Worker-68: Building] INFO  o.a.m.s.f.DefaultMavenResourcesFiltering - Copying 0 resource from src\test\resources to target\test-classes
2025-09-09 19:46:59,529 [Worker-66: Building] INFO  o.a.m.s.f.DefaultMavenResourcesFiltering - Copying 0 resource from src\main\resources to target\classes
2025-09-09 19:46:59,531 [Worker-66: Building] INFO  o.a.m.s.f.DefaultMavenResourcesFiltering - Copying 0 resource from src\test\resources to target\test-classes
2025-09-09 19:47:26,947 [Worker-67: Building] INFO  o.a.m.s.f.DefaultMavenResourcesFiltering - Copying 0 resource from src\main\resources to target\classes
2025-09-09 19:47:26,947 [Worker-67: Building] INFO  o.a.m.s.f.DefaultMavenResourcesFiltering - Copying 0 resource from src\test\resources to target\test-classes
2025-09-09 19:48:08,080 [Worker-67: Building] INFO  o.a.m.s.f.DefaultMavenResourcesFiltering - Copying 0 resource from src\main\resources to target\classes
2025-09-09 19:48:08,081 [Worker-67: Building] INFO  o.a.m.s.f.DefaultMavenResourcesFiltering - Copying 0 resource from src\test\resources to target\test-classes
2025-09-09 19:48:29,633 [Worker-70: Building] INFO  o.a.m.s.f.DefaultMavenResourcesFiltering - Copying 0 resource from src\main\resources to target\classes
2025-09-09 19:48:29,635 [Worker-70: Building] INFO  o.a.m.s.f.DefaultMavenResourcesFiltering - Copying 0 resource from src\test\resources to target\test-classes
2025-09-09 19:50:05,930 [Worker-67: Building] INFO  o.a.m.s.f.DefaultMavenResourcesFiltering - Copying 0 resource from src\main\resources to target\classes
2025-09-09 19:50:05,932 [Worker-67: Building] INFO  o.a.m.s.f.DefaultMavenResourcesFiltering - Copying 0 resource from src\test\resources to target\test-classes
2025-09-09 19:50:39,348 [Worker-67: Building] INFO  o.a.m.s.f.DefaultMavenResourcesFiltering - Copying 0 resource from src\main\resources to target\classes
2025-09-09 19:50:39,349 [Worker-67: Building] INFO  o.a.m.s.f.DefaultMavenResourcesFiltering - Copying 0 resource from src\test\resources to target\test-classes
2025-09-09 19:52:40,544 [Worker-67: Building] INFO  o.a.m.s.f.DefaultMavenResourcesFiltering - Copying 0 resource from src\main\resources to target\classes
2025-09-09 19:52:40,546 [Worker-67: Building] INFO  o.a.m.s.f.DefaultMavenResourcesFiltering - Copying 0 resource from src\test\resources to target\test-classes
2025-09-09 19:52:53,348 [Worker-68: Building] INFO  o.a.m.s.f.DefaultMavenResourcesFiltering - Copying 0 resource from src\main\resources to target\classes
2025-09-09 19:52:53,350 [Worker-68: Building] INFO  o.a.m.s.f.DefaultMavenResourcesFiltering - Copying 0 resource from src\test\resources to target\test-classes
2025-09-12 11:17:54,259 [Worker-6: Loading available Gradle versions] INFO  o.e.b.c.i.u.g.PublishedGradleVersions - Gradle version information cache is out-of-date. Trying to update.
2025-09-12 11:31:13,270 [Worker-36: Building] INFO  o.a.m.s.f.DefaultMavenResourcesFiltering - Copying 0 resource from src\main\resources to target\classes
2025-09-12 11:31:13,275 [Worker-36: Building] INFO  o.a.m.s.f.DefaultMavenResourcesFiltering - Copying 0 resource from src\test\resources to target\test-classes
2025-09-12 11:31:35,037 [Worker-36: Building] INFO  o.a.m.s.f.DefaultMavenResourcesFiltering - Copying 0 resource from src\main\resources to target\classes
2025-09-12 11:31:35,041 [Worker-36: Building] INFO  o.a.m.s.f.DefaultMavenResourcesFiltering - Copying 0 resource from src\test\resources to target\test-classes
2025-09-12 11:31:54,274 [Worker-42: Building] INFO  o.a.m.s.f.DefaultMavenResourcesFiltering - Copying 0 resource from src\main\resources to target\classes
2025-09-12 11:31:54,276 [Worker-42: Building] INFO  o.a.m.s.f.DefaultMavenResourcesFiltering - Copying 0 resource from src\test\resources to target\test-classes
2025-09-12 11:32:03,861 [Worker-37: Building] INFO  o.a.m.s.f.DefaultMavenResourcesFiltering - Copying 0 resource from src\main\resources to target\classes
2025-09-12 11:32:03,866 [Worker-37: Building] INFO  o.a.m.s.f.DefaultMavenResourcesFiltering - Copying 0 resource from src\test\resources to target\test-classes
2025-09-12 11:32:22,226 [Worker-31: Building] INFO  o.a.m.s.f.DefaultMavenResourcesFiltering - Copying 0 resource from src\main\resources to target\classes
2025-09-12 11:32:22,228 [Worker-31: Building] INFO  o.a.m.s.f.DefaultMavenResourcesFiltering - Copying 0 resource from src\test\resources to target\test-classes
2025-09-12 11:45:39,228 [Worker-21: Building] INFO  o.a.m.s.f.DefaultMavenResourcesFiltering - Copying 0 resource from src\main\resources to target\classes
2025-09-12 11:45:39,232 [Worker-21: Building] INFO  o.a.m.s.f.DefaultMavenResourcesFiltering - Copying 0 resource from src\test\resources to target\test-classes
2025-09-12 11:57:24,613 [Worker-44: Building] INFO  o.a.m.s.f.DefaultMavenResourcesFiltering - Copying 0 resource from src\main\resources to target\classes
2025-09-12 11:57:24,615 [Worker-44: Building] INFO  o.a.m.s.f.DefaultMavenResourcesFiltering - Copying 0 resource from src\test\resources to target\test-classes
2025-09-12 12:16:29,798 [Worker-47: Building] INFO  o.a.m.s.f.DefaultMavenResourcesFiltering - Copying 0 resource from src\main\resources to target\classes
2025-09-12 12:16:29,800 [Worker-47: Building] INFO  o.a.m.s.f.DefaultMavenResourcesFiltering - Copying 0 resource from src\test\resources to target\test-classes
2025-09-12 12:16:38,201 [Worker-53: Building] INFO  o.a.m.s.f.DefaultMavenResourcesFiltering - Copying 0 resource from src\main\resources to target\classes
2025-09-12 12:16:38,204 [Worker-53: Building] INFO  o.a.m.s.f.DefaultMavenResourcesFiltering - Copying 0 resource from src\test\resources to target\test-classes
2025-09-12 12:30:02,527 [Worker-58: Building] INFO  o.e.m.c.i.l.LifecycleMappingFactory - Using org.eclipse.m2e.jdt.JarLifecycleMapping lifecycle mapping for MavenProject: com.shivam.hedera:hedera-demo:0.0.1-SNAPSHOT @ D:\study\protocol\Java\hedera-demo\pom.xml.
2025-09-12 12:30:02,928 [Worker-58: Building] INFO  o.e.m.c.i.e.AbstractTransferListenerAdapter - Downloading https://repo.maven.apache.org/maven2/javax/xml/bind/jaxb-api/2.3.1/jaxb-api-2.3.1.pom
2025-09-12 12:30:02,954 [Worker-58: Building] INFO  o.e.m.c.i.e.AbstractTransferListenerAdapter - Downloaded https://repo.maven.apache.org/maven2/javax/xml/bind/jaxb-api/2.3.1/jaxb-api-2.3.1.pom
2025-09-12 12:30:03,019 [Worker-58: Building] INFO  o.e.m.c.i.e.AbstractTransferListenerAdapter - Downloading https://repo.maven.apache.org/maven2/javax/xml/bind/jaxb-api-parent/2.3.1/jaxb-api-parent-2.3.1.pom
2025-09-12 12:30:03,239 [Worker-58: Building] INFO  o.e.m.c.i.e.AbstractTransferListenerAdapter - Downloaded https://repo.maven.apache.org/maven2/javax/xml/bind/jaxb-api-parent/2.3.1/jaxb-api-parent-2.3.1.pom
2025-09-12 12:30:03,298 [Worker-58: Building] INFO  o.e.m.c.i.e.AbstractTransferListenerAdapter - Downloading https://repo.maven.apache.org/maven2/net/java/jvnet-parent/5/jvnet-parent-5.pom
2025-09-12 12:30:03,313 [Worker-58: Building] INFO  o.e.m.c.i.e.AbstractTransferListenerAdapter - Downloaded https://repo.maven.apache.org/maven2/net/java/jvnet-parent/5/jvnet-parent-5.pom
2025-09-12 12:30:03,372 [Worker-58: Building] INFO  o.e.m.c.i.e.AbstractTransferListenerAdapter - Downloading https://repo.maven.apache.org/maven2/javax/activation/javax.activation-api/1.2.0/javax.activation-api-1.2.0.pom
2025-09-12 12:30:03,381 [Worker-58: Building] INFO  o.e.m.c.i.e.AbstractTransferListenerAdapter - Downloaded https://repo.maven.apache.org/maven2/javax/activation/javax.activation-api/1.2.0/javax.activation-api-1.2.0.pom
2025-09-12 12:30:03,440 [Worker-58: Building] INFO  o.e.m.c.i.e.AbstractTransferListenerAdapter - Downloading https://repo.maven.apache.org/maven2/com/sun/activation/all/1.2.0/all-1.2.0.pom
2025-09-12 12:30:03,466 [Worker-58: Building] INFO  o.e.m.c.i.e.AbstractTransferListenerAdapter - Downloaded https://repo.maven.apache.org/maven2/com/sun/activation/all/1.2.0/all-1.2.0.pom
2025-09-12 12:30:03,528 [Worker-58: Building] INFO  o.e.m.c.i.e.AbstractTransferListenerAdapter - Downloading https://repo.maven.apache.org/maven2/org/glassfish/jaxb/jaxb-runtime/2.3.1/jaxb-runtime-2.3.1.pom
2025-09-12 12:30:03,540 [Worker-58: Building] INFO  o.e.m.c.i.e.AbstractTransferListenerAdapter - Downloaded https://repo.maven.apache.org/maven2/org/glassfish/jaxb/jaxb-runtime/2.3.1/jaxb-runtime-2.3.1.pom
2025-09-12 12:30:03,599 [Worker-58: Building] INFO  o.e.m.c.i.e.AbstractTransferListenerAdapter - Downloading https://repo.maven.apache.org/maven2/com/sun/xml/bind/mvn/jaxb-runtime-parent/2.3.1/jaxb-runtime-parent-2.3.1.pom
2025-09-12 12:30:03,603 [Worker-58: Building] INFO  o.e.m.c.i.e.AbstractTransferListenerAdapter - Downloaded https://repo.maven.apache.org/maven2/com/sun/xml/bind/mvn/jaxb-runtime-parent/2.3.1/jaxb-runtime-parent-2.3.1.pom
2025-09-12 12:30:03,661 [Worker-58: Building] INFO  o.e.m.c.i.e.AbstractTransferListenerAdapter - Downloading https://repo.maven.apache.org/maven2/com/sun/xml/bind/mvn/jaxb-parent/2.3.1/jaxb-parent-2.3.1.pom
2025-09-12 12:30:03,728 [Worker-58: Building] INFO  o.e.m.c.i.e.AbstractTransferListenerAdapter - Downloaded https://repo.maven.apache.org/maven2/com/sun/xml/bind/mvn/jaxb-parent/2.3.1/jaxb-parent-2.3.1.pom
2025-09-12 12:30:03,789 [Worker-58: Building] INFO  o.e.m.c.i.e.AbstractTransferListenerAdapter - Downloading https://repo.maven.apache.org/maven2/com/sun/xml/bind/jaxb-bom-ext/2.3.1/jaxb-bom-ext-2.3.1.pom
2025-09-12 12:30:03,794 [Worker-58: Building] INFO  o.e.m.c.i.e.AbstractTransferListenerAdapter - Downloaded https://repo.maven.apache.org/maven2/com/sun/xml/bind/jaxb-bom-ext/2.3.1/jaxb-bom-ext-2.3.1.pom
2025-09-12 12:30:03,854 [Worker-58: Building] INFO  o.e.m.c.i.e.AbstractTransferListenerAdapter - Downloading https://repo.maven.apache.org/maven2/org/glassfish/jaxb/jaxb-bom/2.3.1/jaxb-bom-2.3.1.pom
2025-09-12 12:30:03,868 [Worker-58: Building] INFO  o.e.m.c.i.e.AbstractTransferListenerAdapter - Downloaded https://repo.maven.apache.org/maven2/org/glassfish/jaxb/jaxb-bom/2.3.1/jaxb-bom-2.3.1.pom
2025-09-12 12:30:03,926 [Worker-58: Building] INFO  o.e.m.c.i.e.AbstractTransferListenerAdapter - Downloading https://repo.maven.apache.org/maven2/org/glassfish/jaxb/txw2/2.3.1/txw2-2.3.1.pom
2025-09-12 12:30:03,932 [Worker-58: Building] INFO  o.e.m.c.i.e.AbstractTransferListenerAdapter - Downloaded https://repo.maven.apache.org/maven2/org/glassfish/jaxb/txw2/2.3.1/txw2-2.3.1.pom
2025-09-12 12:30:03,991 [Worker-58: Building] INFO  o.e.m.c.i.e.AbstractTransferListenerAdapter - Downloading https://repo.maven.apache.org/maven2/com/sun/xml/bind/mvn/jaxb-txw-parent/2.3.1/jaxb-txw-parent-2.3.1.pom
2025-09-12 12:30:03,994 [Worker-58: Building] INFO  o.e.m.c.i.e.AbstractTransferListenerAdapter - Downloaded https://repo.maven.apache.org/maven2/com/sun/xml/bind/mvn/jaxb-txw-parent/2.3.1/jaxb-txw-parent-2.3.1.pom
2025-09-12 12:30:04,058 [Worker-58: Building] INFO  o.e.m.c.i.e.AbstractTransferListenerAdapter - Downloading https://repo.maven.apache.org/maven2/com/sun/istack/istack-commons-runtime/3.0.7/istack-commons-runtime-3.0.7.pom
2025-09-12 12:30:04,066 [Worker-58: Building] INFO  o.e.m.c.i.e.AbstractTransferListenerAdapter - Downloaded https://repo.maven.apache.org/maven2/com/sun/istack/istack-commons-runtime/3.0.7/istack-commons-runtime-3.0.7.pom
2025-09-12 12:30:04,125 [Worker-58: Building] INFO  o.e.m.c.i.e.AbstractTransferListenerAdapter - Downloading https://repo.maven.apache.org/maven2/com/sun/istack/istack-commons/3.0.7/istack-commons-3.0.7.pom
2025-09-12 12:30:04,146 [Worker-58: Building] INFO  o.e.m.c.i.e.AbstractTransferListenerAdapter - Downloaded https://repo.maven.apache.org/maven2/com/sun/istack/istack-commons/3.0.7/istack-commons-3.0.7.pom
2025-09-12 12:30:04,206 [Worker-58: Building] INFO  o.e.m.c.i.e.AbstractTransferListenerAdapter - Downloading https://repo.maven.apache.org/maven2/org/jvnet/staxex/stax-ex/1.8/stax-ex-1.8.pom
2025-09-12 12:30:04,229 [Worker-58: Building] INFO  o.e.m.c.i.e.AbstractTransferListenerAdapter - Downloaded https://repo.maven.apache.org/maven2/org/jvnet/staxex/stax-ex/1.8/stax-ex-1.8.pom
2025-09-12 12:30:04,288 [Worker-58: Building] INFO  o.e.m.c.i.e.AbstractTransferListenerAdapter - Downloading https://repo.maven.apache.org/maven2/com/sun/xml/fastinfoset/FastInfoset/1.2.15/FastInfoset-1.2.15.pom
2025-09-12 12:30:04,298 [Worker-58: Building] INFO  o.e.m.c.i.e.AbstractTransferListenerAdapter - Downloaded https://repo.maven.apache.org/maven2/com/sun/xml/fastinfoset/FastInfoset/1.2.15/FastInfoset-1.2.15.pom
2025-09-12 12:30:04,358 [Worker-58: Building] INFO  o.e.m.c.i.e.AbstractTransferListenerAdapter - Downloading https://repo.maven.apache.org/maven2/com/sun/xml/fastinfoset/fastinfoset-project/1.2.15/fastinfoset-project-1.2.15.pom
2025-09-12 12:30:04,377 [Worker-58: Building] INFO  o.e.m.c.i.e.AbstractTransferListenerAdapter - Downloaded https://repo.maven.apache.org/maven2/com/sun/xml/fastinfoset/fastinfoset-project/1.2.15/fastinfoset-project-1.2.15.pom
2025-09-12 12:30:04,499 [Worker-58: Building] INFO  o.e.m.c.i.e.AbstractTransferListenerAdapter - Downloading https://repo.maven.apache.org/maven2/javax/xml/bind/jaxb-api/2.3.1/jaxb-api-2.3.1.jar
2025-09-12 12:30:04,700 [Worker-58: Building] INFO  o.e.m.c.i.e.AbstractTransferListenerAdapter - Downloaded https://repo.maven.apache.org/maven2/javax/xml/bind/jaxb-api/2.3.1/jaxb-api-2.3.1.jar
2025-09-12 12:30:04,753 [BasicRepositoryConnector-repo.maven.apache.org-0-4] INFO  o.e.m.c.i.e.AbstractTransferListenerAdapter - Downloading https://repo.maven.apache.org/maven2/org/jvnet/staxex/stax-ex/1.8/stax-ex-1.8.jar
2025-09-12 12:30:04,805 [BasicRepositoryConnector-repo.maven.apache.org-0-4] INFO  o.e.m.c.i.e.AbstractTransferListenerAdapter - Downloaded https://repo.maven.apache.org/maven2/org/jvnet/staxex/stax-ex/1.8/stax-ex-1.8.jar
2025-09-12 12:30:04,837 [BasicRepositoryConnector-repo.maven.apache.org-0-2] INFO  o.e.m.c.i.e.AbstractTransferListenerAdapter - Downloading https://repo.maven.apache.org/maven2/org/glassfish/jaxb/txw2/2.3.1/txw2-2.3.1.jar
2025-09-12 12:30:04,851 [BasicRepositoryConnector-repo.maven.apache.org-0-0] INFO  o.e.m.c.i.e.AbstractTransferListenerAdapter - Downloading https://repo.maven.apache.org/maven2/javax/activation/javax.activation-api/1.2.0/javax.activation-api-1.2.0.jar
2025-09-12 12:30:04,858 [BasicRepositoryConnector-repo.maven.apache.org-0-4] INFO  o.e.m.c.i.e.AbstractTransferListenerAdapter - Downloading https://repo.maven.apache.org/maven2/com/sun/xml/fastinfoset/FastInfoset/1.2.15/FastInfoset-1.2.15.jar
2025-09-12 12:30:04,873 [BasicRepositoryConnector-repo.maven.apache.org-0-1] INFO  o.e.m.c.i.e.AbstractTransferListenerAdapter - Downloading https://repo.maven.apache.org/maven2/org/glassfish/jaxb/jaxb-runtime/2.3.1/jaxb-runtime-2.3.1.jar
2025-09-12 12:30:04,875 [BasicRepositoryConnector-repo.maven.apache.org-0-3] INFO  o.e.m.c.i.e.AbstractTransferListenerAdapter - Downloading https://repo.maven.apache.org/maven2/com/sun/istack/istack-commons-runtime/3.0.7/istack-commons-runtime-3.0.7.jar
2025-09-12 12:30:04,889 [BasicRepositoryConnector-repo.maven.apache.org-0-3] INFO  o.e.m.c.i.e.AbstractTransferListenerAdapter - Downloaded https://repo.maven.apache.org/maven2/com/sun/istack/istack-commons-runtime/3.0.7/istack-commons-runtime-3.0.7.jar
2025-09-12 12:30:04,892 [BasicRepositoryConnector-repo.maven.apache.org-0-2] INFO  o.e.m.c.i.e.AbstractTransferListenerAdapter - Downloaded https://repo.maven.apache.org/maven2/org/glassfish/jaxb/txw2/2.3.1/txw2-2.3.1.jar
2025-09-12 12:30:04,907 [BasicRepositoryConnector-repo.maven.apache.org-0-0] INFO  o.e.m.c.i.e.AbstractTransferListenerAdapter - Downloaded https://repo.maven.apache.org/maven2/javax/activation/javax.activation-api/1.2.0/javax.activation-api-1.2.0.jar
2025-09-12 12:30:05,289 [BasicRepositoryConnector-repo.maven.apache.org-0-1] INFO  o.e.m.c.i.e.AbstractTransferListenerAdapter - Downloaded https://repo.maven.apache.org/maven2/org/glassfish/jaxb/jaxb-runtime/2.3.1/jaxb-runtime-2.3.1.jar
2025-09-12 12:30:05,359 [BasicRepositoryConnector-repo.maven.apache.org-0-4] INFO  o.e.m.c.i.e.AbstractTransferListenerAdapter - Downloaded https://repo.maven.apache.org/maven2/com/sun/xml/fastinfoset/FastInfoset/1.2.15/FastInfoset-1.2.15.jar
2025-09-12 12:30:05,574 [Worker-58: Building] INFO  o.a.m.s.f.DefaultMavenResourcesFiltering - Copying 0 resource from src\main\resources to target\classes
2025-09-12 12:30:05,578 [Worker-58: Building] INFO  o.a.m.s.f.DefaultMavenResourcesFiltering - Copying 0 resource from src\test\resources to target\test-classes
2025-09-12 12:30:06,672 [Worker-58: Download sources and javadoc] INFO  o.e.m.c.i.e.AbstractTransferListenerAdapter - Downloading https://repo.maven.apache.org/maven2/javax/xml/bind/jaxb-api/2.3.1/jaxb-api-2.3.1-sources.jar
2025-09-12 12:30:06,842 [Worker-58: Download sources and javadoc] INFO  o.e.m.c.i.e.AbstractTransferListenerAdapter - Downloaded https://repo.maven.apache.org/maven2/javax/xml/bind/jaxb-api/2.3.1/jaxb-api-2.3.1-sources.jar
2025-09-12 12:30:06,845 [Worker-58: Download sources and javadoc] INFO  o.e.m.j.internal.DownloadSourcesJob - Downloaded sources for javax.xml.bind:jaxb-api:2.3.1
2025-09-12 12:30:06,909 [Worker-57: Building] INFO  o.a.m.s.f.DefaultMavenResourcesFiltering - Copying 0 resource from src\main\resources to target\classes
2025-09-12 12:30:06,910 [Worker-57: Building] INFO  o.a.m.s.f.DefaultMavenResourcesFiltering - Copying 0 resource from src\test\resources to target\test-classes
2025-09-12 12:30:07,021 [Worker-58: Download sources and javadoc] INFO  o.e.m.c.i.e.AbstractTransferListenerAdapter - Downloading https://repo.maven.apache.org/maven2/javax/activation/javax.activation-api/1.2.0/javax.activation-api-1.2.0-sources.jar
2025-09-12 12:30:07,092 [Worker-58: Download sources and javadoc] INFO  o.e.m.c.i.e.AbstractTransferListenerAdapter - Downloaded https://repo.maven.apache.org/maven2/javax/activation/javax.activation-api/1.2.0/javax.activation-api-1.2.0-sources.jar
2025-09-12 12:30:07,096 [Worker-58: Download sources and javadoc] INFO  o.e.m.j.internal.DownloadSourcesJob - Downloaded sources for javax.activation:javax.activation-api:1.2.0
2025-09-12 12:30:07,266 [Worker-58: Download sources and javadoc] INFO  o.e.m.c.i.e.AbstractTransferListenerAdapter - Downloading https://repo.maven.apache.org/maven2/org/glassfish/jaxb/jaxb-runtime/2.3.1/jaxb-runtime-2.3.1-sources.jar
2025-09-12 12:30:07,634 [Worker-58: Download sources and javadoc] INFO  o.e.m.c.i.e.AbstractTransferListenerAdapter - Downloaded https://repo.maven.apache.org/maven2/org/glassfish/jaxb/jaxb-runtime/2.3.1/jaxb-runtime-2.3.1-sources.jar
2025-09-12 12:30:07,637 [Worker-58: Download sources and javadoc] INFO  o.e.m.j.internal.DownloadSourcesJob - Downloaded sources for org.glassfish.jaxb:jaxb-runtime:2.3.1
2025-09-12 12:30:07,755 [Worker-58: Download sources and javadoc] INFO  o.e.m.c.i.e.AbstractTransferListenerAdapter - Downloading https://repo.maven.apache.org/maven2/org/glassfish/jaxb/txw2/2.3.1/txw2-2.3.1-sources.jar
2025-09-12 12:30:07,808 [Worker-58: Download sources and javadoc] INFO  o.e.m.c.i.e.AbstractTransferListenerAdapter - Downloaded https://repo.maven.apache.org/maven2/org/glassfish/jaxb/txw2/2.3.1/txw2-2.3.1-sources.jar
2025-09-12 12:30:07,811 [Worker-58: Download sources and javadoc] INFO  o.e.m.j.internal.DownloadSourcesJob - Downloaded sources for org.glassfish.jaxb:txw2:2.3.1
2025-09-12 12:30:07,958 [Worker-58: Download sources and javadoc] INFO  o.e.m.c.i.e.AbstractTransferListenerAdapter - Downloading https://repo.maven.apache.org/maven2/com/sun/istack/istack-commons-runtime/3.0.7/istack-commons-runtime-3.0.7-sources.jar
2025-09-12 12:30:07,975 [Worker-58: Download sources and javadoc] INFO  o.e.m.c.i.e.AbstractTransferListenerAdapter - Downloaded https://repo.maven.apache.org/maven2/com/sun/istack/istack-commons-runtime/3.0.7/istack-commons-runtime-3.0.7-sources.jar
2025-09-12 12:30:07,978 [Worker-58: Download sources and javadoc] INFO  o.e.m.j.internal.DownloadSourcesJob - Downloaded sources for com.sun.istack:istack-commons-runtime:3.0.7
2025-09-12 12:30:08,132 [Worker-58: Download sources and javadoc] INFO  o.e.m.c.i.e.AbstractTransferListenerAdapter - Downloading https://repo.maven.apache.org/maven2/org/jvnet/staxex/stax-ex/1.8/stax-ex-1.8-sources.jar
2025-09-12 12:30:08,182 [Worker-58: Download sources and javadoc] INFO  o.e.m.c.i.e.AbstractTransferListenerAdapter - Downloaded https://repo.maven.apache.org/maven2/org/jvnet/staxex/stax-ex/1.8/stax-ex-1.8-sources.jar
2025-09-12 12:30:08,185 [Worker-58: Download sources and javadoc] INFO  o.e.m.j.internal.DownloadSourcesJob - Downloaded sources for org.jvnet.staxex:stax-ex:1.8
2025-09-12 12:30:08,317 [Worker-58: Download sources and javadoc] INFO  o.e.m.c.i.e.AbstractTransferListenerAdapter - Downloading https://repo.maven.apache.org/maven2/com/sun/xml/fastinfoset/FastInfoset/1.2.15/FastInfoset-1.2.15-sources.jar
2025-09-12 12:30:08,452 [Worker-58: Download sources and javadoc] INFO  o.e.m.c.i.e.AbstractTransferListenerAdapter - Downloaded https://repo.maven.apache.org/maven2/com/sun/xml/fastinfoset/FastInfoset/1.2.15/FastInfoset-1.2.15-sources.jar
2025-09-12 12:30:08,455 [Worker-58: Download sources and javadoc] INFO  o.e.m.j.internal.DownloadSourcesJob - Downloaded sources for com.sun.xml.fastinfoset:FastInfoset:1.2.15
2025-09-12 12:30:17,449 [Worker-56: Launching hedera-demo (1)] INFO  o.eclipse.m2e.core.internal.Bundles - getClasspathEntries(Bundle=org.eclipse.m2e.maven.runtime_3.9.900.20240824-1409 [643])
2025-09-12 12:30:17,450 [Worker-56: Launching hedera-demo (1)] INFO  o.eclipse.m2e.core.internal.Bundles - 	Entry: D:\study\JAVA\eclipse\plugins\org.eclipse.m2e.maven.runtime_3.9.900.20240824-1409
2025-09-12 12:30:17,450 [Worker-56: Launching hedera-demo (1)] INFO  o.eclipse.m2e.core.internal.Bundles - 	Entry: D:\study\JAVA\eclipse\plugins\org.eclipse.m2e.maven.runtime_3.9.900.20240824-1409\jars\aopalliance-1.0.jar
2025-09-12 12:30:17,450 [Worker-56: Launching hedera-demo (1)] INFO  o.eclipse.m2e.core.internal.Bundles - 	Entry: D:\study\JAVA\eclipse\plugins\org.eclipse.m2e.maven.runtime_3.9.900.20240824-1409\jars\guice-5.1.0.jar
2025-09-12 12:30:17,450 [Worker-56: Launching hedera-demo (1)] INFO  o.eclipse.m2e.core.internal.Bundles - 	Entry: D:\study\JAVA\eclipse\plugins\org.eclipse.m2e.maven.runtime_3.9.900.20240824-1409\jars\httpclient-4.5.14.jar
2025-09-12 12:30:17,450 [Worker-56: Launching hedera-demo (1)] INFO  o.eclipse.m2e.core.internal.Bundles - 	Entry: D:\study\JAVA\eclipse\plugins\org.eclipse.m2e.maven.runtime_3.9.900.20240824-1409\jars\httpcore-4.4.16.jar
2025-09-12 12:30:17,450 [Worker-56: Launching hedera-demo (1)] INFO  o.eclipse.m2e.core.internal.Bundles - 	Entry: D:\study\JAVA\eclipse\plugins\org.eclipse.m2e.maven.runtime_3.9.900.20240824-1409\jars\jansi-2.4.1.jar
2025-09-12 12:30:17,451 [Worker-56: Launching hedera-demo (1)] INFO  o.eclipse.m2e.core.internal.Bundles - 	Entry: D:\study\JAVA\eclipse\plugins\org.eclipse.m2e.maven.runtime_3.9.900.20240824-1409\jars\jcl-over-slf4j-1.7.36.jar
2025-09-12 12:30:17,451 [Worker-56: Launching hedera-demo (1)] INFO  o.eclipse.m2e.core.internal.Bundles - 	Entry: D:\study\JAVA\eclipse\plugins\org.eclipse.m2e.maven.runtime_3.9.900.20240824-1409\jars\maven-artifact-3.9.9.jar
2025-09-12 12:30:17,451 [Worker-56: Launching hedera-demo (1)] INFO  o.eclipse.m2e.core.internal.Bundles - 	Entry: D:\study\JAVA\eclipse\plugins\org.eclipse.m2e.maven.runtime_3.9.900.20240824-1409\jars\maven-builder-support-3.9.9.jar
2025-09-12 12:30:17,451 [Worker-56: Launching hedera-demo (1)] INFO  o.eclipse.m2e.core.internal.Bundles - 	Entry: D:\study\JAVA\eclipse\plugins\org.eclipse.m2e.maven.runtime_3.9.900.20240824-1409\jars\maven-compat-3.9.9.jar
2025-09-12 12:30:17,451 [Worker-56: Launching hedera-demo (1)] INFO  o.eclipse.m2e.core.internal.Bundles - 	Entry: D:\study\JAVA\eclipse\plugins\org.eclipse.m2e.maven.runtime_3.9.900.20240824-1409\jars\maven-core-3.9.9.jar
2025-09-12 12:30:17,451 [Worker-56: Launching hedera-demo (1)] INFO  o.eclipse.m2e.core.internal.Bundles - 	Entry: D:\study\JAVA\eclipse\plugins\org.eclipse.m2e.maven.runtime_3.9.900.20240824-1409\jars\maven-embedder-3.9.9.jar
2025-09-12 12:30:17,451 [Worker-56: Launching hedera-demo (1)] INFO  o.eclipse.m2e.core.internal.Bundles - 	Entry: D:\study\JAVA\eclipse\plugins\org.eclipse.m2e.maven.runtime_3.9.900.20240824-1409\jars\maven-model-3.9.9.jar
2025-09-12 12:30:17,451 [Worker-56: Launching hedera-demo (1)] INFO  o.eclipse.m2e.core.internal.Bundles - 	Entry: D:\study\JAVA\eclipse\plugins\org.eclipse.m2e.maven.runtime_3.9.900.20240824-1409\jars\maven-model-builder-3.9.9.jar
2025-09-12 12:30:17,451 [Worker-56: Launching hedera-demo (1)] INFO  o.eclipse.m2e.core.internal.Bundles - 	Entry: D:\study\JAVA\eclipse\plugins\org.eclipse.m2e.maven.runtime_3.9.900.20240824-1409\jars\maven-plugin-api-3.9.9.jar
2025-09-12 12:30:17,451 [Worker-56: Launching hedera-demo (1)] INFO  o.eclipse.m2e.core.internal.Bundles - 	Entry: D:\study\JAVA\eclipse\plugins\org.eclipse.m2e.maven.runtime_3.9.900.20240824-1409\jars\maven-repository-metadata-3.9.9.jar
2025-09-12 12:30:17,451 [Worker-56: Launching hedera-demo (1)] INFO  o.eclipse.m2e.core.internal.Bundles - 	Entry: D:\study\JAVA\eclipse\plugins\org.eclipse.m2e.maven.runtime_3.9.900.20240824-1409\jars\maven-resolver-api-1.9.22.jar
2025-09-12 12:30:17,451 [Worker-56: Launching hedera-demo (1)] INFO  o.eclipse.m2e.core.internal.Bundles - 	Entry: D:\study\JAVA\eclipse\plugins\org.eclipse.m2e.maven.runtime_3.9.900.20240824-1409\jars\maven-resolver-connector-basic-1.9.22.jar
2025-09-12 12:30:17,451 [Worker-56: Launching hedera-demo (1)] INFO  o.eclipse.m2e.core.internal.Bundles - 	Entry: D:\study\JAVA\eclipse\plugins\org.eclipse.m2e.maven.runtime_3.9.900.20240824-1409\jars\maven-resolver-impl-1.9.22.jar
2025-09-12 12:30:17,451 [Worker-56: Launching hedera-demo (1)] INFO  o.eclipse.m2e.core.internal.Bundles - 	Entry: D:\study\JAVA\eclipse\plugins\org.eclipse.m2e.maven.runtime_3.9.900.20240824-1409\jars\maven-resolver-named-locks-1.9.22.jar
2025-09-12 12:30:17,451 [Worker-56: Launching hedera-demo (1)] INFO  o.eclipse.m2e.core.internal.Bundles - 	Entry: D:\study\JAVA\eclipse\plugins\org.eclipse.m2e.maven.runtime_3.9.900.20240824-1409\jars\maven-resolver-provider-3.9.9.jar
2025-09-12 12:30:17,451 [Worker-56: Launching hedera-demo (1)] INFO  o.eclipse.m2e.core.internal.Bundles - 	Entry: D:\study\JAVA\eclipse\plugins\org.eclipse.m2e.maven.runtime_3.9.900.20240824-1409\jars\maven-resolver-spi-1.9.22.jar
2025-09-12 12:30:17,451 [Worker-56: Launching hedera-demo (1)] INFO  o.eclipse.m2e.core.internal.Bundles - 	Entry: D:\study\JAVA\eclipse\plugins\org.eclipse.m2e.maven.runtime_3.9.900.20240824-1409\jars\maven-resolver-transport-file-1.9.22.jar
2025-09-12 12:30:17,451 [Worker-56: Launching hedera-demo (1)] INFO  o.eclipse.m2e.core.internal.Bundles - 	Entry: D:\study\JAVA\eclipse\plugins\org.eclipse.m2e.maven.runtime_3.9.900.20240824-1409\jars\maven-resolver-transport-http-1.9.22.jar
2025-09-12 12:30:17,451 [Worker-56: Launching hedera-demo (1)] INFO  o.eclipse.m2e.core.internal.Bundles - 	Entry: D:\study\JAVA\eclipse\plugins\org.eclipse.m2e.maven.runtime_3.9.900.20240824-1409\jars\maven-resolver-transport-wagon-1.9.22.jar
2025-09-12 12:30:17,451 [Worker-56: Launching hedera-demo (1)] INFO  o.eclipse.m2e.core.internal.Bundles - 	Entry: D:\study\JAVA\eclipse\plugins\org.eclipse.m2e.maven.runtime_3.9.900.20240824-1409\jars\maven-resolver-util-1.9.22.jar
2025-09-12 12:30:17,451 [Worker-56: Launching hedera-demo (1)] INFO  o.eclipse.m2e.core.internal.Bundles - 	Entry: D:\study\JAVA\eclipse\plugins\org.eclipse.m2e.maven.runtime_3.9.900.20240824-1409\jars\maven-settings-3.9.9.jar
2025-09-12 12:30:17,451 [Worker-56: Launching hedera-demo (1)] INFO  o.eclipse.m2e.core.internal.Bundles - 	Entry: D:\study\JAVA\eclipse\plugins\org.eclipse.m2e.maven.runtime_3.9.900.20240824-1409\jars\maven-settings-builder-3.9.9.jar
2025-09-12 12:30:17,451 [Worker-56: Launching hedera-demo (1)] INFO  o.eclipse.m2e.core.internal.Bundles - 	Entry: D:\study\JAVA\eclipse\plugins\org.eclipse.m2e.maven.runtime_3.9.900.20240824-1409\jars\maven-shared-utils-3.4.2.jar
2025-09-12 12:30:17,451 [Worker-56: Launching hedera-demo (1)] INFO  o.eclipse.m2e.core.internal.Bundles - 	Entry: D:\study\JAVA\eclipse\plugins\org.eclipse.m2e.maven.runtime_3.9.900.20240824-1409\jars\org.eclipse.sisu.inject-0.9.0.M3.jar
2025-09-12 12:30:17,451 [Worker-56: Launching hedera-demo (1)] INFO  o.eclipse.m2e.core.internal.Bundles - 	Entry: D:\study\JAVA\eclipse\plugins\org.eclipse.m2e.maven.runtime_3.9.900.20240824-1409\jars\org.eclipse.sisu.plexus-0.9.0.M3.jar
2025-09-12 12:30:17,451 [Worker-56: Launching hedera-demo (1)] INFO  o.eclipse.m2e.core.internal.Bundles - 	Entry: D:\study\JAVA\eclipse\plugins\org.eclipse.m2e.maven.runtime_3.9.900.20240824-1409\jars\plexus-build-api-0.0.7.jar
2025-09-12 12:30:17,451 [Worker-56: Launching hedera-demo (1)] INFO  o.eclipse.m2e.core.internal.Bundles - 	Entry: D:\study\JAVA\eclipse\plugins\org.eclipse.m2e.maven.runtime_3.9.900.20240824-1409\jars\plexus-build-api-1.2.0.jar
2025-09-12 12:30:17,451 [Worker-56: Launching hedera-demo (1)] INFO  o.eclipse.m2e.core.internal.Bundles - 	Entry: D:\study\JAVA\eclipse\plugins\org.eclipse.m2e.maven.runtime_3.9.900.20240824-1409\jars\plexus-cipher-2.0.jar
2025-09-12 12:30:17,451 [Worker-56: Launching hedera-demo (1)] INFO  o.eclipse.m2e.core.internal.Bundles - 	Entry: D:\study\JAVA\eclipse\plugins\org.eclipse.m2e.maven.runtime_3.9.900.20240824-1409\jars\plexus-classworlds-2.8.0.jar
2025-09-12 12:30:17,451 [Worker-56: Launching hedera-demo (1)] INFO  o.eclipse.m2e.core.internal.Bundles - 	Entry: D:\study\JAVA\eclipse\plugins\org.eclipse.m2e.maven.runtime_3.9.900.20240824-1409\jars\plexus-component-annotations-2.1.0.jar
2025-09-12 12:30:17,451 [Worker-56: Launching hedera-demo (1)] INFO  o.eclipse.m2e.core.internal.Bundles - 	Entry: D:\study\JAVA\eclipse\plugins\org.eclipse.m2e.maven.runtime_3.9.900.20240824-1409\jars\plexus-interpolation-1.27.jar
2025-09-12 12:30:17,452 [Worker-56: Launching hedera-demo (1)] INFO  o.eclipse.m2e.core.internal.Bundles - 	Entry: D:\study\JAVA\eclipse\plugins\org.eclipse.m2e.maven.runtime_3.9.900.20240824-1409\jars\plexus-sec-dispatcher-2.0.jar
2025-09-12 12:30:17,452 [Worker-56: Launching hedera-demo (1)] INFO  o.eclipse.m2e.core.internal.Bundles - 	Entry: D:\study\JAVA\eclipse\plugins\org.eclipse.m2e.maven.runtime_3.9.900.20240824-1409\jars\plexus-utils-3.5.1.jar
2025-09-12 12:30:17,452 [Worker-56: Launching hedera-demo (1)] INFO  o.eclipse.m2e.core.internal.Bundles - 	Entry: D:\study\JAVA\eclipse\plugins\org.eclipse.m2e.maven.runtime_3.9.900.20240824-1409\jars\plexus-xml-3.0.1.jar
2025-09-12 12:30:17,452 [Worker-56: Launching hedera-demo (1)] INFO  o.eclipse.m2e.core.internal.Bundles - 	Entry: D:\study\JAVA\eclipse\plugins\org.eclipse.m2e.maven.runtime_3.9.900.20240824-1409\jars\wagon-file-3.5.3.jar
2025-09-12 12:30:17,452 [Worker-56: Launching hedera-demo (1)] INFO  o.eclipse.m2e.core.internal.Bundles - 	Entry: D:\study\JAVA\eclipse\plugins\org.eclipse.m2e.maven.runtime_3.9.900.20240824-1409\jars\wagon-http-3.5.3.jar
2025-09-12 12:30:17,452 [Worker-56: Launching hedera-demo (1)] INFO  o.eclipse.m2e.core.internal.Bundles - 	Entry: D:\study\JAVA\eclipse\plugins\org.eclipse.m2e.maven.runtime_3.9.900.20240824-1409\jars\wagon-http-shared-3.5.3.jar
2025-09-12 12:30:17,452 [Worker-56: Launching hedera-demo (1)] INFO  o.eclipse.m2e.core.internal.Bundles - 	Entry: D:\study\JAVA\eclipse\plugins\org.eclipse.m2e.maven.runtime_3.9.900.20240824-1409\jars\wagon-provider-api-3.5.3.jar
2025-09-12 12:30:17,453 [Worker-56: Launching hedera-demo (1)] INFO  o.eclipse.m2e.core.internal.Bundles - getClasspathEntries(Bundle=com.google.guava_33.3.0.jre [16])
2025-09-12 12:30:17,453 [Worker-56: Launching hedera-demo (1)] INFO  o.eclipse.m2e.core.internal.Bundles - 	Entry: D:\study\JAVA\eclipse\plugins\com.google.guava_33.3.0.jre.jar
2025-09-12 12:30:17,453 [Worker-56: Launching hedera-demo (1)] INFO  o.eclipse.m2e.core.internal.Bundles - getClasspathEntries(Bundle=slf4j.api_2.0.16 [1008])
2025-09-12 12:30:17,453 [Worker-56: Launching hedera-demo (1)] INFO  o.eclipse.m2e.core.internal.Bundles - 	Entry: D:\study\JAVA\eclipse\plugins\slf4j.api_2.0.16.jar
2025-09-12 12:30:17,453 [Worker-56: Launching hedera-demo (1)] INFO  o.eclipse.m2e.core.internal.Bundles - getClasspathEntries(Bundle=jakarta.inject.jakarta.inject-api_1.0.5 [34])
2025-09-12 12:30:17,453 [Worker-56: Launching hedera-demo (1)] INFO  o.eclipse.m2e.core.internal.Bundles - 	Entry: D:\study\JAVA\eclipse\plugins\jakarta.inject.jakarta.inject-api_1.0.5.jar
2025-09-12 12:30:17,453 [Worker-56: Launching hedera-demo (1)] INFO  o.eclipse.m2e.core.internal.Bundles - getClasspathEntries(Bundle=jakarta.annotation-api_1.3.5 [29])
2025-09-12 12:30:17,453 [Worker-56: Launching hedera-demo (1)] INFO  o.eclipse.m2e.core.internal.Bundles - 	Entry: D:\study\JAVA\eclipse\plugins\jakarta.annotation-api_1.3.5.jar
2025-09-12 12:30:17,453 [Worker-56: Launching hedera-demo (1)] INFO  o.eclipse.m2e.core.internal.Bundles - getClasspathEntries(Bundle=org.apache.commons.cli_1.9.0 [78])
2025-09-12 12:30:17,454 [Worker-56: Launching hedera-demo (1)] INFO  o.eclipse.m2e.core.internal.Bundles - 	Entry: D:\study\JAVA\eclipse\plugins\org.apache.commons.cli_1.9.0.jar
2025-09-12 12:30:17,454 [Worker-56: Launching hedera-demo (1)] INFO  o.eclipse.m2e.core.internal.Bundles - getClasspathEntries(Bundle=org.apache.commons.commons-codec_1.16.0 [81])
2025-09-12 12:30:17,454 [Worker-56: Launching hedera-demo (1)] INFO  o.eclipse.m2e.core.internal.Bundles - 	Entry: D:\study\JAVA\eclipse\plugins\org.apache.commons.commons-codec_1.16.0.jar
2025-09-12 12:30:17,454 [Worker-56: Launching hedera-demo (1)] INFO  o.eclipse.m2e.core.internal.Bundles - getClasspathEntries(Bundle=com.google.guava.failureaccess_1.0.2 [17])
2025-09-12 12:30:17,455 [Worker-56: Launching hedera-demo (1)] INFO  o.eclipse.m2e.core.internal.Bundles - 	Entry: D:\study\JAVA\eclipse\plugins\com.google.guava.failureaccess_1.0.2.jar
2025-09-12 12:30:17,458 [Worker-56: Launching hedera-demo (1)] INFO  o.e.m.i.launch.MavenLaunchDelegate - Run build in "D:\study\protocol\Java\hedera-demo":
2025-09-12 12:30:17,459 [Worker-56: Launching hedera-demo (1)] INFO  o.e.m.i.launch.MavenLaunchDelegate -  mvn  -B -Dstyle.color=always compile
2025-09-12 12:31:10,753 [Worker-56: Building] INFO  o.a.m.s.f.DefaultMavenResourcesFiltering - Copying 0 resource from src\main\resources to target\classes
2025-09-12 12:31:10,757 [Worker-56: Building] INFO  o.a.m.s.f.DefaultMavenResourcesFiltering - Copying 0 resource from src\test\resources to target\test-classes
2025-09-12 16:40:56,267 [Worker-1: Loading available Gradle versions] INFO  o.e.b.c.i.u.g.PublishedGradleVersions - Gradle version information cache is up-to-date. Trying to read.
2025-09-12 16:41:29,399 [Worker-6: Building] INFO  o.a.m.s.f.DefaultMavenResourcesFiltering - Copying 0 resource from src\main\resources to target\classes
2025-09-12 16:41:29,404 [Worker-6: Building] INFO  o.a.m.s.f.DefaultMavenResourcesFiltering - Copying 0 resource from src\test\resources to target\test-classes
2025-09-12 16:41:35,754 [Worker-6: Building] INFO  o.a.m.s.f.DefaultMavenResourcesFiltering - Copying 0 resource from src\main\resources to target\classes
2025-09-12 16:41:35,757 [Worker-6: Building] INFO  o.a.m.s.f.DefaultMavenResourcesFiltering - Copying 0 resource from src\test\resources to target\test-classes
2025-10-02 17:38:07,820 [Worker-6: Loading available Gradle versions] INFO  o.e.b.c.i.u.g.PublishedGradleVersions - Gradle version information cache is out-of-date. Trying to update.
2025-10-02 17:39:06,500 [Worker-0: Building] INFO  o.a.m.s.f.DefaultMavenResourcesFiltering - Copying 0 resource from src\main\resources to target\classes
2025-10-02 17:39:06,505 [Worker-0: Building] INFO  o.a.m.s.f.DefaultMavenResourcesFiltering - Copying 0 resource from src\test\resources to target\test-classes
2025-10-02 17:40:44,533 [Worker-0: Building] INFO  o.a.m.s.f.DefaultMavenResourcesFiltering - Copying 0 resource from src\main\resources to target\classes
2025-10-02 17:40:44,536 [Worker-0: Building] INFO  o.a.m.s.f.DefaultMavenResourcesFiltering - Copying 0 resource from src\test\resources to target\test-classes
2025-10-02 19:51:42,681 [Worker-51: Building] INFO  o.a.m.s.f.DefaultMavenResourcesFiltering - Copying 0 resource from src\main\resources to target\classes
2025-10-02 19:51:42,685 [Worker-51: Building] INFO  o.a.m.s.f.DefaultMavenResourcesFiltering - Copying 0 resource from src\test\resources to target\test-classes
2025-10-02 19:52:15,539 [Worker-51: Building] INFO  o.a.m.s.f.DefaultMavenResourcesFiltering - Copying 0 resource from src\main\resources to target\classes
2025-10-02 19:52:15,540 [Worker-51: Building] INFO  o.a.m.s.f.DefaultMavenResourcesFiltering - Copying 0 resource from src\test\resources to target\test-classes
2025-10-02 19:53:34,421 [Worker-51: Building] INFO  o.a.m.s.f.DefaultMavenResourcesFiltering - Copying 0 resource from src\main\resources to target\classes
2025-10-02 19:53:34,423 [Worker-51: Building] INFO  o.a.m.s.f.DefaultMavenResourcesFiltering - Copying 0 resource from src\test\resources to target\test-classes
2025-10-02 20:04:06,390 [Worker-59: Building] INFO  o.a.m.s.f.DefaultMavenResourcesFiltering - Copying 0 resource from src\main\resources to target\classes
2025-10-02 20:04:06,392 [Worker-59: Building] INFO  o.a.m.s.f.DefaultMavenResourcesFiltering - Copying 0 resource from src\test\resources to target\test-classes
2025-10-02 20:05:19,422 [Worker-60: Building] INFO  o.a.m.s.f.DefaultMavenResourcesFiltering - Copying 0 resource from src\main\resources to target\classes
2025-10-02 20:05:19,424 [Worker-60: Building] INFO  o.a.m.s.f.DefaultMavenResourcesFiltering - Copying 0 resource from src\test\resources to target\test-classes
2025-10-02 20:09:22,160 [Worker-63: Building] INFO  o.a.m.s.f.DefaultMavenResourcesFiltering - Copying 0 resource from src\main\resources to target\classes
2025-10-02 20:09:22,163 [Worker-63: Building] INFO  o.a.m.s.f.DefaultMavenResourcesFiltering - Copying 0 resource from src\test\resources to target\test-classes
2025-10-02 20:09:28,916 [Worker-64: Building] INFO  o.a.m.s.f.DefaultMavenResourcesFiltering - Copying 0 resource from src\main\resources to target\classes
2025-10-02 20:09:28,919 [Worker-64: Building] INFO  o.a.m.s.f.DefaultMavenResourcesFiltering - Copying 0 resource from src\test\resources to target\test-classes
2025-10-02 20:09:47,018 [Worker-62: Building] INFO  o.a.m.s.f.DefaultMavenResourcesFiltering - Copying 0 resource from src\main\resources to target\classes
2025-10-02 20:09:47,020 [Worker-62: Building] INFO  o.a.m.s.f.DefaultMavenResourcesFiltering - Copying 0 resource from src\test\resources to target\test-classes
2025-10-02 23:37:03,635 [Worker-83: Building] INFO  o.a.m.s.f.DefaultMavenResourcesFiltering - Copying 0 resource from src\main\resources to target\classes
2025-10-02 23:37:03,637 [Worker-83: Building] INFO  o.a.m.s.f.DefaultMavenResourcesFiltering - Copying 0 resource from src\test\resources to target\test-classes
2025-10-03 17:09:21,181 [Worker-5: Loading available Gradle versions] INFO  o.e.b.c.i.u.g.PublishedGradleVersions - Gradle version information cache is up-to-date. Trying to read.
2025-10-10 13:42:27,246 [Worker-2: Loading available Gradle versions] INFO  o.e.b.c.i.u.g.PublishedGradleVersions - Gradle version information cache is out-of-date. Trying to update.
2025-10-10 13:42:29,881 [Worker-2: Loading available Gradle versions] INFO  o.e.b.c.i.u.g.PublishedGradleVersions - Updating Gradle version information cache failed. Using outdated cache.
2025-10-10 13:52:45,249 [Worker-33: Building] INFO  o.a.m.s.f.DefaultMavenResourcesFiltering - Copying 0 resource from src\main\resources to target\classes
2025-10-10 13:52:45,254 [Worker-33: Building] INFO  o.a.m.s.f.DefaultMavenResourcesFiltering - Copying 0 resource from src\test\resources to target\test-classes
2025-10-10 13:52:53,401 [Worker-31: Building] INFO  o.a.m.s.f.DefaultMavenResourcesFiltering - Copying 0 resource from src\main\resources to target\classes
2025-10-10 13:52:53,403 [Worker-31: Building] INFO  o.a.m.s.f.DefaultMavenResourcesFiltering - Copying 0 resource from src\test\resources to target\test-classes
2025-10-10 13:57:12,799 [Worker-35: Building] INFO  o.a.m.s.f.DefaultMavenResourcesFiltering - Copying 0 resource from src\main\resources to target\classes
2025-10-10 13:57:12,802 [Worker-35: Building] INFO  o.a.m.s.f.DefaultMavenResourcesFiltering - Copying 0 resource from src\test\resources to target\test-classes
2025-10-10 14:07:06,942 [Worker-40: Building] INFO  o.a.m.s.f.DefaultMavenResourcesFiltering - Copying 0 resource from src\main\resources to target\classes
2025-10-10 14:07:06,944 [Worker-40: Building] INFO  o.a.m.s.f.DefaultMavenResourcesFiltering - Copying 0 resource from src\test\resources to target\test-classes
2025-10-10 17:35:47,343 [Worker-7: Loading available Gradle versions] INFO  o.e.b.c.i.u.g.PublishedGradleVersions - Gradle version information cache is out-of-date. Trying to update.
2025-10-10 20:14:50,111 [Worker-51: Building] INFO  o.a.m.s.f.DefaultMavenResourcesFiltering - Copying 0 resource from src\main\resources to target\classes
2025-10-10 20:14:50,120 [Worker-51: Building] INFO  o.a.m.s.f.DefaultMavenResourcesFiltering - Copying 0 resource from src\test\resources to target\test-classes
2025-10-10 20:15:11,241 [Worker-53: Building] INFO  o.a.m.s.f.DefaultMavenResourcesFiltering - Copying 0 resource from src\main\resources to target\classes
2025-10-10 20:15:11,245 [Worker-53: Building] INFO  o.a.m.s.f.DefaultMavenResourcesFiltering - Copying 0 resource from src\test\resources to target\test-classes
2025-10-10 20:17:06,664 [Worker-53: Building] INFO  o.a.m.s.f.DefaultMavenResourcesFiltering - Copying 0 resource from src\main\resources to target\classes
2025-10-10 20:17:06,667 [Worker-53: Building] INFO  o.a.m.s.f.DefaultMavenResourcesFiltering - Copying 0 resource from src\test\resources to target\test-classes
2025-10-11 01:42:41,493 [Worker-4: Loading available Gradle versions] INFO  o.e.b.c.i.u.g.PublishedGradleVersions - Gradle version information cache is up-to-date. Trying to read.
2025-10-11 01:43:46,130 [Worker-27: Building] INFO  o.a.m.s.f.DefaultMavenResourcesFiltering - Copying 0 resource from src\main\resources to target\classes
2025-10-11 01:43:46,139 [Worker-27: Building] INFO  o.a.m.s.f.DefaultMavenResourcesFiltering - Copying 0 resource from src\test\resources to target\test-classes
2025-10-31 17:10:58,453 [Worker-5: Loading available Gradle versions] INFO  o.e.b.c.i.u.g.PublishedGradleVersions - Gradle version information cache is out-of-date. Trying to update.
2025-10-31 17:11:50,972 [Worker-20: Building] INFO  o.e.m.c.i.l.LifecycleMappingFactory - Using org.eclipse.m2e.jdt.JarLifecycleMapping lifecycle mapping for MavenProject: com.shivam.hedera:hedera-demo:0.0.1-SNAPSHOT @ D:\study\protocol\Java\hedera-demo\pom.xml.
2025-10-31 17:11:51,498 [Worker-20: Building] INFO  o.e.m.c.i.e.AbstractTransferListenerAdapter - Downloading https://repo.maven.apache.org/maven2/com/squareup/okhttp3/okhttp/4.12.0/okhttp-4.12.0.pom
2025-10-31 17:11:51,511 [Worker-20: Building] INFO  o.e.m.c.i.e.AbstractTransferListenerAdapter - Downloaded https://repo.maven.apache.org/maven2/com/squareup/okhttp3/okhttp/4.12.0/okhttp-4.12.0.pom
2025-10-31 17:11:51,558 [Worker-20: Building] INFO  o.e.m.c.i.e.AbstractTransferListenerAdapter - Downloading https://repo.maven.apache.org/maven2/com/squareup/okio/okio/3.6.0/okio-3.6.0.pom
2025-10-31 17:11:51,566 [Worker-20: Building] INFO  o.e.m.c.i.e.AbstractTransferListenerAdapter - Downloaded https://repo.maven.apache.org/maven2/com/squareup/okio/okio/3.6.0/okio-3.6.0.pom
2025-10-31 17:11:51,606 [Worker-20: Building] INFO  o.e.m.c.i.e.AbstractTransferListenerAdapter - Downloading https://repo.maven.apache.org/maven2/com/squareup/okio/okio-jvm/3.6.0/okio-jvm-3.6.0.pom
2025-10-31 17:11:51,611 [Worker-20: Building] INFO  o.e.m.c.i.e.AbstractTransferListenerAdapter - Downloaded https://repo.maven.apache.org/maven2/com/squareup/okio/okio-jvm/3.6.0/okio-jvm-3.6.0.pom
2025-10-31 17:11:51,668 [Worker-20: Building] INFO  o.e.m.c.i.e.AbstractTransferListenerAdapter - Downloading https://repo.maven.apache.org/maven2/org/jetbrains/kotlin/kotlin-stdlib-jdk8/1.9.10/kotlin-stdlib-jdk8-1.9.10.pom
2025-10-31 17:11:51,672 [Worker-20: Building] INFO  o.e.m.c.i.e.AbstractTransferListenerAdapter - Downloaded https://repo.maven.apache.org/maven2/org/jetbrains/kotlin/kotlin-stdlib-jdk8/1.9.10/kotlin-stdlib-jdk8-1.9.10.pom
2025-10-31 17:11:51,717 [Worker-20: Building] INFO  o.e.m.c.i.e.AbstractTransferListenerAdapter - Downloading https://repo.maven.apache.org/maven2/org/jetbrains/kotlin/kotlin-stdlib/1.9.10/kotlin-stdlib-1.9.10.pom
2025-10-31 17:11:51,722 [Worker-20: Building] INFO  o.e.m.c.i.e.AbstractTransferListenerAdapter - Downloaded https://repo.maven.apache.org/maven2/org/jetbrains/kotlin/kotlin-stdlib/1.9.10/kotlin-stdlib-1.9.10.pom
2025-10-31 17:11:51,764 [Worker-20: Building] INFO  o.e.m.c.i.e.AbstractTransferListenerAdapter - Downloading https://repo.maven.apache.org/maven2/org/jetbrains/kotlin/kotlin-stdlib-common/1.9.10/kotlin-stdlib-common-1.9.10.pom
2025-10-31 17:11:51,769 [Worker-20: Building] INFO  o.e.m.c.i.e.AbstractTransferListenerAdapter - Downloaded https://repo.maven.apache.org/maven2/org/jetbrains/kotlin/kotlin-stdlib-common/1.9.10/kotlin-stdlib-common-1.9.10.pom
2025-10-31 17:11:51,807 [Worker-20: Building] INFO  o.e.m.c.i.e.AbstractTransferListenerAdapter - Downloading https://repo.maven.apache.org/maven2/org/jetbrains/kotlin/kotlin-stdlib-jdk7/1.9.10/kotlin-stdlib-jdk7-1.9.10.pom
2025-10-31 17:11:51,812 [Worker-20: Building] INFO  o.e.m.c.i.e.AbstractTransferListenerAdapter - Downloaded https://repo.maven.apache.org/maven2/org/jetbrains/kotlin/kotlin-stdlib-jdk7/1.9.10/kotlin-stdlib-jdk7-1.9.10.pom
2025-10-31 17:11:51,860 [Worker-20: Building] INFO  o.e.m.c.i.e.AbstractTransferListenerAdapter - Downloading https://repo.maven.apache.org/maven2/org/jetbrains/kotlin/kotlin-stdlib-jdk8/1.8.21/kotlin-stdlib-jdk8-1.8.21.pom
2025-10-31 17:11:51,865 [Worker-20: Building] INFO  o.e.m.c.i.e.AbstractTransferListenerAdapter - Downloaded https://repo.maven.apache.org/maven2/org/jetbrains/kotlin/kotlin-stdlib-jdk8/1.8.21/kotlin-stdlib-jdk8-1.8.21.pom
2025-10-31 17:11:51,920 [Worker-20: Building] INFO  o.e.m.c.i.e.AbstractTransferListenerAdapter - Downloading https://repo.maven.apache.org/maven2/org/jetbrains/kotlin/kotlin-stdlib/1.8.21/kotlin-stdlib-1.8.21.pom
2025-10-31 17:11:51,924 [Worker-20: Building] INFO  o.e.m.c.i.e.AbstractTransferListenerAdapter - Downloaded https://repo.maven.apache.org/maven2/org/jetbrains/kotlin/kotlin-stdlib/1.8.21/kotlin-stdlib-1.8.21.pom
2025-10-31 17:11:51,962 [Worker-20: Building] INFO  o.e.m.c.i.e.AbstractTransferListenerAdapter - Downloading https://repo.maven.apache.org/maven2/org/jetbrains/kotlin/kotlin-stdlib-common/1.8.21/kotlin-stdlib-common-1.8.21.pom
2025-10-31 17:11:51,967 [Worker-20: Building] INFO  o.e.m.c.i.e.AbstractTransferListenerAdapter - Downloaded https://repo.maven.apache.org/maven2/org/jetbrains/kotlin/kotlin-stdlib-common/1.8.21/kotlin-stdlib-common-1.8.21.pom
2025-10-31 17:11:52,008 [Worker-20: Building] INFO  o.e.m.c.i.e.AbstractTransferListenerAdapter - Downloading https://repo.maven.apache.org/maven2/org/jetbrains/kotlin/kotlin-stdlib-jdk7/1.8.21/kotlin-stdlib-jdk7-1.8.21.pom
2025-10-31 17:11:52,013 [Worker-20: Building] INFO  o.e.m.c.i.e.AbstractTransferListenerAdapter - Downloaded https://repo.maven.apache.org/maven2/org/jetbrains/kotlin/kotlin-stdlib-jdk7/1.8.21/kotlin-stdlib-jdk7-1.8.21.pom
2025-10-31 17:11:52,148 [Worker-20: Building] INFO  o.e.m.c.i.e.AbstractTransferListenerAdapter - Downloading https://repo.maven.apache.org/maven2/com/squareup/okhttp3/okhttp/4.12.0/okhttp-4.12.0.jar
2025-10-31 17:11:52,264 [Worker-20: Building] INFO  o.e.m.c.i.e.AbstractTransferListenerAdapter - Downloaded https://repo.maven.apache.org/maven2/com/squareup/okhttp3/okhttp/4.12.0/okhttp-4.12.0.jar
2025-10-31 17:11:52,292 [BasicRepositoryConnector-repo.maven.apache.org-0-0] INFO  o.e.m.c.i.e.AbstractTransferListenerAdapter - Downloading https://repo.maven.apache.org/maven2/com/squareup/okio/okio/3.6.0/okio-3.6.0.jar
2025-10-31 17:11:52,297 [BasicRepositoryConnector-repo.maven.apache.org-0-0] INFO  o.e.m.c.i.e.AbstractTransferListenerAdapter - Downloaded https://repo.maven.apache.org/maven2/com/squareup/okio/okio/3.6.0/okio-3.6.0.jar
2025-10-31 17:11:52,322 [BasicRepositoryConnector-repo.maven.apache.org-0-4] INFO  o.e.m.c.i.e.AbstractTransferListenerAdapter - Downloading https://repo.maven.apache.org/maven2/org/jetbrains/kotlin/kotlin-stdlib/1.8.21/kotlin-stdlib-1.8.21.jar
2025-10-31 17:11:52,328 [BasicRepositoryConnector-repo.maven.apache.org-0-0] INFO  o.e.m.c.i.e.AbstractTransferListenerAdapter - Downloading https://repo.maven.apache.org/maven2/org/jetbrains/kotlin/kotlin-stdlib-jdk7/1.8.21/kotlin-stdlib-jdk7-1.8.21.jar
2025-10-31 17:11:52,332 [BasicRepositoryConnector-repo.maven.apache.org-0-3] INFO  o.e.m.c.i.e.AbstractTransferListenerAdapter - Downloading https://repo.maven.apache.org/maven2/org/jetbrains/kotlin/kotlin-stdlib-jdk8/1.8.21/kotlin-stdlib-jdk8-1.8.21.jar
2025-10-31 17:11:52,335 [BasicRepositoryConnector-repo.maven.apache.org-0-0] INFO  o.e.m.c.i.e.AbstractTransferListenerAdapter - Downloaded https://repo.maven.apache.org/maven2/org/jetbrains/kotlin/kotlin-stdlib-jdk7/1.8.21/kotlin-stdlib-jdk7-1.8.21.jar
2025-10-31 17:11:52,338 [BasicRepositoryConnector-repo.maven.apache.org-0-2] INFO  o.e.m.c.i.e.AbstractTransferListenerAdapter - Downloading https://repo.maven.apache.org/maven2/org/jetbrains/kotlin/kotlin-stdlib-common/1.9.10/kotlin-stdlib-common-1.9.10.jar
2025-10-31 17:11:52,339 [BasicRepositoryConnector-repo.maven.apache.org-0-3] INFO  o.e.m.c.i.e.AbstractTransferListenerAdapter - Downloaded https://repo.maven.apache.org/maven2/org/jetbrains/kotlin/kotlin-stdlib-jdk8/1.8.21/kotlin-stdlib-jdk8-1.8.21.jar
2025-10-31 17:11:52,374 [BasicRepositoryConnector-repo.maven.apache.org-0-1] INFO  o.e.m.c.i.e.AbstractTransferListenerAdapter - Downloading https://repo.maven.apache.org/maven2/com/squareup/okio/okio-jvm/3.6.0/okio-jvm-3.6.0.jar
2025-10-31 17:11:52,756 [BasicRepositoryConnector-repo.maven.apache.org-0-2] INFO  o.e.m.c.i.e.AbstractTransferListenerAdapter - Downloaded https://repo.maven.apache.org/maven2/org/jetbrains/kotlin/kotlin-stdlib-common/1.9.10/kotlin-stdlib-common-1.9.10.jar
2025-10-31 17:11:52,831 [BasicRepositoryConnector-repo.maven.apache.org-0-4] INFO  o.e.m.c.i.e.AbstractTransferListenerAdapter - Downloaded https://repo.maven.apache.org/maven2/org/jetbrains/kotlin/kotlin-stdlib/1.8.21/kotlin-stdlib-1.8.21.jar
2025-10-31 17:11:53,358 [BasicRepositoryConnector-repo.maven.apache.org-0-1] INFO  o.e.m.c.i.e.AbstractTransferListenerAdapter - Downloaded https://repo.maven.apache.org/maven2/com/squareup/okio/okio-jvm/3.6.0/okio-jvm-3.6.0.jar
2025-10-31 17:11:53,710 [Worker-20: Building] INFO  o.a.m.s.f.DefaultMavenResourcesFiltering - Copying 0 resource from src\main\resources to target\classes
2025-10-31 17:11:53,715 [Worker-20: Building] INFO  o.a.m.s.f.DefaultMavenResourcesFiltering - Copying 0 resource from src\test\resources to target\test-classes
2025-10-31 17:11:54,595 [Worker-10: Download sources and javadoc] INFO  o.e.m.c.i.e.AbstractTransferListenerAdapter - Downloading https://repo.maven.apache.org/maven2/com/squareup/okhttp3/okhttp/4.12.0/okhttp-4.12.0-sources.jar
2025-10-31 17:11:54,635 [Worker-10: Download sources and javadoc] INFO  o.e.m.c.i.e.AbstractTransferListenerAdapter - Downloaded https://repo.maven.apache.org/maven2/com/squareup/okhttp3/okhttp/4.12.0/okhttp-4.12.0-sources.jar
2025-10-31 17:11:54,641 [Worker-10: Download sources and javadoc] INFO  o.e.m.j.internal.DownloadSourcesJob - Downloaded sources for com.squareup.okhttp3:okhttp:4.12.0
2025-10-31 17:11:54,702 [Worker-10: Download sources and javadoc] INFO  o.e.m.c.i.e.AbstractTransferListenerAdapter - Downloading https://repo.maven.apache.org/maven2/com/squareup/okio/okio/3.6.0/okio-3.6.0-sources.jar
2025-10-31 17:11:54,722 [Worker-10: Download sources and javadoc] INFO  o.e.m.c.i.e.AbstractTransferListenerAdapter - Downloaded https://repo.maven.apache.org/maven2/com/squareup/okio/okio/3.6.0/okio-3.6.0-sources.jar
2025-10-31 17:11:54,726 [Worker-10: Download sources and javadoc] INFO  o.e.m.j.internal.DownloadSourcesJob - Downloaded sources for com.squareup.okio:okio:3.6.0
2025-10-31 17:11:54,779 [Worker-10: Download sources and javadoc] INFO  o.e.m.c.i.e.AbstractTransferListenerAdapter - Downloading https://repo.maven.apache.org/maven2/com/squareup/okio/okio-jvm/3.6.0/okio-jvm-3.6.0-sources.jar
2025-10-31 17:11:54,804 [Worker-10: Download sources and javadoc] INFO  o.e.m.c.i.e.AbstractTransferListenerAdapter - Downloaded https://repo.maven.apache.org/maven2/com/squareup/okio/okio-jvm/3.6.0/okio-jvm-3.6.0-sources.jar
2025-10-31 17:11:54,807 [Worker-10: Download sources and javadoc] INFO  o.e.m.j.internal.DownloadSourcesJob - Downloaded sources for com.squareup.okio:okio-jvm:3.6.0
2025-10-31 17:11:54,861 [Worker-10: Download sources and javadoc] INFO  o.e.m.c.i.e.AbstractTransferListenerAdapter - Downloading https://repo.maven.apache.org/maven2/org/jetbrains/kotlin/kotlin-stdlib-common/1.9.10/kotlin-stdlib-common-1.9.10-sources.jar
2025-10-31 17:11:54,900 [Worker-10: Download sources and javadoc] INFO  o.e.m.c.i.e.AbstractTransferListenerAdapter - Downloaded https://repo.maven.apache.org/maven2/org/jetbrains/kotlin/kotlin-stdlib-common/1.9.10/kotlin-stdlib-common-1.9.10-sources.jar
2025-10-31 17:11:54,904 [Worker-10: Download sources and javadoc] INFO  o.e.m.j.internal.DownloadSourcesJob - Downloaded sources for org.jetbrains.kotlin:kotlin-stdlib-common:1.9.10
2025-10-31 17:11:54,958 [Worker-10: Download sources and javadoc] INFO  o.e.m.c.i.e.AbstractTransferListenerAdapter - Downloading https://repo.maven.apache.org/maven2/org/jetbrains/kotlin/kotlin-stdlib-jdk8/1.8.21/kotlin-stdlib-jdk8-1.8.21-sources.jar
2025-10-31 17:11:54,964 [Worker-10: Download sources and javadoc] INFO  o.e.m.c.i.e.AbstractTransferListenerAdapter - Downloaded https://repo.maven.apache.org/maven2/org/jetbrains/kotlin/kotlin-stdlib-jdk8/1.8.21/kotlin-stdlib-jdk8-1.8.21-sources.jar
2025-10-31 17:11:54,969 [Worker-10: Download sources and javadoc] INFO  o.e.m.j.internal.DownloadSourcesJob - Downloaded sources for org.jetbrains.kotlin:kotlin-stdlib-jdk8:1.8.21
2025-10-31 17:11:55,038 [Worker-10: Download sources and javadoc] INFO  o.e.m.c.i.e.AbstractTransferListenerAdapter - Downloading https://repo.maven.apache.org/maven2/org/jetbrains/kotlin/kotlin-stdlib/1.8.21/kotlin-stdlib-1.8.21-sources.jar
2025-10-31 17:11:55,068 [Worker-10: Download sources and javadoc] INFO  o.e.m.c.i.e.AbstractTransferListenerAdapter - Downloaded https://repo.maven.apache.org/maven2/org/jetbrains/kotlin/kotlin-stdlib/1.8.21/kotlin-stdlib-1.8.21-sources.jar
2025-10-31 17:11:55,071 [Worker-10: Download sources and javadoc] INFO  o.e.m.j.internal.DownloadSourcesJob - Downloaded sources for org.jetbrains.kotlin:kotlin-stdlib:1.8.21
2025-10-31 17:11:55,121 [Worker-10: Download sources and javadoc] INFO  o.e.m.c.i.e.AbstractTransferListenerAdapter - Downloading https://repo.maven.apache.org/maven2/org/jetbrains/kotlin/kotlin-stdlib-jdk7/1.8.21/kotlin-stdlib-jdk7-1.8.21-sources.jar
2025-10-31 17:11:55,124 [Worker-10: Download sources and javadoc] INFO  o.e.m.c.i.e.AbstractTransferListenerAdapter - Downloaded https://repo.maven.apache.org/maven2/org/jetbrains/kotlin/kotlin-stdlib-jdk7/1.8.21/kotlin-stdlib-jdk7-1.8.21-sources.jar
2025-10-31 17:11:55,128 [Worker-10: Download sources and javadoc] INFO  o.e.m.j.internal.DownloadSourcesJob - Downloaded sources for org.jetbrains.kotlin:kotlin-stdlib-jdk7:1.8.21
2025-10-31 17:11:56,494 [Worker-0: Building] INFO  o.a.m.s.f.DefaultMavenResourcesFiltering - Copying 0 resource from src\main\resources to target\classes
2025-10-31 17:11:56,496 [Worker-0: Building] INFO  o.a.m.s.f.DefaultMavenResourcesFiltering - Copying 0 resource from src\test\resources to target\test-classes
2025-10-31 17:11:59,028 [main] INFO  o.e.m2e.actions.ExecutePomAction - Creating new launch configuration
2025-10-31 17:12:06,525 [Worker-8: Launching hedera-demo (2)] INFO  o.eclipse.m2e.core.internal.Bundles - getClasspathEntries(Bundle=org.eclipse.m2e.maven.runtime_3.9.900.20240824-1409 [643])
2025-10-31 17:12:06,528 [Worker-8: Launching hedera-demo (2)] INFO  o.eclipse.m2e.core.internal.Bundles - 	Entry: D:\study\JAVA\eclipse\plugins\org.eclipse.m2e.maven.runtime_3.9.900.20240824-1409
2025-10-31 17:12:06,528 [Worker-8: Launching hedera-demo (2)] INFO  o.eclipse.m2e.core.internal.Bundles - 	Entry: D:\study\JAVA\eclipse\plugins\org.eclipse.m2e.maven.runtime_3.9.900.20240824-1409\jars\aopalliance-1.0.jar
2025-10-31 17:12:06,528 [Worker-8: Launching hedera-demo (2)] INFO  o.eclipse.m2e.core.internal.Bundles - 	Entry: D:\study\JAVA\eclipse\plugins\org.eclipse.m2e.maven.runtime_3.9.900.20240824-1409\jars\guice-5.1.0.jar
2025-10-31 17:12:06,528 [Worker-8: Launching hedera-demo (2)] INFO  o.eclipse.m2e.core.internal.Bundles - 	Entry: D:\study\JAVA\eclipse\plugins\org.eclipse.m2e.maven.runtime_3.9.900.20240824-1409\jars\httpclient-4.5.14.jar
2025-10-31 17:12:06,528 [Worker-8: Launching hedera-demo (2)] INFO  o.eclipse.m2e.core.internal.Bundles - 	Entry: D:\study\JAVA\eclipse\plugins\org.eclipse.m2e.maven.runtime_3.9.900.20240824-1409\jars\httpcore-4.4.16.jar
2025-10-31 17:12:06,529 [Worker-8: Launching hedera-demo (2)] INFO  o.eclipse.m2e.core.internal.Bundles - 	Entry: D:\study\JAVA\eclipse\plugins\org.eclipse.m2e.maven.runtime_3.9.900.20240824-1409\jars\jansi-2.4.1.jar
2025-10-31 17:12:06,529 [Worker-8: Launching hedera-demo (2)] INFO  o.eclipse.m2e.core.internal.Bundles - 	Entry: D:\study\JAVA\eclipse\plugins\org.eclipse.m2e.maven.runtime_3.9.900.20240824-1409\jars\jcl-over-slf4j-1.7.36.jar
2025-10-31 17:12:06,529 [Worker-8: Launching hedera-demo (2)] INFO  o.eclipse.m2e.core.internal.Bundles - 	Entry: D:\study\JAVA\eclipse\plugins\org.eclipse.m2e.maven.runtime_3.9.900.20240824-1409\jars\maven-artifact-3.9.9.jar
2025-10-31 17:12:06,529 [Worker-8: Launching hedera-demo (2)] INFO  o.eclipse.m2e.core.internal.Bundles - 	Entry: D:\study\JAVA\eclipse\plugins\org.eclipse.m2e.maven.runtime_3.9.900.20240824-1409\jars\maven-builder-support-3.9.9.jar
2025-10-31 17:12:06,529 [Worker-8: Launching hedera-demo (2)] INFO  o.eclipse.m2e.core.internal.Bundles - 	Entry: D:\study\JAVA\eclipse\plugins\org.eclipse.m2e.maven.runtime_3.9.900.20240824-1409\jars\maven-compat-3.9.9.jar
2025-10-31 17:12:06,529 [Worker-8: Launching hedera-demo (2)] INFO  o.eclipse.m2e.core.internal.Bundles - 	Entry: D:\study\JAVA\eclipse\plugins\org.eclipse.m2e.maven.runtime_3.9.900.20240824-1409\jars\maven-core-3.9.9.jar
2025-10-31 17:12:06,529 [Worker-8: Launching hedera-demo (2)] INFO  o.eclipse.m2e.core.internal.Bundles - 	Entry: D:\study\JAVA\eclipse\plugins\org.eclipse.m2e.maven.runtime_3.9.900.20240824-1409\jars\maven-embedder-3.9.9.jar
2025-10-31 17:12:06,529 [Worker-8: Launching hedera-demo (2)] INFO  o.eclipse.m2e.core.internal.Bundles - 	Entry: D:\study\JAVA\eclipse\plugins\org.eclipse.m2e.maven.runtime_3.9.900.20240824-1409\jars\maven-model-3.9.9.jar
2025-10-31 17:12:06,529 [Worker-8: Launching hedera-demo (2)] INFO  o.eclipse.m2e.core.internal.Bundles - 	Entry: D:\study\JAVA\eclipse\plugins\org.eclipse.m2e.maven.runtime_3.9.900.20240824-1409\jars\maven-model-builder-3.9.9.jar
2025-10-31 17:12:06,529 [Worker-8: Launching hedera-demo (2)] INFO  o.eclipse.m2e.core.internal.Bundles - 	Entry: D:\study\JAVA\eclipse\plugins\org.eclipse.m2e.maven.runtime_3.9.900.20240824-1409\jars\maven-plugin-api-3.9.9.jar
2025-10-31 17:12:06,529 [Worker-8: Launching hedera-demo (2)] INFO  o.eclipse.m2e.core.internal.Bundles - 	Entry: D:\study\JAVA\eclipse\plugins\org.eclipse.m2e.maven.runtime_3.9.900.20240824-1409\jars\maven-repository-metadata-3.9.9.jar
2025-10-31 17:12:06,529 [Worker-8: Launching hedera-demo (2)] INFO  o.eclipse.m2e.core.internal.Bundles - 	Entry: D:\study\JAVA\eclipse\plugins\org.eclipse.m2e.maven.runtime_3.9.900.20240824-1409\jars\maven-resolver-api-1.9.22.jar
2025-10-31 17:12:06,529 [Worker-8: Launching hedera-demo (2)] INFO  o.eclipse.m2e.core.internal.Bundles - 	Entry: D:\study\JAVA\eclipse\plugins\org.eclipse.m2e.maven.runtime_3.9.900.20240824-1409\jars\maven-resolver-connector-basic-1.9.22.jar
2025-10-31 17:12:06,530 [Worker-8: Launching hedera-demo (2)] INFO  o.eclipse.m2e.core.internal.Bundles - 	Entry: D:\study\JAVA\eclipse\plugins\org.eclipse.m2e.maven.runtime_3.9.900.20240824-1409\jars\maven-resolver-impl-1.9.22.jar
2025-10-31 17:12:06,530 [Worker-8: Launching hedera-demo (2)] INFO  o.eclipse.m2e.core.internal.Bundles - 	Entry: D:\study\JAVA\eclipse\plugins\org.eclipse.m2e.maven.runtime_3.9.900.20240824-1409\jars\maven-resolver-named-locks-1.9.22.jar
2025-10-31 17:12:06,530 [Worker-8: Launching hedera-demo (2)] INFO  o.eclipse.m2e.core.internal.Bundles - 	Entry: D:\study\JAVA\eclipse\plugins\org.eclipse.m2e.maven.runtime_3.9.900.20240824-1409\jars\maven-resolver-provider-3.9.9.jar
2025-10-31 17:12:06,530 [Worker-8: Launching hedera-demo (2)] INFO  o.eclipse.m2e.core.internal.Bundles - 	Entry: D:\study\JAVA\eclipse\plugins\org.eclipse.m2e.maven.runtime_3.9.900.20240824-1409\jars\maven-resolver-spi-1.9.22.jar
2025-10-31 17:12:06,530 [Worker-8: Launching hedera-demo (2)] INFO  o.eclipse.m2e.core.internal.Bundles - 	Entry: D:\study\JAVA\eclipse\plugins\org.eclipse.m2e.maven.runtime_3.9.900.20240824-1409\jars\maven-resolver-transport-file-1.9.22.jar
2025-10-31 17:12:06,530 [Worker-8: Launching hedera-demo (2)] INFO  o.eclipse.m2e.core.internal.Bundles - 	Entry: D:\study\JAVA\eclipse\plugins\org.eclipse.m2e.maven.runtime_3.9.900.20240824-1409\jars\maven-resolver-transport-http-1.9.22.jar
2025-10-31 17:12:06,530 [Worker-8: Launching hedera-demo (2)] INFO  o.eclipse.m2e.core.internal.Bundles - 	Entry: D:\study\JAVA\eclipse\plugins\org.eclipse.m2e.maven.runtime_3.9.900.20240824-1409\jars\maven-resolver-transport-wagon-1.9.22.jar
2025-10-31 17:12:06,530 [Worker-8: Launching hedera-demo (2)] INFO  o.eclipse.m2e.core.internal.Bundles - 	Entry: D:\study\JAVA\eclipse\plugins\org.eclipse.m2e.maven.runtime_3.9.900.20240824-1409\jars\maven-resolver-util-1.9.22.jar
2025-10-31 17:12:06,531 [Worker-8: Launching hedera-demo (2)] INFO  o.eclipse.m2e.core.internal.Bundles - 	Entry: D:\study\JAVA\eclipse\plugins\org.eclipse.m2e.maven.runtime_3.9.900.20240824-1409\jars\maven-settings-3.9.9.jar
2025-10-31 17:12:06,531 [Worker-8: Launching hedera-demo (2)] INFO  o.eclipse.m2e.core.internal.Bundles - 	Entry: D:\study\JAVA\eclipse\plugins\org.eclipse.m2e.maven.runtime_3.9.900.20240824-1409\jars\maven-settings-builder-3.9.9.jar
2025-10-31 17:12:06,531 [Worker-8: Launching hedera-demo (2)] INFO  o.eclipse.m2e.core.internal.Bundles - 	Entry: D:\study\JAVA\eclipse\plugins\org.eclipse.m2e.maven.runtime_3.9.900.20240824-1409\jars\maven-shared-utils-3.4.2.jar
2025-10-31 17:12:06,531 [Worker-8: Launching hedera-demo (2)] INFO  o.eclipse.m2e.core.internal.Bundles - 	Entry: D:\study\JAVA\eclipse\plugins\org.eclipse.m2e.maven.runtime_3.9.900.20240824-1409\jars\org.eclipse.sisu.inject-0.9.0.M3.jar
2025-10-31 17:12:06,531 [Worker-8: Launching hedera-demo (2)] INFO  o.eclipse.m2e.core.internal.Bundles - 	Entry: D:\study\JAVA\eclipse\plugins\org.eclipse.m2e.maven.runtime_3.9.900.20240824-1409\jars\org.eclipse.sisu.plexus-0.9.0.M3.jar
2025-10-31 17:12:06,531 [Worker-8: Launching hedera-demo (2)] INFO  o.eclipse.m2e.core.internal.Bundles - 	Entry: D:\study\JAVA\eclipse\plugins\org.eclipse.m2e.maven.runtime_3.9.900.20240824-1409\jars\plexus-build-api-0.0.7.jar
2025-10-31 17:12:06,531 [Worker-8: Launching hedera-demo (2)] INFO  o.eclipse.m2e.core.internal.Bundles - 	Entry: D:\study\JAVA\eclipse\plugins\org.eclipse.m2e.maven.runtime_3.9.900.20240824-1409\jars\plexus-build-api-1.2.0.jar
2025-10-31 17:12:06,531 [Worker-8: Launching hedera-demo (2)] INFO  o.eclipse.m2e.core.internal.Bundles - 	Entry: D:\study\JAVA\eclipse\plugins\org.eclipse.m2e.maven.runtime_3.9.900.20240824-1409\jars\plexus-cipher-2.0.jar
2025-10-31 17:12:06,531 [Worker-8: Launching hedera-demo (2)] INFO  o.eclipse.m2e.core.internal.Bundles - 	Entry: D:\study\JAVA\eclipse\plugins\org.eclipse.m2e.maven.runtime_3.9.900.20240824-1409\jars\plexus-classworlds-2.8.0.jar
2025-10-31 17:12:06,531 [Worker-8: Launching hedera-demo (2)] INFO  o.eclipse.m2e.core.internal.Bundles - 	Entry: D:\study\JAVA\eclipse\plugins\org.eclipse.m2e.maven.runtime_3.9.900.20240824-1409\jars\plexus-component-annotations-2.1.0.jar
2025-10-31 17:12:06,531 [Worker-8: Launching hedera-demo (2)] INFO  o.eclipse.m2e.core.internal.Bundles - 	Entry: D:\study\JAVA\eclipse\plugins\org.eclipse.m2e.maven.runtime_3.9.900.20240824-1409\jars\plexus-interpolation-1.27.jar
2025-10-31 17:12:06,532 [Worker-8: Launching hedera-demo (2)] INFO  o.eclipse.m2e.core.internal.Bundles - 	Entry: D:\study\JAVA\eclipse\plugins\org.eclipse.m2e.maven.runtime_3.9.900.20240824-1409\jars\plexus-sec-dispatcher-2.0.jar
2025-10-31 17:12:06,532 [Worker-8: Launching hedera-demo (2)] INFO  o.eclipse.m2e.core.internal.Bundles - 	Entry: D:\study\JAVA\eclipse\plugins\org.eclipse.m2e.maven.runtime_3.9.900.20240824-1409\jars\plexus-utils-3.5.1.jar
2025-10-31 17:12:06,532 [Worker-8: Launching hedera-demo (2)] INFO  o.eclipse.m2e.core.internal.Bundles - 	Entry: D:\study\JAVA\eclipse\plugins\org.eclipse.m2e.maven.runtime_3.9.900.20240824-1409\jars\plexus-xml-3.0.1.jar
2025-10-31 17:12:06,532 [Worker-8: Launching hedera-demo (2)] INFO  o.eclipse.m2e.core.internal.Bundles - 	Entry: D:\study\JAVA\eclipse\plugins\org.eclipse.m2e.maven.runtime_3.9.900.20240824-1409\jars\wagon-file-3.5.3.jar
2025-10-31 17:12:06,532 [Worker-8: Launching hedera-demo (2)] INFO  o.eclipse.m2e.core.internal.Bundles - 	Entry: D:\study\JAVA\eclipse\plugins\org.eclipse.m2e.maven.runtime_3.9.900.20240824-1409\jars\wagon-http-3.5.3.jar
2025-10-31 17:12:06,532 [Worker-8: Launching hedera-demo (2)] INFO  o.eclipse.m2e.core.internal.Bundles - 	Entry: D:\study\JAVA\eclipse\plugins\org.eclipse.m2e.maven.runtime_3.9.900.20240824-1409\jars\wagon-http-shared-3.5.3.jar
2025-10-31 17:12:06,532 [Worker-8: Launching hedera-demo (2)] INFO  o.eclipse.m2e.core.internal.Bundles - 	Entry: D:\study\JAVA\eclipse\plugins\org.eclipse.m2e.maven.runtime_3.9.900.20240824-1409\jars\wagon-provider-api-3.5.3.jar
2025-10-31 17:12:06,534 [Worker-8: Launching hedera-demo (2)] INFO  o.eclipse.m2e.core.internal.Bundles - getClasspathEntries(Bundle=com.google.guava_33.3.0.jre [16])
2025-10-31 17:12:06,535 [Worker-8: Launching hedera-demo (2)] INFO  o.eclipse.m2e.core.internal.Bundles - 	Entry: D:\study\JAVA\eclipse\plugins\com.google.guava_33.3.0.jre.jar
2025-10-31 17:12:06,535 [Worker-8: Launching hedera-demo (2)] INFO  o.eclipse.m2e.core.internal.Bundles - getClasspathEntries(Bundle=slf4j.api_2.0.16 [1008])
2025-10-31 17:12:06,535 [Worker-8: Launching hedera-demo (2)] INFO  o.eclipse.m2e.core.internal.Bundles - 	Entry: D:\study\JAVA\eclipse\plugins\slf4j.api_2.0.16.jar
2025-10-31 17:12:06,535 [Worker-8: Launching hedera-demo (2)] INFO  o.eclipse.m2e.core.internal.Bundles - getClasspathEntries(Bundle=jakarta.inject.jakarta.inject-api_1.0.5 [34])
2025-10-31 17:12:06,535 [Worker-8: Launching hedera-demo (2)] INFO  o.eclipse.m2e.core.internal.Bundles - 	Entry: D:\study\JAVA\eclipse\plugins\jakarta.inject.jakarta.inject-api_1.0.5.jar
2025-10-31 17:12:06,535 [Worker-8: Launching hedera-demo (2)] INFO  o.eclipse.m2e.core.internal.Bundles - getClasspathEntries(Bundle=jakarta.annotation-api_1.3.5 [29])
2025-10-31 17:12:06,536 [Worker-8: Launching hedera-demo (2)] INFO  o.eclipse.m2e.core.internal.Bundles - 	Entry: D:\study\JAVA\eclipse\plugins\jakarta.annotation-api_1.3.5.jar
2025-10-31 17:12:06,536 [Worker-8: Launching hedera-demo (2)] INFO  o.eclipse.m2e.core.internal.Bundles - getClasspathEntries(Bundle=org.apache.commons.cli_1.9.0 [78])
2025-10-31 17:12:06,536 [Worker-8: Launching hedera-demo (2)] INFO  o.eclipse.m2e.core.internal.Bundles - 	Entry: D:\study\JAVA\eclipse\plugins\org.apache.commons.cli_1.9.0.jar
2025-10-31 17:12:06,536 [Worker-8: Launching hedera-demo (2)] INFO  o.eclipse.m2e.core.internal.Bundles - getClasspathEntries(Bundle=org.apache.commons.commons-codec_1.16.0 [81])
2025-10-31 17:12:06,536 [Worker-8: Launching hedera-demo (2)] INFO  o.eclipse.m2e.core.internal.Bundles - 	Entry: D:\study\JAVA\eclipse\plugins\org.apache.commons.commons-codec_1.16.0.jar
2025-10-31 17:12:06,536 [Worker-8: Launching hedera-demo (2)] INFO  o.eclipse.m2e.core.internal.Bundles - getClasspathEntries(Bundle=com.google.guava.failureaccess_1.0.2 [17])
2025-10-31 17:12:06,536 [Worker-8: Launching hedera-demo (2)] INFO  o.eclipse.m2e.core.internal.Bundles - 	Entry: D:\study\JAVA\eclipse\plugins\com.google.guava.failureaccess_1.0.2.jar
2025-10-31 17:12:06,539 [Worker-8: Launching hedera-demo (2)] INFO  o.e.m.i.launch.MavenLaunchDelegate - Run build in "D:\study\protocol\Java\hedera-demo":
2025-10-31 17:12:06,544 [Worker-8: Launching hedera-demo (2)] INFO  o.e.m.i.launch.MavenLaunchDelegate -  mvn  -B -Dstyle.color=always compile
2025-10-31 17:39:37,800 [Worker-33: Building] INFO  o.a.m.s.f.DefaultMavenResourcesFiltering - Copying 0 resource from src\main\resources to target\classes
2025-10-31 17:39:37,805 [Worker-33: Building] INFO  o.a.m.s.f.DefaultMavenResourcesFiltering - Copying 0 resource from src\test\resources to target\test-classes
2025-10-31 17:39:45,443 [Worker-34: Building] INFO  o.a.m.s.f.DefaultMavenResourcesFiltering - Copying 0 resource from src\main\resources to target\classes
2025-10-31 17:39:45,445 [Worker-34: Building] INFO  o.a.m.s.f.DefaultMavenResourcesFiltering - Copying 0 resource from src\test\resources to target\test-classes
2025-10-31 17:41:17,767 [Worker-34: Building] INFO  o.a.m.s.f.DefaultMavenResourcesFiltering - Copying 0 resource from src\main\resources to target\classes
2025-10-31 17:41:17,769 [Worker-34: Building] INFO  o.a.m.s.f.DefaultMavenResourcesFiltering - Copying 0 resource from src\test\resources to target\test-classes
2025-10-31 17:41:30,734 [Worker-29: Building] INFO  o.a.m.s.f.DefaultMavenResourcesFiltering - Copying 0 resource from src\main\resources to target\classes
2025-10-31 17:41:30,736 [Worker-29: Building] INFO  o.a.m.s.f.DefaultMavenResourcesFiltering - Copying 0 resource from src\test\resources to target\test-classes
2025-10-31 19:02:53,606 [Worker-45: Building] INFO  o.a.m.s.f.DefaultMavenResourcesFiltering - Copying 0 resource from src\main\resources to target\classes
2025-10-31 19:02:53,608 [Worker-45: Building] INFO  o.a.m.s.f.DefaultMavenResourcesFiltering - Copying 0 resource from src\test\resources to target\test-classes
2025-10-31 19:17:21,100 [Worker-44: Building] INFO  o.a.m.s.f.DefaultMavenResourcesFiltering - Copying 0 resource from src\main\resources to target\classes
2025-10-31 19:17:21,102 [Worker-44: Building] INFO  o.a.m.s.f.DefaultMavenResourcesFiltering - Copying 0 resource from src\test\resources to target\test-classes
2025-10-31 19:17:30,546 [Worker-53: Building] INFO  o.a.m.s.f.DefaultMavenResourcesFiltering - Copying 0 resource from src\main\resources to target\classes
2025-10-31 19:17:30,548 [Worker-53: Building] INFO  o.a.m.s.f.DefaultMavenResourcesFiltering - Copying 0 resource from src\test\resources to target\test-classes
2025-10-31 19:56:00,997 [Worker-56: Building] INFO  o.a.m.s.f.DefaultMavenResourcesFiltering - Copying 0 resource from src\main\resources to target\classes
2025-10-31 19:56:01,001 [Worker-56: Building] INFO  o.a.m.s.f.DefaultMavenResourcesFiltering - Copying 0 resource from src\test\resources to target\test-classes
2025-10-31 19:56:19,054 [Worker-60: Building] INFO  o.a.m.s.f.DefaultMavenResourcesFiltering - Copying 0 resource from src\main\resources to target\classes
2025-10-31 19:56:19,056 [Worker-60: Building] INFO  o.a.m.s.f.DefaultMavenResourcesFiltering - Copying 0 resource from src\test\resources to target\test-classes
2025-10-31 19:57:04,169 [Worker-60: Building] INFO  o.a.m.s.f.DefaultMavenResourcesFiltering - Copying 0 resource from src\main\resources to target\classes
2025-10-31 19:57:04,171 [Worker-60: Building] INFO  o.a.m.s.f.DefaultMavenResourcesFiltering - Copying 0 resource from src\test\resources to target\test-classes
2025-10-31 19:57:43,813 [Worker-60: Building] INFO  o.a.m.s.f.DefaultMavenResourcesFiltering - Copying 0 resource from src\main\resources to target\classes
2025-10-31 19:57:43,815 [Worker-60: Building] INFO  o.a.m.s.f.DefaultMavenResourcesFiltering - Copying 0 resource from src\test\resources to target\test-classes
2025-10-31 19:57:52,978 [Worker-52: Building] INFO  o.a.m.s.f.DefaultMavenResourcesFiltering - Copying 0 resource from src\main\resources to target\classes
2025-10-31 19:57:52,980 [Worker-52: Building] INFO  o.a.m.s.f.DefaultMavenResourcesFiltering - Copying 0 resource from src\test\resources to target\test-classes
2025-10-31 20:09:23,680 [Worker-64: Building] INFO  o.a.m.s.f.DefaultMavenResourcesFiltering - Copying 0 resource from src\main\resources to target\classes
2025-10-31 20:09:23,682 [Worker-64: Building] INFO  o.a.m.s.f.DefaultMavenResourcesFiltering - Copying 0 resource from src\test\resources to target\test-classes
2025-10-31 20:16:22,147 [Worker-64: Building] INFO  o.a.m.s.f.DefaultMavenResourcesFiltering - Copying 0 resource from src\main\resources to target\classes
2025-10-31 20:16:22,149 [Worker-64: Building] INFO  o.a.m.s.f.DefaultMavenResourcesFiltering - Copying 0 resource from src\test\resources to target\test-classes
2025-10-31 20:17:12,796 [Worker-64: Building] INFO  o.a.m.s.f.DefaultMavenResourcesFiltering - Copying 0 resource from src\main\resources to target\classes
2025-10-31 20:17:12,798 [Worker-64: Building] INFO  o.a.m.s.f.DefaultMavenResourcesFiltering - Copying 0 resource from src\test\resources to target\test-classes
2025-11-14 00:22:19,424 [Worker-2: Loading available Gradle versions] INFO  o.e.b.c.i.u.g.PublishedGradleVersions - Gradle version information cache is out-of-date. Trying to update.
2025-11-14 01:10:26,271 [Worker-44: Building] INFO  o.a.m.s.f.DefaultMavenResourcesFiltering - Copying 0 resource from src\main\resources to target\classes
2025-11-14 01:10:26,280 [Worker-44: Building] INFO  o.a.m.s.f.DefaultMavenResourcesFiltering - Copying 0 resource from src\test\resources to target\test-classes
2025-11-14 01:10:38,133 [Worker-43: Building] INFO  o.a.m.s.f.DefaultMavenResourcesFiltering - Copying 0 resource from src\main\resources to target\classes
2025-11-14 01:10:38,136 [Worker-43: Building] INFO  o.a.m.s.f.DefaultMavenResourcesFiltering - Copying 0 resource from src\test\resources to target\test-classes
2025-11-14 01:10:50,931 [Worker-40: Building] INFO  o.a.m.s.f.DefaultMavenResourcesFiltering - Copying 0 resource from src\main\resources to target\classes
2025-11-14 01:10:50,934 [Worker-40: Building] INFO  o.a.m.s.f.DefaultMavenResourcesFiltering - Copying 0 resource from src\test\resources to target\test-classes
2025-11-14 01:26:15,940 [Worker-46: Building] INFO  o.a.m.s.f.DefaultMavenResourcesFiltering - Copying 0 resource from src\main\resources to target\classes
2025-11-14 01:26:15,943 [Worker-46: Building] INFO  o.a.m.s.f.DefaultMavenResourcesFiltering - Copying 0 resource from src\test\resources to target\test-classes
2025-11-14 01:31:31,715 [Worker-6: Loading available Gradle versions] INFO  o.e.b.c.i.u.g.PublishedGradleVersions - Gradle version information cache is up-to-date. Trying to read.
2025-11-14 01:33:26,381 [Worker-7: Launching hedera-demo (1)] INFO  o.eclipse.m2e.core.internal.Bundles - getClasspathEntries(Bundle=org.eclipse.m2e.maven.runtime_3.9.900.20240824-1409 [643])
2025-11-14 01:33:26,383 [Worker-7: Launching hedera-demo (1)] INFO  o.eclipse.m2e.core.internal.Bundles - 	Entry: D:\study\JAVA\eclipse\plugins\org.eclipse.m2e.maven.runtime_3.9.900.20240824-1409
2025-11-14 01:33:26,383 [Worker-7: Launching hedera-demo (1)] INFO  o.eclipse.m2e.core.internal.Bundles - 	Entry: D:\study\JAVA\eclipse\plugins\org.eclipse.m2e.maven.runtime_3.9.900.20240824-1409\jars\aopalliance-1.0.jar
2025-11-14 01:33:26,384 [Worker-7: Launching hedera-demo (1)] INFO  o.eclipse.m2e.core.internal.Bundles - 	Entry: D:\study\JAVA\eclipse\plugins\org.eclipse.m2e.maven.runtime_3.9.900.20240824-1409\jars\guice-5.1.0.jar
2025-11-14 01:33:26,384 [Worker-7: Launching hedera-demo (1)] INFO  o.eclipse.m2e.core.internal.Bundles - 	Entry: D:\study\JAVA\eclipse\plugins\org.eclipse.m2e.maven.runtime_3.9.900.20240824-1409\jars\httpclient-4.5.14.jar
2025-11-14 01:33:26,384 [Worker-7: Launching hedera-demo (1)] INFO  o.eclipse.m2e.core.internal.Bundles - 	Entry: D:\study\JAVA\eclipse\plugins\org.eclipse.m2e.maven.runtime_3.9.900.20240824-1409\jars\httpcore-4.4.16.jar
2025-11-14 01:33:26,384 [Worker-7: Launching hedera-demo (1)] INFO  o.eclipse.m2e.core.internal.Bundles - 	Entry: D:\study\JAVA\eclipse\plugins\org.eclipse.m2e.maven.runtime_3.9.900.20240824-1409\jars\jansi-2.4.1.jar
2025-11-14 01:33:26,384 [Worker-7: Launching hedera-demo (1)] INFO  o.eclipse.m2e.core.internal.Bundles - 	Entry: D:\study\JAVA\eclipse\plugins\org.eclipse.m2e.maven.runtime_3.9.900.20240824-1409\jars\jcl-over-slf4j-1.7.36.jar
2025-11-14 01:33:26,384 [Worker-7: Launching hedera-demo (1)] INFO  o.eclipse.m2e.core.internal.Bundles - 	Entry: D:\study\JAVA\eclipse\plugins\org.eclipse.m2e.maven.runtime_3.9.900.20240824-1409\jars\maven-artifact-3.9.9.jar
2025-11-14 01:33:26,384 [Worker-7: Launching hedera-demo (1)] INFO  o.eclipse.m2e.core.internal.Bundles - 	Entry: D:\study\JAVA\eclipse\plugins\org.eclipse.m2e.maven.runtime_3.9.900.20240824-1409\jars\maven-builder-support-3.9.9.jar
2025-11-14 01:33:26,384 [Worker-7: Launching hedera-demo (1)] INFO  o.eclipse.m2e.core.internal.Bundles - 	Entry: D:\study\JAVA\eclipse\plugins\org.eclipse.m2e.maven.runtime_3.9.900.20240824-1409\jars\maven-compat-3.9.9.jar
2025-11-14 01:33:26,384 [Worker-7: Launching hedera-demo (1)] INFO  o.eclipse.m2e.core.internal.Bundles - 	Entry: D:\study\JAVA\eclipse\plugins\org.eclipse.m2e.maven.runtime_3.9.900.20240824-1409\jars\maven-core-3.9.9.jar
2025-11-14 01:33:26,384 [Worker-7: Launching hedera-demo (1)] INFO  o.eclipse.m2e.core.internal.Bundles - 	Entry: D:\study\JAVA\eclipse\plugins\org.eclipse.m2e.maven.runtime_3.9.900.20240824-1409\jars\maven-embedder-3.9.9.jar
2025-11-14 01:33:26,384 [Worker-7: Launching hedera-demo (1)] INFO  o.eclipse.m2e.core.internal.Bundles - 	Entry: D:\study\JAVA\eclipse\plugins\org.eclipse.m2e.maven.runtime_3.9.900.20240824-1409\jars\maven-model-3.9.9.jar
2025-11-14 01:33:26,384 [Worker-7: Launching hedera-demo (1)] INFO  o.eclipse.m2e.core.internal.Bundles - 	Entry: D:\study\JAVA\eclipse\plugins\org.eclipse.m2e.maven.runtime_3.9.900.20240824-1409\jars\maven-model-builder-3.9.9.jar
2025-11-14 01:33:26,384 [Worker-7: Launching hedera-demo (1)] INFO  o.eclipse.m2e.core.internal.Bundles - 	Entry: D:\study\JAVA\eclipse\plugins\org.eclipse.m2e.maven.runtime_3.9.900.20240824-1409\jars\maven-plugin-api-3.9.9.jar
2025-11-14 01:33:26,384 [Worker-7: Launching hedera-demo (1)] INFO  o.eclipse.m2e.core.internal.Bundles - 	Entry: D:\study\JAVA\eclipse\plugins\org.eclipse.m2e.maven.runtime_3.9.900.20240824-1409\jars\maven-repository-metadata-3.9.9.jar
2025-11-14 01:33:26,384 [Worker-7: Launching hedera-demo (1)] INFO  o.eclipse.m2e.core.internal.Bundles - 	Entry: D:\study\JAVA\eclipse\plugins\org.eclipse.m2e.maven.runtime_3.9.900.20240824-1409\jars\maven-resolver-api-1.9.22.jar
2025-11-14 01:33:26,384 [Worker-7: Launching hedera-demo (1)] INFO  o.eclipse.m2e.core.internal.Bundles - 	Entry: D:\study\JAVA\eclipse\plugins\org.eclipse.m2e.maven.runtime_3.9.900.20240824-1409\jars\maven-resolver-connector-basic-1.9.22.jar
2025-11-14 01:33:26,384 [Worker-7: Launching hedera-demo (1)] INFO  o.eclipse.m2e.core.internal.Bundles - 	Entry: D:\study\JAVA\eclipse\plugins\org.eclipse.m2e.maven.runtime_3.9.900.20240824-1409\jars\maven-resolver-impl-1.9.22.jar
2025-11-14 01:33:26,384 [Worker-7: Launching hedera-demo (1)] INFO  o.eclipse.m2e.core.internal.Bundles - 	Entry: D:\study\JAVA\eclipse\plugins\org.eclipse.m2e.maven.runtime_3.9.900.20240824-1409\jars\maven-resolver-named-locks-1.9.22.jar
2025-11-14 01:33:26,384 [Worker-7: Launching hedera-demo (1)] INFO  o.eclipse.m2e.core.internal.Bundles - 	Entry: D:\study\JAVA\eclipse\plugins\org.eclipse.m2e.maven.runtime_3.9.900.20240824-1409\jars\maven-resolver-provider-3.9.9.jar
2025-11-14 01:33:26,384 [Worker-7: Launching hedera-demo (1)] INFO  o.eclipse.m2e.core.internal.Bundles - 	Entry: D:\study\JAVA\eclipse\plugins\org.eclipse.m2e.maven.runtime_3.9.900.20240824-1409\jars\maven-resolver-spi-1.9.22.jar
2025-11-14 01:33:26,384 [Worker-7: Launching hedera-demo (1)] INFO  o.eclipse.m2e.core.internal.Bundles - 	Entry: D:\study\JAVA\eclipse\plugins\org.eclipse.m2e.maven.runtime_3.9.900.20240824-1409\jars\maven-resolver-transport-file-1.9.22.jar
2025-11-14 01:33:26,384 [Worker-7: Launching hedera-demo (1)] INFO  o.eclipse.m2e.core.internal.Bundles - 	Entry: D:\study\JAVA\eclipse\plugins\org.eclipse.m2e.maven.runtime_3.9.900.20240824-1409\jars\maven-resolver-transport-http-1.9.22.jar
2025-11-14 01:33:26,384 [Worker-7: Launching hedera-demo (1)] INFO  o.eclipse.m2e.core.internal.Bundles - 	Entry: D:\study\JAVA\eclipse\plugins\org.eclipse.m2e.maven.runtime_3.9.900.20240824-1409\jars\maven-resolver-transport-wagon-1.9.22.jar
2025-11-14 01:33:26,385 [Worker-7: Launching hedera-demo (1)] INFO  o.eclipse.m2e.core.internal.Bundles - 	Entry: D:\study\JAVA\eclipse\plugins\org.eclipse.m2e.maven.runtime_3.9.900.20240824-1409\jars\maven-resolver-util-1.9.22.jar
2025-11-14 01:33:26,385 [Worker-7: Launching hedera-demo (1)] INFO  o.eclipse.m2e.core.internal.Bundles - 	Entry: D:\study\JAVA\eclipse\plugins\org.eclipse.m2e.maven.runtime_3.9.900.20240824-1409\jars\maven-settings-3.9.9.jar
2025-11-14 01:33:26,385 [Worker-7: Launching hedera-demo (1)] INFO  o.eclipse.m2e.core.internal.Bundles - 	Entry: D:\study\JAVA\eclipse\plugins\org.eclipse.m2e.maven.runtime_3.9.900.20240824-1409\jars\maven-settings-builder-3.9.9.jar
2025-11-14 01:33:26,385 [Worker-7: Launching hedera-demo (1)] INFO  o.eclipse.m2e.core.internal.Bundles - 	Entry: D:\study\JAVA\eclipse\plugins\org.eclipse.m2e.maven.runtime_3.9.900.20240824-1409\jars\maven-shared-utils-3.4.2.jar
2025-11-14 01:33:26,385 [Worker-7: Launching hedera-demo (1)] INFO  o.eclipse.m2e.core.internal.Bundles - 	Entry: D:\study\JAVA\eclipse\plugins\org.eclipse.m2e.maven.runtime_3.9.900.20240824-1409\jars\org.eclipse.sisu.inject-0.9.0.M3.jar
2025-11-14 01:33:26,385 [Worker-7: Launching hedera-demo (1)] INFO  o.eclipse.m2e.core.internal.Bundles - 	Entry: D:\study\JAVA\eclipse\plugins\org.eclipse.m2e.maven.runtime_3.9.900.20240824-1409\jars\org.eclipse.sisu.plexus-0.9.0.M3.jar
2025-11-14 01:33:26,385 [Worker-7: Launching hedera-demo (1)] INFO  o.eclipse.m2e.core.internal.Bundles - 	Entry: D:\study\JAVA\eclipse\plugins\org.eclipse.m2e.maven.runtime_3.9.900.20240824-1409\jars\plexus-build-api-0.0.7.jar
2025-11-14 01:33:26,385 [Worker-7: Launching hedera-demo (1)] INFO  o.eclipse.m2e.core.internal.Bundles - 	Entry: D:\study\JAVA\eclipse\plugins\org.eclipse.m2e.maven.runtime_3.9.900.20240824-1409\jars\plexus-build-api-1.2.0.jar
2025-11-14 01:33:26,385 [Worker-7: Launching hedera-demo (1)] INFO  o.eclipse.m2e.core.internal.Bundles - 	Entry: D:\study\JAVA\eclipse\plugins\org.eclipse.m2e.maven.runtime_3.9.900.20240824-1409\jars\plexus-cipher-2.0.jar
2025-11-14 01:33:26,385 [Worker-7: Launching hedera-demo (1)] INFO  o.eclipse.m2e.core.internal.Bundles - 	Entry: D:\study\JAVA\eclipse\plugins\org.eclipse.m2e.maven.runtime_3.9.900.20240824-1409\jars\plexus-classworlds-2.8.0.jar
2025-11-14 01:33:26,385 [Worker-7: Launching hedera-demo (1)] INFO  o.eclipse.m2e.core.internal.Bundles - 	Entry: D:\study\JAVA\eclipse\plugins\org.eclipse.m2e.maven.runtime_3.9.900.20240824-1409\jars\plexus-component-annotations-2.1.0.jar
2025-11-14 01:33:26,385 [Worker-7: Launching hedera-demo (1)] INFO  o.eclipse.m2e.core.internal.Bundles - 	Entry: D:\study\JAVA\eclipse\plugins\org.eclipse.m2e.maven.runtime_3.9.900.20240824-1409\jars\plexus-interpolation-1.27.jar
2025-11-14 01:33:26,385 [Worker-7: Launching hedera-demo (1)] INFO  o.eclipse.m2e.core.internal.Bundles - 	Entry: D:\study\JAVA\eclipse\plugins\org.eclipse.m2e.maven.runtime_3.9.900.20240824-1409\jars\plexus-sec-dispatcher-2.0.jar
2025-11-14 01:33:26,385 [Worker-7: Launching hedera-demo (1)] INFO  o.eclipse.m2e.core.internal.Bundles - 	Entry: D:\study\JAVA\eclipse\plugins\org.eclipse.m2e.maven.runtime_3.9.900.20240824-1409\jars\plexus-utils-3.5.1.jar
2025-11-14 01:33:26,385 [Worker-7: Launching hedera-demo (1)] INFO  o.eclipse.m2e.core.internal.Bundles - 	Entry: D:\study\JAVA\eclipse\plugins\org.eclipse.m2e.maven.runtime_3.9.900.20240824-1409\jars\plexus-xml-3.0.1.jar
2025-11-14 01:33:26,385 [Worker-7: Launching hedera-demo (1)] INFO  o.eclipse.m2e.core.internal.Bundles - 	Entry: D:\study\JAVA\eclipse\plugins\org.eclipse.m2e.maven.runtime_3.9.900.20240824-1409\jars\wagon-file-3.5.3.jar
2025-11-14 01:33:26,385 [Worker-7: Launching hedera-demo (1)] INFO  o.eclipse.m2e.core.internal.Bundles - 	Entry: D:\study\JAVA\eclipse\plugins\org.eclipse.m2e.maven.runtime_3.9.900.20240824-1409\jars\wagon-http-3.5.3.jar
2025-11-14 01:33:26,385 [Worker-7: Launching hedera-demo (1)] INFO  o.eclipse.m2e.core.internal.Bundles - 	Entry: D:\study\JAVA\eclipse\plugins\org.eclipse.m2e.maven.runtime_3.9.900.20240824-1409\jars\wagon-http-shared-3.5.3.jar
2025-11-14 01:33:26,385 [Worker-7: Launching hedera-demo (1)] INFO  o.eclipse.m2e.core.internal.Bundles - 	Entry: D:\study\JAVA\eclipse\plugins\org.eclipse.m2e.maven.runtime_3.9.900.20240824-1409\jars\wagon-provider-api-3.5.3.jar
2025-11-14 01:33:26,386 [Worker-7: Launching hedera-demo (1)] INFO  o.eclipse.m2e.core.internal.Bundles - getClasspathEntries(Bundle=com.google.guava_33.3.0.jre [16])
2025-11-14 01:33:26,386 [Worker-7: Launching hedera-demo (1)] INFO  o.eclipse.m2e.core.internal.Bundles - 	Entry: D:\study\JAVA\eclipse\plugins\com.google.guava_33.3.0.jre.jar
2025-11-14 01:33:26,386 [Worker-7: Launching hedera-demo (1)] INFO  o.eclipse.m2e.core.internal.Bundles - getClasspathEntries(Bundle=slf4j.api_2.0.16 [1008])
2025-11-14 01:33:26,386 [Worker-7: Launching hedera-demo (1)] INFO  o.eclipse.m2e.core.internal.Bundles - 	Entry: D:\study\JAVA\eclipse\plugins\slf4j.api_2.0.16.jar
2025-11-14 01:33:26,386 [Worker-7: Launching hedera-demo (1)] INFO  o.eclipse.m2e.core.internal.Bundles - getClasspathEntries(Bundle=jakarta.inject.jakarta.inject-api_1.0.5 [34])
2025-11-14 01:33:26,386 [Worker-7: Launching hedera-demo (1)] INFO  o.eclipse.m2e.core.internal.Bundles - 	Entry: D:\study\JAVA\eclipse\plugins\jakarta.inject.jakarta.inject-api_1.0.5.jar
2025-11-14 01:33:26,386 [Worker-7: Launching hedera-demo (1)] INFO  o.eclipse.m2e.core.internal.Bundles - getClasspathEntries(Bundle=jakarta.annotation-api_1.3.5 [29])
2025-11-14 01:33:26,387 [Worker-7: Launching hedera-demo (1)] INFO  o.eclipse.m2e.core.internal.Bundles - 	Entry: D:\study\JAVA\eclipse\plugins\jakarta.annotation-api_1.3.5.jar
2025-11-14 01:33:26,387 [Worker-7: Launching hedera-demo (1)] INFO  o.eclipse.m2e.core.internal.Bundles - getClasspathEntries(Bundle=org.apache.commons.cli_1.9.0 [78])
2025-11-14 01:33:26,387 [Worker-7: Launching hedera-demo (1)] INFO  o.eclipse.m2e.core.internal.Bundles - 	Entry: D:\study\JAVA\eclipse\plugins\org.apache.commons.cli_1.9.0.jar
2025-11-14 01:33:26,387 [Worker-7: Launching hedera-demo (1)] INFO  o.eclipse.m2e.core.internal.Bundles - getClasspathEntries(Bundle=org.apache.commons.commons-codec_1.16.0 [81])
2025-11-14 01:33:26,387 [Worker-7: Launching hedera-demo (1)] INFO  o.eclipse.m2e.core.internal.Bundles - 	Entry: D:\study\JAVA\eclipse\plugins\org.apache.commons.commons-codec_1.16.0.jar
2025-11-14 01:33:26,387 [Worker-7: Launching hedera-demo (1)] INFO  o.eclipse.m2e.core.internal.Bundles - getClasspathEntries(Bundle=com.google.guava.failureaccess_1.0.2 [17])
2025-11-14 01:33:26,388 [Worker-7: Launching hedera-demo (1)] INFO  o.eclipse.m2e.core.internal.Bundles - 	Entry: D:\study\JAVA\eclipse\plugins\com.google.guava.failureaccess_1.0.2.jar
2025-11-14 01:33:26,390 [Worker-7: Launching hedera-demo (1)] INFO  o.e.m.i.launch.MavenLaunchDelegate - Run build in "D:\study\protocol\Java\hedera-demo":
2025-11-14 01:33:26,392 [Worker-7: Launching hedera-demo (1)] INFO  o.e.m.i.launch.MavenLaunchDelegate -  mvn  -B -Dstyle.color=always compile
2025-11-14 01:47:30,851 [Worker-34: Building] INFO  o.a.m.s.f.DefaultMavenResourcesFiltering - Copying 0 resource from src\main\resources to target\classes
2025-11-14 01:47:30,856 [Worker-34: Building] INFO  o.a.m.s.f.DefaultMavenResourcesFiltering - Copying 0 resource from src\test\resources to target\test-classes
2025-11-14 02:08:09,934 [Worker-42: Building] INFO  o.a.m.s.f.DefaultMavenResourcesFiltering - Copying 0 resource from src\main\resources to target\classes
2025-11-14 02:08:09,936 [Worker-42: Building] INFO  o.a.m.s.f.DefaultMavenResourcesFiltering - Copying 0 resource from src\test\resources to target\test-classes
2025-11-14 16:39:43,787 [Worker-7: Loading available Gradle versions] INFO  o.e.b.c.i.u.g.PublishedGradleVersions - Gradle version information cache is up-to-date. Trying to read.
2025-11-18 16:54:33,924 [Worker-4: Loading available Gradle versions] INFO  o.e.b.c.i.u.g.PublishedGradleVersions - Gradle version information cache is out-of-date. Trying to update.
2025-11-18 17:31:12,127 [Worker-36: Building] INFO  o.a.m.s.f.DefaultMavenResourcesFiltering - Copying 0 resource from src\main\resources to target\classes
2025-11-18 17:31:12,133 [Worker-36: Building] INFO  o.a.m.s.f.DefaultMavenResourcesFiltering - Copying 0 resource from src\test\resources to target\test-classes
2025-11-18 17:31:24,661 [Worker-35: Building] INFO  o.a.m.s.f.DefaultMavenResourcesFiltering - Copying 0 resource from src\main\resources to target\classes
2025-11-18 17:31:24,664 [Worker-35: Building] INFO  o.a.m.s.f.DefaultMavenResourcesFiltering - Copying 0 resource from src\test\resources to target\test-classes
2025-11-18 17:31:42,799 [Worker-37: Building] INFO  o.a.m.s.f.DefaultMavenResourcesFiltering - Copying 0 resource from src\main\resources to target\classes
2025-11-18 17:31:42,803 [Worker-37: Building] INFO  o.a.m.s.f.DefaultMavenResourcesFiltering - Copying 0 resource from src\test\resources to target\test-classes
2025-11-18 17:31:46,230 [Worker-36: Building] INFO  o.a.m.s.f.DefaultMavenResourcesFiltering - Copying 0 resource from src\main\resources to target\classes
2025-11-18 17:31:46,232 [Worker-36: Building] INFO  o.a.m.s.f.DefaultMavenResourcesFiltering - Copying 0 resource from src\test\resources to target\test-classes
2025-11-18 17:57:14,947 [Worker-37: Building] INFO  o.a.m.s.f.DefaultMavenResourcesFiltering - Copying 0 resource from src\main\resources to target\classes
2025-11-18 17:57:14,950 [Worker-37: Building] INFO  o.a.m.s.f.DefaultMavenResourcesFiltering - Copying 0 resource from src\test\resources to target\test-classes
2025-11-18 18:09:46,468 [Worker-46: Building] INFO  o.a.m.s.f.DefaultMavenResourcesFiltering - Copying 0 resource from src\main\resources to target\classes
2025-11-18 18:09:46,470 [Worker-46: Building] INFO  o.a.m.s.f.DefaultMavenResourcesFiltering - Copying 0 resource from src\test\resources to target\test-classes
2025-11-18 18:28:36,570 [Worker-42: Building] INFO  o.a.m.s.f.DefaultMavenResourcesFiltering - Copying 0 resource from src\main\resources to target\classes
2025-11-18 18:28:36,572 [Worker-42: Building] INFO  o.a.m.s.f.DefaultMavenResourcesFiltering - Copying 0 resource from src\test\resources to target\test-classes
2025-11-18 18:57:43,422 [Worker-52: Building] INFO  o.a.m.s.f.DefaultMavenResourcesFiltering - Copying 0 resource from src\main\resources to target\classes
2025-11-18 18:57:43,423 [Worker-52: Building] INFO  o.a.m.s.f.DefaultMavenResourcesFiltering - Copying 0 resource from src\test\resources to target\test-classes
2025-11-18 19:10:18,869 [Worker-53: Building] INFO  o.a.m.s.f.DefaultMavenResourcesFiltering - Copying 0 resource from src\main\resources to target\classes
2025-11-18 19:10:18,871 [Worker-53: Building] INFO  o.a.m.s.f.DefaultMavenResourcesFiltering - Copying 0 resource from src\test\resources to target\test-classes
2025-11-18 19:10:46,961 [Worker-58: Building] INFO  o.a.m.s.f.DefaultMavenResourcesFiltering - Copying 0 resource from src\main\resources to target\classes
2025-11-18 19:10:46,963 [Worker-58: Building] INFO  o.a.m.s.f.DefaultMavenResourcesFiltering - Copying 0 resource from src\test\resources to target\test-classes
2025-11-18 19:13:26,253 [Worker-60: Building] INFO  o.a.m.s.f.DefaultMavenResourcesFiltering - Copying 0 resource from src\main\resources to target\classes
2025-11-18 19:13:26,255 [Worker-60: Building] INFO  o.a.m.s.f.DefaultMavenResourcesFiltering - Copying 0 resource from src\test\resources to target\test-classes
2025-11-21 16:59:34,115 [Worker-2: Loading available Gradle versions] INFO  o.e.b.c.i.u.g.PublishedGradleVersions - Gradle version information cache is out-of-date. Trying to update.
2025-11-21 16:59:38,850 [Worker-7: Building] INFO  o.a.m.s.f.DefaultMavenResourcesFiltering - Copying 0 resource from src\main\resources to target\classes
2025-11-21 16:59:38,854 [Worker-7: Building] INFO  o.a.m.s.f.DefaultMavenResourcesFiltering - Copying 0 resource from src\test\resources to target\test-classes
2026-01-08 00:52:41,472 [Worker-4: Loading available Gradle versions] INFO  o.e.b.c.i.u.g.PublishedGradleVersions - Gradle version information cache is out-of-date. Trying to update.
2026-01-08 00:52:48,554 [Worker-0: Building] INFO  o.a.m.s.f.DefaultMavenResourcesFiltering - Copying 0 resource from src\main\resources to target\classes
2026-01-08 00:52:48,558 [Worker-0: Building] INFO  o.a.m.s.f.DefaultMavenResourcesFiltering - Copying 0 resource from src\test\resources to target\test-classes
2026-01-21 11:42:53,806 [Worker-1: Loading available Gradle versions] INFO  o.e.b.c.i.u.g.PublishedGradleVersions - Gradle version information cache is out-of-date. Trying to update.
2026-01-22 12:42:43,649 [Worker-4: Loading available Gradle versions] INFO  o.e.b.c.i.u.g.PublishedGradleVersions - Gradle version information cache is out-of-date. Trying to update.
2026-01-23 11:04:06,181 [Worker-7: Loading available Gradle versions] INFO  o.e.b.c.i.u.g.PublishedGradleVersions - Gradle version information cache is up-to-date. Trying to read.
2026-01-23 12:08:39,529 [Worker-45: Building] INFO  o.a.m.s.f.DefaultMavenResourcesFiltering - Copying 0 resource from src\main\resources to target\classes
2026-01-23 12:08:39,534 [Worker-45: Building] INFO  o.a.m.s.f.DefaultMavenResourcesFiltering - Copying 0 resource from src\test\resources to target\test-classes
2026-01-23 12:09:00,554 [main] INFO  o.e.m2e.actions.ExecutePomAction - Creating new launch configuration
2026-01-23 12:09:57,943 [Worker-47: Launching hedera-demo (3)] INFO  o.eclipse.m2e.core.internal.Bundles - getClasspathEntries(Bundle=org.eclipse.m2e.maven.runtime_3.9.900.20240824-1409 [643])
2026-01-23 12:09:57,945 [Worker-47: Launching hedera-demo (3)] INFO  o.eclipse.m2e.core.internal.Bundles - 	Entry: D:\study\JAVA\eclipse\plugins\org.eclipse.m2e.maven.runtime_3.9.900.20240824-1409
2026-01-23 12:09:57,945 [Worker-47: Launching hedera-demo (3)] INFO  o.eclipse.m2e.core.internal.Bundles - 	Entry: D:\study\JAVA\eclipse\plugins\org.eclipse.m2e.maven.runtime_3.9.900.20240824-1409\jars\aopalliance-1.0.jar
2026-01-23 12:09:57,945 [Worker-47: Launching hedera-demo (3)] INFO  o.eclipse.m2e.core.internal.Bundles - 	Entry: D:\study\JAVA\eclipse\plugins\org.eclipse.m2e.maven.runtime_3.9.900.20240824-1409\jars\guice-5.1.0.jar
2026-01-23 12:09:57,945 [Worker-47: Launching hedera-demo (3)] INFO  o.eclipse.m2e.core.internal.Bundles - 	Entry: D:\study\JAVA\eclipse\plugins\org.eclipse.m2e.maven.runtime_3.9.900.20240824-1409\jars\httpclient-4.5.14.jar
2026-01-23 12:09:57,945 [Worker-47: Launching hedera-demo (3)] INFO  o.eclipse.m2e.core.internal.Bundles - 	Entry: D:\study\JAVA\eclipse\plugins\org.eclipse.m2e.maven.runtime_3.9.900.20240824-1409\jars\httpcore-4.4.16.jar
2026-01-23 12:09:57,945 [Worker-47: Launching hedera-demo (3)] INFO  o.eclipse.m2e.core.internal.Bundles - 	Entry: D:\study\JAVA\eclipse\plugins\org.eclipse.m2e.maven.runtime_3.9.900.20240824-1409\jars\jansi-2.4.1.jar
2026-01-23 12:09:57,945 [Worker-47: Launching hedera-demo (3)] INFO  o.eclipse.m2e.core.internal.Bundles - 	Entry: D:\study\JAVA\eclipse\plugins\org.eclipse.m2e.maven.runtime_3.9.900.20240824-1409\jars\jcl-over-slf4j-1.7.36.jar
2026-01-23 12:09:57,945 [Worker-47: Launching hedera-demo (3)] INFO  o.eclipse.m2e.core.internal.Bundles - 	Entry: D:\study\JAVA\eclipse\plugins\org.eclipse.m2e.maven.runtime_3.9.900.20240824-1409\jars\maven-artifact-3.9.9.jar
2026-01-23 12:09:57,945 [Worker-47: Launching hedera-demo (3)] INFO  o.eclipse.m2e.core.internal.Bundles - 	Entry: D:\study\JAVA\eclipse\plugins\org.eclipse.m2e.maven.runtime_3.9.900.20240824-1409\jars\maven-builder-support-3.9.9.jar
2026-01-23 12:09:57,945 [Worker-47: Launching hedera-demo (3)] INFO  o.eclipse.m2e.core.internal.Bundles - 	Entry: D:\study\JAVA\eclipse\plugins\org.eclipse.m2e.maven.runtime_3.9.900.20240824-1409\jars\maven-compat-3.9.9.jar
2026-01-23 12:09:57,945 [Worker-47: Launching hedera-demo (3)] INFO  o.eclipse.m2e.core.internal.Bundles - 	Entry: D:\study\JAVA\eclipse\plugins\org.eclipse.m2e.maven.runtime_3.9.900.20240824-1409\jars\maven-core-3.9.9.jar
2026-01-23 12:09:57,945 [Worker-47: Launching hedera-demo (3)] INFO  o.eclipse.m2e.core.internal.Bundles - 	Entry: D:\study\JAVA\eclipse\plugins\org.eclipse.m2e.maven.runtime_3.9.900.20240824-1409\jars\maven-embedder-3.9.9.jar
2026-01-23 12:09:57,945 [Worker-47: Launching hedera-demo (3)] INFO  o.eclipse.m2e.core.internal.Bundles - 	Entry: D:\study\JAVA\eclipse\plugins\org.eclipse.m2e.maven.runtime_3.9.900.20240824-1409\jars\maven-model-3.9.9.jar
2026-01-23 12:09:57,945 [Worker-47: Launching hedera-demo (3)] INFO  o.eclipse.m2e.core.internal.Bundles - 	Entry: D:\study\JAVA\eclipse\plugins\org.eclipse.m2e.maven.runtime_3.9.900.20240824-1409\jars\maven-model-builder-3.9.9.jar
2026-01-23 12:09:57,945 [Worker-47: Launching hedera-demo (3)] INFO  o.eclipse.m2e.core.internal.Bundles - 	Entry: D:\study\JAVA\eclipse\plugins\org.eclipse.m2e.maven.runtime_3.9.900.20240824-1409\jars\maven-plugin-api-3.9.9.jar
2026-01-23 12:09:57,945 [Worker-47: Launching hedera-demo (3)] INFO  o.eclipse.m2e.core.internal.Bundles - 	Entry: D:\study\JAVA\eclipse\plugins\org.eclipse.m2e.maven.runtime_3.9.900.20240824-1409\jars\maven-repository-metadata-3.9.9.jar
2026-01-23 12:09:57,946 [Worker-47: Launching hedera-demo (3)] INFO  o.eclipse.m2e.core.internal.Bundles - 	Entry: D:\study\JAVA\eclipse\plugins\org.eclipse.m2e.maven.runtime_3.9.900.20240824-1409\jars\maven-resolver-api-1.9.22.jar
2026-01-23 12:09:57,946 [Worker-47: Launching hedera-demo (3)] INFO  o.eclipse.m2e.core.internal.Bundles - 	Entry: D:\study\JAVA\eclipse\plugins\org.eclipse.m2e.maven.runtime_3.9.900.20240824-1409\jars\maven-resolver-connector-basic-1.9.22.jar
2026-01-23 12:09:57,946 [Worker-47: Launching hedera-demo (3)] INFO  o.eclipse.m2e.core.internal.Bundles - 	Entry: D:\study\JAVA\eclipse\plugins\org.eclipse.m2e.maven.runtime_3.9.900.20240824-1409\jars\maven-resolver-impl-1.9.22.jar
2026-01-23 12:09:57,946 [Worker-47: Launching hedera-demo (3)] INFO  o.eclipse.m2e.core.internal.Bundles - 	Entry: D:\study\JAVA\eclipse\plugins\org.eclipse.m2e.maven.runtime_3.9.900.20240824-1409\jars\maven-resolver-named-locks-1.9.22.jar
2026-01-23 12:09:57,946 [Worker-47: Launching hedera-demo (3)] INFO  o.eclipse.m2e.core.internal.Bundles - 	Entry: D:\study\JAVA\eclipse\plugins\org.eclipse.m2e.maven.runtime_3.9.900.20240824-1409\jars\maven-resolver-provider-3.9.9.jar
2026-01-23 12:09:57,946 [Worker-47: Launching hedera-demo (3)] INFO  o.eclipse.m2e.core.internal.Bundles - 	Entry: D:\study\JAVA\eclipse\plugins\org.eclipse.m2e.maven.runtime_3.9.900.20240824-1409\jars\maven-resolver-spi-1.9.22.jar
2026-01-23 12:09:57,946 [Worker-47: Launching hedera-demo (3)] INFO  o.eclipse.m2e.core.internal.Bundles - 	Entry: D:\study\JAVA\eclipse\plugins\org.eclipse.m2e.maven.runtime_3.9.900.20240824-1409\jars\maven-resolver-transport-file-1.9.22.jar
2026-01-23 12:09:57,946 [Worker-47: Launching hedera-demo (3)] INFO  o.eclipse.m2e.core.internal.Bundles - 	Entry: D:\study\JAVA\eclipse\plugins\org.eclipse.m2e.maven.runtime_3.9.900.20240824-1409\jars\maven-resolver-transport-http-1.9.22.jar
2026-01-23 12:09:57,946 [Worker-47: Launching hedera-demo (3)] INFO  o.eclipse.m2e.core.internal.Bundles - 	Entry: D:\study\JAVA\eclipse\plugins\org.eclipse.m2e.maven.runtime_3.9.900.20240824-1409\jars\maven-resolver-transport-wagon-1.9.22.jar
2026-01-23 12:09:57,946 [Worker-47: Launching hedera-demo (3)] INFO  o.eclipse.m2e.core.internal.Bundles - 	Entry: D:\study\JAVA\eclipse\plugins\org.eclipse.m2e.maven.runtime_3.9.900.20240824-1409\jars\maven-resolver-util-1.9.22.jar
2026-01-23 12:09:57,946 [Worker-47: Launching hedera-demo (3)] INFO  o.eclipse.m2e.core.internal.Bundles - 	Entry: D:\study\JAVA\eclipse\plugins\org.eclipse.m2e.maven.runtime_3.9.900.20240824-1409\jars\maven-settings-3.9.9.jar
2026-01-23 12:09:57,946 [Worker-47: Launching hedera-demo (3)] INFO  o.eclipse.m2e.core.internal.Bundles - 	Entry: D:\study\JAVA\eclipse\plugins\org.eclipse.m2e.maven.runtime_3.9.900.20240824-1409\jars\maven-settings-builder-3.9.9.jar
2026-01-23 12:09:57,946 [Worker-47: Launching hedera-demo (3)] INFO  o.eclipse.m2e.core.internal.Bundles - 	Entry: D:\study\JAVA\eclipse\plugins\org.eclipse.m2e.maven.runtime_3.9.900.20240824-1409\jars\maven-shared-utils-3.4.2.jar
2026-01-23 12:09:57,946 [Worker-47: Launching hedera-demo (3)] INFO  o.eclipse.m2e.core.internal.Bundles - 	Entry: D:\study\JAVA\eclipse\plugins\org.eclipse.m2e.maven.runtime_3.9.900.20240824-1409\jars\org.eclipse.sisu.inject-0.9.0.M3.jar
2026-01-23 12:09:57,946 [Worker-47: Launching hedera-demo (3)] INFO  o.eclipse.m2e.core.internal.Bundles - 	Entry: D:\study\JAVA\eclipse\plugins\org.eclipse.m2e.maven.runtime_3.9.900.20240824-1409\jars\org.eclipse.sisu.plexus-0.9.0.M3.jar
2026-01-23 12:09:57,946 [Worker-47: Launching hedera-demo (3)] INFO  o.eclipse.m2e.core.internal.Bundles - 	Entry: D:\study\JAVA\eclipse\plugins\org.eclipse.m2e.maven.runtime_3.9.900.20240824-1409\jars\plexus-build-api-0.0.7.jar
2026-01-23 12:09:57,946 [Worker-47: Launching hedera-demo (3)] INFO  o.eclipse.m2e.core.internal.Bundles - 	Entry: D:\study\JAVA\eclipse\plugins\org.eclipse.m2e.maven.runtime_3.9.900.20240824-1409\jars\plexus-build-api-1.2.0.jar
2026-01-23 12:09:57,946 [Worker-47: Launching hedera-demo (3)] INFO  o.eclipse.m2e.core.internal.Bundles - 	Entry: D:\study\JAVA\eclipse\plugins\org.eclipse.m2e.maven.runtime_3.9.900.20240824-1409\jars\plexus-cipher-2.0.jar
2026-01-23 12:09:57,946 [Worker-47: Launching hedera-demo (3)] INFO  o.eclipse.m2e.core.internal.Bundles - 	Entry: D:\study\JAVA\eclipse\plugins\org.eclipse.m2e.maven.runtime_3.9.900.20240824-1409\jars\plexus-classworlds-2.8.0.jar
2026-01-23 12:09:57,946 [Worker-47: Launching hedera-demo (3)] INFO  o.eclipse.m2e.core.internal.Bundles - 	Entry: D:\study\JAVA\eclipse\plugins\org.eclipse.m2e.maven.runtime_3.9.900.20240824-1409\jars\plexus-component-annotations-2.1.0.jar
2026-01-23 12:09:57,946 [Worker-47: Launching hedera-demo (3)] INFO  o.eclipse.m2e.core.internal.Bundles - 	Entry: D:\study\JAVA\eclipse\plugins\org.eclipse.m2e.maven.runtime_3.9.900.20240824-1409\jars\plexus-interpolation-1.27.jar
2026-01-23 12:09:57,946 [Worker-47: Launching hedera-demo (3)] INFO  o.eclipse.m2e.core.internal.Bundles - 	Entry: D:\study\JAVA\eclipse\plugins\org.eclipse.m2e.maven.runtime_3.9.900.20240824-1409\jars\plexus-sec-dispatcher-2.0.jar
2026-01-23 12:09:57,946 [Worker-47: Launching hedera-demo (3)] INFO  o.eclipse.m2e.core.internal.Bundles - 	Entry: D:\study\JAVA\eclipse\plugins\org.eclipse.m2e.maven.runtime_3.9.900.20240824-1409\jars\plexus-utils-3.5.1.jar
2026-01-23 12:09:57,946 [Worker-47: Launching hedera-demo (3)] INFO  o.eclipse.m2e.core.internal.Bundles - 	Entry: D:\study\JAVA\eclipse\plugins\org.eclipse.m2e.maven.runtime_3.9.900.20240824-1409\jars\plexus-xml-3.0.1.jar
2026-01-23 12:09:57,946 [Worker-47: Launching hedera-demo (3)] INFO  o.eclipse.m2e.core.internal.Bundles - 	Entry: D:\study\JAVA\eclipse\plugins\org.eclipse.m2e.maven.runtime_3.9.900.20240824-1409\jars\wagon-file-3.5.3.jar
2026-01-23 12:09:57,946 [Worker-47: Launching hedera-demo (3)] INFO  o.eclipse.m2e.core.internal.Bundles - 	Entry: D:\study\JAVA\eclipse\plugins\org.eclipse.m2e.maven.runtime_3.9.900.20240824-1409\jars\wagon-http-3.5.3.jar
2026-01-23 12:09:57,946 [Worker-47: Launching hedera-demo (3)] INFO  o.eclipse.m2e.core.internal.Bundles - 	Entry: D:\study\JAVA\eclipse\plugins\org.eclipse.m2e.maven.runtime_3.9.900.20240824-1409\jars\wagon-http-shared-3.5.3.jar
2026-01-23 12:09:57,946 [Worker-47: Launching hedera-demo (3)] INFO  o.eclipse.m2e.core.internal.Bundles - 	Entry: D:\study\JAVA\eclipse\plugins\org.eclipse.m2e.maven.runtime_3.9.900.20240824-1409\jars\wagon-provider-api-3.5.3.jar
2026-01-23 12:09:57,948 [Worker-47: Launching hedera-demo (3)] INFO  o.eclipse.m2e.core.internal.Bundles - getClasspathEntries(Bundle=com.google.guava_33.3.0.jre [16])
2026-01-23 12:09:57,948 [Worker-47: Launching hedera-demo (3)] INFO  o.eclipse.m2e.core.internal.Bundles - 	Entry: D:\study\JAVA\eclipse\plugins\com.google.guava_33.3.0.jre.jar
2026-01-23 12:09:57,948 [Worker-47: Launching hedera-demo (3)] INFO  o.eclipse.m2e.core.internal.Bundles - getClasspathEntries(Bundle=slf4j.api_2.0.16 [1008])
2026-01-23 12:09:57,948 [Worker-47: Launching hedera-demo (3)] INFO  o.eclipse.m2e.core.internal.Bundles - 	Entry: D:\study\JAVA\eclipse\plugins\slf4j.api_2.0.16.jar
2026-01-23 12:09:57,948 [Worker-47: Launching hedera-demo (3)] INFO  o.eclipse.m2e.core.internal.Bundles - getClasspathEntries(Bundle=jakarta.inject.jakarta.inject-api_1.0.5 [34])
2026-01-23 12:09:57,948 [Worker-47: Launching hedera-demo (3)] INFO  o.eclipse.m2e.core.internal.Bundles - 	Entry: D:\study\JAVA\eclipse\plugins\jakarta.inject.jakarta.inject-api_1.0.5.jar
2026-01-23 12:09:57,948 [Worker-47: Launching hedera-demo (3)] INFO  o.eclipse.m2e.core.internal.Bundles - getClasspathEntries(Bundle=jakarta.annotation-api_1.3.5 [29])
2026-01-23 12:09:57,948 [Worker-47: Launching hedera-demo (3)] INFO  o.eclipse.m2e.core.internal.Bundles - 	Entry: D:\study\JAVA\eclipse\plugins\jakarta.annotation-api_1.3.5.jar
2026-01-23 12:09:57,948 [Worker-47: Launching hedera-demo (3)] INFO  o.eclipse.m2e.core.internal.Bundles - getClasspathEntries(Bundle=org.apache.commons.cli_1.9.0 [78])
2026-01-23 12:09:57,949 [Worker-47: Launching hedera-demo (3)] INFO  o.eclipse.m2e.core.internal.Bundles - 	Entry: D:\study\JAVA\eclipse\plugins\org.apache.commons.cli_1.9.0.jar
2026-01-23 12:09:57,949 [Worker-47: Launching hedera-demo (3)] INFO  o.eclipse.m2e.core.internal.Bundles - getClasspathEntries(Bundle=org.apache.commons.commons-codec_1.16.0 [81])
2026-01-23 12:09:57,949 [Worker-47: Launching hedera-demo (3)] INFO  o.eclipse.m2e.core.internal.Bundles - 	Entry: D:\study\JAVA\eclipse\plugins\org.apache.commons.commons-codec_1.16.0.jar
2026-01-23 12:09:57,949 [Worker-47: Launching hedera-demo (3)] INFO  o.eclipse.m2e.core.internal.Bundles - getClasspathEntries(Bundle=com.google.guava.failureaccess_1.0.2 [17])
2026-01-23 12:09:57,949 [Worker-47: Launching hedera-demo (3)] INFO  o.eclipse.m2e.core.internal.Bundles - 	Entry: D:\study\JAVA\eclipse\plugins\com.google.guava.failureaccess_1.0.2.jar
2026-01-23 12:09:57,950 [Worker-47: Launching hedera-demo (3)] INFO  o.e.m.i.launch.MavenLaunchDelegate - Run build in "D:\study\protocol\Java\hedera-demo":
2026-01-23 12:09:57,965 [Worker-47: Launching hedera-demo (3)] INFO  o.e.m.i.launch.MavenLaunchDelegate -  mvn  -B -Dstyle.color=always compile
2026-01-23 12:10:58,661 [Worker-50: Building] INFO  o.a.m.s.f.DefaultMavenResourcesFiltering - Copying 0 resource from src\main\resources to target\classes
2026-01-23 12:10:58,663 [Worker-50: Building] INFO  o.a.m.s.f.DefaultMavenResourcesFiltering - Copying 0 resource from src\test\resources to target\test-classes
2026-01-23 12:12:42,376 [Worker-44: Building] INFO  o.a.m.s.f.DefaultMavenResourcesFiltering - Copying 0 resource from src\main\resources to target\classes
2026-01-23 12:12:42,378 [Worker-44: Building] INFO  o.a.m.s.f.DefaultMavenResourcesFiltering - Copying 0 resource from src\test\resources to target\test-classes
2026-01-23 12:12:52,417 [main] INFO  o.e.m2e.actions.ExecutePomAction - Creating new launch configuration
2026-01-23 12:12:58,303 [Worker-51: Launching hedera-demo (4)] INFO  o.eclipse.m2e.core.internal.Bundles - getClasspathEntries(Bundle=org.eclipse.m2e.maven.runtime_3.9.900.20240824-1409 [643])
2026-01-23 12:12:58,303 [Worker-51: Launching hedera-demo (4)] INFO  o.eclipse.m2e.core.internal.Bundles - 	Entry: D:\study\JAVA\eclipse\plugins\org.eclipse.m2e.maven.runtime_3.9.900.20240824-1409
2026-01-23 12:12:58,303 [Worker-51: Launching hedera-demo (4)] INFO  o.eclipse.m2e.core.internal.Bundles - 	Entry: D:\study\JAVA\eclipse\plugins\org.eclipse.m2e.maven.runtime_3.9.900.20240824-1409\jars\aopalliance-1.0.jar
2026-01-23 12:12:58,304 [Worker-51: Launching hedera-demo (4)] INFO  o.eclipse.m2e.core.internal.Bundles - 	Entry: D:\study\JAVA\eclipse\plugins\org.eclipse.m2e.maven.runtime_3.9.900.20240824-1409\jars\guice-5.1.0.jar
2026-01-23 12:12:58,304 [Worker-51: Launching hedera-demo (4)] INFO  o.eclipse.m2e.core.internal.Bundles - 	Entry: D:\study\JAVA\eclipse\plugins\org.eclipse.m2e.maven.runtime_3.9.900.20240824-1409\jars\httpclient-4.5.14.jar
2026-01-23 12:12:58,304 [Worker-51: Launching hedera-demo (4)] INFO  o.eclipse.m2e.core.internal.Bundles - 	Entry: D:\study\JAVA\eclipse\plugins\org.eclipse.m2e.maven.runtime_3.9.900.20240824-1409\jars\httpcore-4.4.16.jar
2026-01-23 12:12:58,304 [Worker-51: Launching hedera-demo (4)] INFO  o.eclipse.m2e.core.internal.Bundles - 	Entry: D:\study\JAVA\eclipse\plugins\org.eclipse.m2e.maven.runtime_3.9.900.20240824-1409\jars\jansi-2.4.1.jar
2026-01-23 12:12:58,304 [Worker-51: Launching hedera-demo (4)] INFO  o.eclipse.m2e.core.internal.Bundles - 	Entry: D:\study\JAVA\eclipse\plugins\org.eclipse.m2e.maven.runtime_3.9.900.20240824-1409\jars\jcl-over-slf4j-1.7.36.jar
2026-01-23 12:12:58,304 [Worker-51: Launching hedera-demo (4)] INFO  o.eclipse.m2e.core.internal.Bundles - 	Entry: D:\study\JAVA\eclipse\plugins\org.eclipse.m2e.maven.runtime_3.9.900.20240824-1409\jars\maven-artifact-3.9.9.jar
2026-01-23 12:12:58,304 [Worker-51: Launching hedera-demo (4)] INFO  o.eclipse.m2e.core.internal.Bundles - 	Entry: D:\study\JAVA\eclipse\plugins\org.eclipse.m2e.maven.runtime_3.9.900.20240824-1409\jars\maven-builder-support-3.9.9.jar
2026-01-23 12:12:58,304 [Worker-51: Launching hedera-demo (4)] INFO  o.eclipse.m2e.core.internal.Bundles - 	Entry: D:\study\JAVA\eclipse\plugins\org.eclipse.m2e.maven.runtime_3.9.900.20240824-1409\jars\maven-compat-3.9.9.jar
2026-01-23 12:12:58,304 [Worker-51: Launching hedera-demo (4)] INFO  o.eclipse.m2e.core.internal.Bundles - 	Entry: D:\study\JAVA\eclipse\plugins\org.eclipse.m2e.maven.runtime_3.9.900.20240824-1409\jars\maven-core-3.9.9.jar
2026-01-23 12:12:58,304 [Worker-51: Launching hedera-demo (4)] INFO  o.eclipse.m2e.core.internal.Bundles - 	Entry: D:\study\JAVA\eclipse\plugins\org.eclipse.m2e.maven.runtime_3.9.900.20240824-1409\jars\maven-embedder-3.9.9.jar
2026-01-23 12:12:58,304 [Worker-51: Launching hedera-demo (4)] INFO  o.eclipse.m2e.core.internal.Bundles - 	Entry: D:\study\JAVA\eclipse\plugins\org.eclipse.m2e.maven.runtime_3.9.900.20240824-1409\jars\maven-model-3.9.9.jar
2026-01-23 12:12:58,304 [Worker-51: Launching hedera-demo (4)] INFO  o.eclipse.m2e.core.internal.Bundles - 	Entry: D:\study\JAVA\eclipse\plugins\org.eclipse.m2e.maven.runtime_3.9.900.20240824-1409\jars\maven-model-builder-3.9.9.jar
2026-01-23 12:12:58,304 [Worker-51: Launching hedera-demo (4)] INFO  o.eclipse.m2e.core.internal.Bundles - 	Entry: D:\study\JAVA\eclipse\plugins\org.eclipse.m2e.maven.runtime_3.9.900.20240824-1409\jars\maven-plugin-api-3.9.9.jar
2026-01-23 12:12:58,304 [Worker-51: Launching hedera-demo (4)] INFO  o.eclipse.m2e.core.internal.Bundles - 	Entry: D:\study\JAVA\eclipse\plugins\org.eclipse.m2e.maven.runtime_3.9.900.20240824-1409\jars\maven-repository-metadata-3.9.9.jar
2026-01-23 12:12:58,304 [Worker-51: Launching hedera-demo (4)] INFO  o.eclipse.m2e.core.internal.Bundles - 	Entry: D:\study\JAVA\eclipse\plugins\org.eclipse.m2e.maven.runtime_3.9.900.20240824-1409\jars\maven-resolver-api-1.9.22.jar
2026-01-23 12:12:58,304 [Worker-51: Launching hedera-demo (4)] INFO  o.eclipse.m2e.core.internal.Bundles - 	Entry: D:\study\JAVA\eclipse\plugins\org.eclipse.m2e.maven.runtime_3.9.900.20240824-1409\jars\maven-resolver-connector-basic-1.9.22.jar
2026-01-23 12:12:58,304 [Worker-51: Launching hedera-demo (4)] INFO  o.eclipse.m2e.core.internal.Bundles - 	Entry: D:\study\JAVA\eclipse\plugins\org.eclipse.m2e.maven.runtime_3.9.900.20240824-1409\jars\maven-resolver-impl-1.9.22.jar
2026-01-23 12:12:58,304 [Worker-51: Launching hedera-demo (4)] INFO  o.eclipse.m2e.core.internal.Bundles - 	Entry: D:\study\JAVA\eclipse\plugins\org.eclipse.m2e.maven.runtime_3.9.900.20240824-1409\jars\maven-resolver-named-locks-1.9.22.jar
2026-01-23 12:12:58,304 [Worker-51: Launching hedera-demo (4)] INFO  o.eclipse.m2e.core.internal.Bundles - 	Entry: D:\study\JAVA\eclipse\plugins\org.eclipse.m2e.maven.runtime_3.9.900.20240824-1409\jars\maven-resolver-provider-3.9.9.jar
2026-01-23 12:12:58,304 [Worker-51: Launching hedera-demo (4)] INFO  o.eclipse.m2e.core.internal.Bundles - 	Entry: D:\study\JAVA\eclipse\plugins\org.eclipse.m2e.maven.runtime_3.9.900.20240824-1409\jars\maven-resolver-spi-1.9.22.jar
2026-01-23 12:12:58,304 [Worker-51: Launching hedera-demo (4)] INFO  o.eclipse.m2e.core.internal.Bundles - 	Entry: D:\study\JAVA\eclipse\plugins\org.eclipse.m2e.maven.runtime_3.9.900.20240824-1409\jars\maven-resolver-transport-file-1.9.22.jar
2026-01-23 12:12:58,304 [Worker-51: Launching hedera-demo (4)] INFO  o.eclipse.m2e.core.internal.Bundles - 	Entry: D:\study\JAVA\eclipse\plugins\org.eclipse.m2e.maven.runtime_3.9.900.20240824-1409\jars\maven-resolver-transport-http-1.9.22.jar
2026-01-23 12:12:58,304 [Worker-51: Launching hedera-demo (4)] INFO  o.eclipse.m2e.core.internal.Bundles - 	Entry: D:\study\JAVA\eclipse\plugins\org.eclipse.m2e.maven.runtime_3.9.900.20240824-1409\jars\maven-resolver-transport-wagon-1.9.22.jar
2026-01-23 12:12:58,304 [Worker-51: Launching hedera-demo (4)] INFO  o.eclipse.m2e.core.internal.Bundles - 	Entry: D:\study\JAVA\eclipse\plugins\org.eclipse.m2e.maven.runtime_3.9.900.20240824-1409\jars\maven-resolver-util-1.9.22.jar
2026-01-23 12:12:58,304 [Worker-51: Launching hedera-demo (4)] INFO  o.eclipse.m2e.core.internal.Bundles - 	Entry: D:\study\JAVA\eclipse\plugins\org.eclipse.m2e.maven.runtime_3.9.900.20240824-1409\jars\maven-settings-3.9.9.jar
2026-01-23 12:12:58,304 [Worker-51: Launching hedera-demo (4)] INFO  o.eclipse.m2e.core.internal.Bundles - 	Entry: D:\study\JAVA\eclipse\plugins\org.eclipse.m2e.maven.runtime_3.9.900.20240824-1409\jars\maven-settings-builder-3.9.9.jar
2026-01-23 12:12:58,305 [Worker-51: Launching hedera-demo (4)] INFO  o.eclipse.m2e.core.internal.Bundles - 	Entry: D:\study\JAVA\eclipse\plugins\org.eclipse.m2e.maven.runtime_3.9.900.20240824-1409\jars\maven-shared-utils-3.4.2.jar
2026-01-23 12:12:58,305 [Worker-51: Launching hedera-demo (4)] INFO  o.eclipse.m2e.core.internal.Bundles - 	Entry: D:\study\JAVA\eclipse\plugins\org.eclipse.m2e.maven.runtime_3.9.900.20240824-1409\jars\org.eclipse.sisu.inject-0.9.0.M3.jar
2026-01-23 12:12:58,305 [Worker-51: Launching hedera-demo (4)] INFO  o.eclipse.m2e.core.internal.Bundles - 	Entry: D:\study\JAVA\eclipse\plugins\org.eclipse.m2e.maven.runtime_3.9.900.20240824-1409\jars\org.eclipse.sisu.plexus-0.9.0.M3.jar
2026-01-23 12:12:58,305 [Worker-51: Launching hedera-demo (4)] INFO  o.eclipse.m2e.core.internal.Bundles - 	Entry: D:\study\JAVA\eclipse\plugins\org.eclipse.m2e.maven.runtime_3.9.900.20240824-1409\jars\plexus-build-api-0.0.7.jar
2026-01-23 12:12:58,305 [Worker-51: Launching hedera-demo (4)] INFO  o.eclipse.m2e.core.internal.Bundles - 	Entry: D:\study\JAVA\eclipse\plugins\org.eclipse.m2e.maven.runtime_3.9.900.20240824-1409\jars\plexus-build-api-1.2.0.jar
2026-01-23 12:12:58,305 [Worker-51: Launching hedera-demo (4)] INFO  o.eclipse.m2e.core.internal.Bundles - 	Entry: D:\study\JAVA\eclipse\plugins\org.eclipse.m2e.maven.runtime_3.9.900.20240824-1409\jars\plexus-cipher-2.0.jar
2026-01-23 12:12:58,305 [Worker-51: Launching hedera-demo (4)] INFO  o.eclipse.m2e.core.internal.Bundles - 	Entry: D:\study\JAVA\eclipse\plugins\org.eclipse.m2e.maven.runtime_3.9.900.20240824-1409\jars\plexus-classworlds-2.8.0.jar
2026-01-23 12:12:58,305 [Worker-51: Launching hedera-demo (4)] INFO  o.eclipse.m2e.core.internal.Bundles - 	Entry: D:\study\JAVA\eclipse\plugins\org.eclipse.m2e.maven.runtime_3.9.900.20240824-1409\jars\plexus-component-annotations-2.1.0.jar
2026-01-23 12:12:58,305 [Worker-51: Launching hedera-demo (4)] INFO  o.eclipse.m2e.core.internal.Bundles - 	Entry: D:\study\JAVA\eclipse\plugins\org.eclipse.m2e.maven.runtime_3.9.900.20240824-1409\jars\plexus-interpolation-1.27.jar
2026-01-23 12:12:58,305 [Worker-51: Launching hedera-demo (4)] INFO  o.eclipse.m2e.core.internal.Bundles - 	Entry: D:\study\JAVA\eclipse\plugins\org.eclipse.m2e.maven.runtime_3.9.900.20240824-1409\jars\plexus-sec-dispatcher-2.0.jar
2026-01-23 12:12:58,305 [Worker-51: Launching hedera-demo (4)] INFO  o.eclipse.m2e.core.internal.Bundles - 	Entry: D:\study\JAVA\eclipse\plugins\org.eclipse.m2e.maven.runtime_3.9.900.20240824-1409\jars\plexus-utils-3.5.1.jar
2026-01-23 12:12:58,305 [Worker-51: Launching hedera-demo (4)] INFO  o.eclipse.m2e.core.internal.Bundles - 	Entry: D:\study\JAVA\eclipse\plugins\org.eclipse.m2e.maven.runtime_3.9.900.20240824-1409\jars\plexus-xml-3.0.1.jar
2026-01-23 12:12:58,305 [Worker-51: Launching hedera-demo (4)] INFO  o.eclipse.m2e.core.internal.Bundles - 	Entry: D:\study\JAVA\eclipse\plugins\org.eclipse.m2e.maven.runtime_3.9.900.20240824-1409\jars\wagon-file-3.5.3.jar
2026-01-23 12:12:58,305 [Worker-51: Launching hedera-demo (4)] INFO  o.eclipse.m2e.core.internal.Bundles - 	Entry: D:\study\JAVA\eclipse\plugins\org.eclipse.m2e.maven.runtime_3.9.900.20240824-1409\jars\wagon-http-3.5.3.jar
2026-01-23 12:12:58,305 [Worker-51: Launching hedera-demo (4)] INFO  o.eclipse.m2e.core.internal.Bundles - 	Entry: D:\study\JAVA\eclipse\plugins\org.eclipse.m2e.maven.runtime_3.9.900.20240824-1409\jars\wagon-http-shared-3.5.3.jar
2026-01-23 12:12:58,305 [Worker-51: Launching hedera-demo (4)] INFO  o.eclipse.m2e.core.internal.Bundles - 	Entry: D:\study\JAVA\eclipse\plugins\org.eclipse.m2e.maven.runtime_3.9.900.20240824-1409\jars\wagon-provider-api-3.5.3.jar
2026-01-23 12:12:58,305 [Worker-51: Launching hedera-demo (4)] INFO  o.eclipse.m2e.core.internal.Bundles - getClasspathEntries(Bundle=com.google.guava_33.3.0.jre [16])
2026-01-23 12:12:58,305 [Worker-51: Launching hedera-demo (4)] INFO  o.eclipse.m2e.core.internal.Bundles - 	Entry: D:\study\JAVA\eclipse\plugins\com.google.guava_33.3.0.jre.jar
2026-01-23 12:12:58,305 [Worker-51: Launching hedera-demo (4)] INFO  o.eclipse.m2e.core.internal.Bundles - getClasspathEntries(Bundle=slf4j.api_2.0.16 [1008])
2026-01-23 12:12:58,305 [Worker-51: Launching hedera-demo (4)] INFO  o.eclipse.m2e.core.internal.Bundles - 	Entry: D:\study\JAVA\eclipse\plugins\slf4j.api_2.0.16.jar
2026-01-23 12:12:58,305 [Worker-51: Launching hedera-demo (4)] INFO  o.eclipse.m2e.core.internal.Bundles - getClasspathEntries(Bundle=jakarta.inject.jakarta.inject-api_1.0.5 [34])
2026-01-23 12:12:58,306 [Worker-51: Launching hedera-demo (4)] INFO  o.eclipse.m2e.core.internal.Bundles - 	Entry: D:\study\JAVA\eclipse\plugins\jakarta.inject.jakarta.inject-api_1.0.5.jar
2026-01-23 12:12:58,306 [Worker-51: Launching hedera-demo (4)] INFO  o.eclipse.m2e.core.internal.Bundles - getClasspathEntries(Bundle=jakarta.annotation-api_1.3.5 [29])
2026-01-23 12:12:58,306 [Worker-51: Launching hedera-demo (4)] INFO  o.eclipse.m2e.core.internal.Bundles - 	Entry: D:\study\JAVA\eclipse\plugins\jakarta.annotation-api_1.3.5.jar
2026-01-23 12:12:58,306 [Worker-51: Launching hedera-demo (4)] INFO  o.eclipse.m2e.core.internal.Bundles - getClasspathEntries(Bundle=org.apache.commons.cli_1.9.0 [78])
2026-01-23 12:12:58,306 [Worker-51: Launching hedera-demo (4)] INFO  o.eclipse.m2e.core.internal.Bundles - 	Entry: D:\study\JAVA\eclipse\plugins\org.apache.commons.cli_1.9.0.jar
2026-01-23 12:12:58,306 [Worker-51: Launching hedera-demo (4)] INFO  o.eclipse.m2e.core.internal.Bundles - getClasspathEntries(Bundle=org.apache.commons.commons-codec_1.16.0 [81])
2026-01-23 12:12:58,306 [Worker-51: Launching hedera-demo (4)] INFO  o.eclipse.m2e.core.internal.Bundles - 	Entry: D:\study\JAVA\eclipse\plugins\org.apache.commons.commons-codec_1.16.0.jar
2026-01-23 12:12:58,306 [Worker-51: Launching hedera-demo (4)] INFO  o.eclipse.m2e.core.internal.Bundles - getClasspathEntries(Bundle=com.google.guava.failureaccess_1.0.2 [17])
2026-01-23 12:12:58,306 [Worker-51: Launching hedera-demo (4)] INFO  o.eclipse.m2e.core.internal.Bundles - 	Entry: D:\study\JAVA\eclipse\plugins\com.google.guava.failureaccess_1.0.2.jar
2026-01-23 12:12:58,307 [Worker-51: Launching hedera-demo (4)] INFO  o.e.m.i.launch.MavenLaunchDelegate - Run build in "D:\study\protocol\Java\hedera-demo":
2026-01-23 12:12:58,307 [Worker-51: Launching hedera-demo (4)] INFO  o.e.m.i.launch.MavenLaunchDelegate -  mvn  -B -Dstyle.color=always compile
2026-01-23 12:13:33,961 [Worker-52: Building] INFO  o.a.m.s.f.DefaultMavenResourcesFiltering - Copying 0 resource from src\main\resources to target\classes
2026-01-23 12:13:33,963 [Worker-52: Building] INFO  o.a.m.s.f.DefaultMavenResourcesFiltering - Copying 0 resource from src\test\resources to target\test-classes
2026-01-23 12:29:04,512 [main] INFO  o.e.m2e.actions.ExecutePomAction - Creating new launch configuration
2026-01-23 12:29:09,632 [Worker-54: Launching hedera-demo (5)] INFO  o.eclipse.m2e.core.internal.Bundles - getClasspathEntries(Bundle=org.eclipse.m2e.maven.runtime_3.9.900.20240824-1409 [643])
2026-01-23 12:29:09,632 [Worker-54: Launching hedera-demo (5)] INFO  o.eclipse.m2e.core.internal.Bundles - 	Entry: D:\study\JAVA\eclipse\plugins\org.eclipse.m2e.maven.runtime_3.9.900.20240824-1409
2026-01-23 12:29:09,632 [Worker-54: Launching hedera-demo (5)] INFO  o.eclipse.m2e.core.internal.Bundles - 	Entry: D:\study\JAVA\eclipse\plugins\org.eclipse.m2e.maven.runtime_3.9.900.20240824-1409\jars\aopalliance-1.0.jar
2026-01-23 12:29:09,632 [Worker-54: Launching hedera-demo (5)] INFO  o.eclipse.m2e.core.internal.Bundles - 	Entry: D:\study\JAVA\eclipse\plugins\org.eclipse.m2e.maven.runtime_3.9.900.20240824-1409\jars\guice-5.1.0.jar
2026-01-23 12:29:09,632 [Worker-54: Launching hedera-demo (5)] INFO  o.eclipse.m2e.core.internal.Bundles - 	Entry: D:\study\JAVA\eclipse\plugins\org.eclipse.m2e.maven.runtime_3.9.900.20240824-1409\jars\httpclient-4.5.14.jar
2026-01-23 12:29:09,632 [Worker-54: Launching hedera-demo (5)] INFO  o.eclipse.m2e.core.internal.Bundles - 	Entry: D:\study\JAVA\eclipse\plugins\org.eclipse.m2e.maven.runtime_3.9.900.20240824-1409\jars\httpcore-4.4.16.jar
2026-01-23 12:29:09,632 [Worker-54: Launching hedera-demo (5)] INFO  o.eclipse.m2e.core.internal.Bundles - 	Entry: D:\study\JAVA\eclipse\plugins\org.eclipse.m2e.maven.runtime_3.9.900.20240824-1409\jars\jansi-2.4.1.jar
2026-01-23 12:29:09,632 [Worker-54: Launching hedera-demo (5)] INFO  o.eclipse.m2e.core.internal.Bundles - 	Entry: D:\study\JAVA\eclipse\plugins\org.eclipse.m2e.maven.runtime_3.9.900.20240824-1409\jars\jcl-over-slf4j-1.7.36.jar
2026-01-23 12:29:09,633 [Worker-54: Launching hedera-demo (5)] INFO  o.eclipse.m2e.core.internal.Bundles - 	Entry: D:\study\JAVA\eclipse\plugins\org.eclipse.m2e.maven.runtime_3.9.900.20240824-1409\jars\maven-artifact-3.9.9.jar
2026-01-23 12:29:09,633 [Worker-54: Launching hedera-demo (5)] INFO  o.eclipse.m2e.core.internal.Bundles - 	Entry: D:\study\JAVA\eclipse\plugins\org.eclipse.m2e.maven.runtime_3.9.900.20240824-1409\jars\maven-builder-support-3.9.9.jar
2026-01-23 12:29:09,633 [Worker-54: Launching hedera-demo (5)] INFO  o.eclipse.m2e.core.internal.Bundles - 	Entry: D:\study\JAVA\eclipse\plugins\org.eclipse.m2e.maven.runtime_3.9.900.20240824-1409\jars\maven-compat-3.9.9.jar
2026-01-23 12:29:09,633 [Worker-54: Launching hedera-demo (5)] INFO  o.eclipse.m2e.core.internal.Bundles - 	Entry: D:\study\JAVA\eclipse\plugins\org.eclipse.m2e.maven.runtime_3.9.900.20240824-1409\jars\maven-core-3.9.9.jar
2026-01-23 12:29:09,633 [Worker-54: Launching hedera-demo (5)] INFO  o.eclipse.m2e.core.internal.Bundles - 	Entry: D:\study\JAVA\eclipse\plugins\org.eclipse.m2e.maven.runtime_3.9.900.20240824-1409\jars\maven-embedder-3.9.9.jar
2026-01-23 12:29:09,633 [Worker-54: Launching hedera-demo (5)] INFO  o.eclipse.m2e.core.internal.Bundles - 	Entry: D:\study\JAVA\eclipse\plugins\org.eclipse.m2e.maven.runtime_3.9.900.20240824-1409\jars\maven-model-3.9.9.jar
2026-01-23 12:29:09,633 [Worker-54: Launching hedera-demo (5)] INFO  o.eclipse.m2e.core.internal.Bundles - 	Entry: D:\study\JAVA\eclipse\plugins\org.eclipse.m2e.maven.runtime_3.9.900.20240824-1409\jars\maven-model-builder-3.9.9.jar
2026-01-23 12:29:09,633 [Worker-54: Launching hedera-demo (5)] INFO  o.eclipse.m2e.core.internal.Bundles - 	Entry: D:\study\JAVA\eclipse\plugins\org.eclipse.m2e.maven.runtime_3.9.900.20240824-1409\jars\maven-plugin-api-3.9.9.jar
2026-01-23 12:29:09,633 [Worker-54: Launching hedera-demo (5)] INFO  o.eclipse.m2e.core.internal.Bundles - 	Entry: D:\study\JAVA\eclipse\plugins\org.eclipse.m2e.maven.runtime_3.9.900.20240824-1409\jars\maven-repository-metadata-3.9.9.jar
2026-01-23 12:29:09,633 [Worker-54: Launching hedera-demo (5)] INFO  o.eclipse.m2e.core.internal.Bundles - 	Entry: D:\study\JAVA\eclipse\plugins\org.eclipse.m2e.maven.runtime_3.9.900.20240824-1409\jars\maven-resolver-api-1.9.22.jar
2026-01-23 12:29:09,633 [Worker-54: Launching hedera-demo (5)] INFO  o.eclipse.m2e.core.internal.Bundles - 	Entry: D:\study\JAVA\eclipse\plugins\org.eclipse.m2e.maven.runtime_3.9.900.20240824-1409\jars\maven-resolver-connector-basic-1.9.22.jar
2026-01-23 12:29:09,633 [Worker-54: Launching hedera-demo (5)] INFO  o.eclipse.m2e.core.internal.Bundles - 	Entry: D:\study\JAVA\eclipse\plugins\org.eclipse.m2e.maven.runtime_3.9.900.20240824-1409\jars\maven-resolver-impl-1.9.22.jar
2026-01-23 12:29:09,633 [Worker-54: Launching hedera-demo (5)] INFO  o.eclipse.m2e.core.internal.Bundles - 	Entry: D:\study\JAVA\eclipse\plugins\org.eclipse.m2e.maven.runtime_3.9.900.20240824-1409\jars\maven-resolver-named-locks-1.9.22.jar
2026-01-23 12:29:09,633 [Worker-54: Launching hedera-demo (5)] INFO  o.eclipse.m2e.core.internal.Bundles - 	Entry: D:\study\JAVA\eclipse\plugins\org.eclipse.m2e.maven.runtime_3.9.900.20240824-1409\jars\maven-resolver-provider-3.9.9.jar
2026-01-23 12:29:09,633 [Worker-54: Launching hedera-demo (5)] INFO  o.eclipse.m2e.core.internal.Bundles - 	Entry: D:\study\JAVA\eclipse\plugins\org.eclipse.m2e.maven.runtime_3.9.900.20240824-1409\jars\maven-resolver-spi-1.9.22.jar
2026-01-23 12:29:09,633 [Worker-54: Launching hedera-demo (5)] INFO  o.eclipse.m2e.core.internal.Bundles - 	Entry: D:\study\JAVA\eclipse\plugins\org.eclipse.m2e.maven.runtime_3.9.900.20240824-1409\jars\maven-resolver-transport-file-1.9.22.jar
2026-01-23 12:29:09,633 [Worker-54: Launching hedera-demo (5)] INFO  o.eclipse.m2e.core.internal.Bundles - 	Entry: D:\study\JAVA\eclipse\plugins\org.eclipse.m2e.maven.runtime_3.9.900.20240824-1409\jars\maven-resolver-transport-http-1.9.22.jar
2026-01-23 12:29:09,633 [Worker-54: Launching hedera-demo (5)] INFO  o.eclipse.m2e.core.internal.Bundles - 	Entry: D:\study\JAVA\eclipse\plugins\org.eclipse.m2e.maven.runtime_3.9.900.20240824-1409\jars\maven-resolver-transport-wagon-1.9.22.jar
2026-01-23 12:29:09,633 [Worker-54: Launching hedera-demo (5)] INFO  o.eclipse.m2e.core.internal.Bundles - 	Entry: D:\study\JAVA\eclipse\plugins\org.eclipse.m2e.maven.runtime_3.9.900.20240824-1409\jars\maven-resolver-util-1.9.22.jar
2026-01-23 12:29:09,634 [Worker-54: Launching hedera-demo (5)] INFO  o.eclipse.m2e.core.internal.Bundles - 	Entry: D:\study\JAVA\eclipse\plugins\org.eclipse.m2e.maven.runtime_3.9.900.20240824-1409\jars\maven-settings-3.9.9.jar
2026-01-23 12:29:09,634 [Worker-54: Launching hedera-demo (5)] INFO  o.eclipse.m2e.core.internal.Bundles - 	Entry: D:\study\JAVA\eclipse\plugins\org.eclipse.m2e.maven.runtime_3.9.900.20240824-1409\jars\maven-settings-builder-3.9.9.jar
2026-01-23 12:29:09,634 [Worker-54: Launching hedera-demo (5)] INFO  o.eclipse.m2e.core.internal.Bundles - 	Entry: D:\study\JAVA\eclipse\plugins\org.eclipse.m2e.maven.runtime_3.9.900.20240824-1409\jars\maven-shared-utils-3.4.2.jar
2026-01-23 12:29:09,634 [Worker-54: Launching hedera-demo (5)] INFO  o.eclipse.m2e.core.internal.Bundles - 	Entry: D:\study\JAVA\eclipse\plugins\org.eclipse.m2e.maven.runtime_3.9.900.20240824-1409\jars\org.eclipse.sisu.inject-0.9.0.M3.jar
2026-01-23 12:29:09,634 [Worker-54: Launching hedera-demo (5)] INFO  o.eclipse.m2e.core.internal.Bundles - 	Entry: D:\study\JAVA\eclipse\plugins\org.eclipse.m2e.maven.runtime_3.9.900.20240824-1409\jars\org.eclipse.sisu.plexus-0.9.0.M3.jar
2026-01-23 12:29:09,634 [Worker-54: Launching hedera-demo (5)] INFO  o.eclipse.m2e.core.internal.Bundles - 	Entry: D:\study\JAVA\eclipse\plugins\org.eclipse.m2e.maven.runtime_3.9.900.20240824-1409\jars\plexus-build-api-0.0.7.jar
2026-01-23 12:29:09,634 [Worker-54: Launching hedera-demo (5)] INFO  o.eclipse.m2e.core.internal.Bundles - 	Entry: D:\study\JAVA\eclipse\plugins\org.eclipse.m2e.maven.runtime_3.9.900.20240824-1409\jars\plexus-build-api-1.2.0.jar
2026-01-23 12:29:09,634 [Worker-54: Launching hedera-demo (5)] INFO  o.eclipse.m2e.core.internal.Bundles - 	Entry: D:\study\JAVA\eclipse\plugins\org.eclipse.m2e.maven.runtime_3.9.900.20240824-1409\jars\plexus-cipher-2.0.jar
2026-01-23 12:29:09,634 [Worker-54: Launching hedera-demo (5)] INFO  o.eclipse.m2e.core.internal.Bundles - 	Entry: D:\study\JAVA\eclipse\plugins\org.eclipse.m2e.maven.runtime_3.9.900.20240824-1409\jars\plexus-classworlds-2.8.0.jar
2026-01-23 12:29:09,634 [Worker-54: Launching hedera-demo (5)] INFO  o.eclipse.m2e.core.internal.Bundles - 	Entry: D:\study\JAVA\eclipse\plugins\org.eclipse.m2e.maven.runtime_3.9.900.20240824-1409\jars\plexus-component-annotations-2.1.0.jar
2026-01-23 12:29:09,634 [Worker-54: Launching hedera-demo (5)] INFO  o.eclipse.m2e.core.internal.Bundles - 	Entry: D:\study\JAVA\eclipse\plugins\org.eclipse.m2e.maven.runtime_3.9.900.20240824-1409\jars\plexus-interpolation-1.27.jar
2026-01-23 12:29:09,634 [Worker-54: Launching hedera-demo (5)] INFO  o.eclipse.m2e.core.internal.Bundles - 	Entry: D:\study\JAVA\eclipse\plugins\org.eclipse.m2e.maven.runtime_3.9.900.20240824-1409\jars\plexus-sec-dispatcher-2.0.jar
2026-01-23 12:29:09,634 [Worker-54: Launching hedera-demo (5)] INFO  o.eclipse.m2e.core.internal.Bundles - 	Entry: D:\study\JAVA\eclipse\plugins\org.eclipse.m2e.maven.runtime_3.9.900.20240824-1409\jars\plexus-utils-3.5.1.jar
2026-01-23 12:29:09,634 [Worker-54: Launching hedera-demo (5)] INFO  o.eclipse.m2e.core.internal.Bundles - 	Entry: D:\study\JAVA\eclipse\plugins\org.eclipse.m2e.maven.runtime_3.9.900.20240824-1409\jars\plexus-xml-3.0.1.jar
2026-01-23 12:29:09,634 [Worker-54: Launching hedera-demo (5)] INFO  o.eclipse.m2e.core.internal.Bundles - 	Entry: D:\study\JAVA\eclipse\plugins\org.eclipse.m2e.maven.runtime_3.9.900.20240824-1409\jars\wagon-file-3.5.3.jar
2026-01-23 12:29:09,634 [Worker-54: Launching hedera-demo (5)] INFO  o.eclipse.m2e.core.internal.Bundles - 	Entry: D:\study\JAVA\eclipse\plugins\org.eclipse.m2e.maven.runtime_3.9.900.20240824-1409\jars\wagon-http-3.5.3.jar
2026-01-23 12:29:09,634 [Worker-54: Launching hedera-demo (5)] INFO  o.eclipse.m2e.core.internal.Bundles - 	Entry: D:\study\JAVA\eclipse\plugins\org.eclipse.m2e.maven.runtime_3.9.900.20240824-1409\jars\wagon-http-shared-3.5.3.jar
2026-01-23 12:29:09,635 [Worker-54: Launching hedera-demo (5)] INFO  o.eclipse.m2e.core.internal.Bundles - 	Entry: D:\study\JAVA\eclipse\plugins\org.eclipse.m2e.maven.runtime_3.9.900.20240824-1409\jars\wagon-provider-api-3.5.3.jar
2026-01-23 12:29:09,635 [Worker-54: Launching hedera-demo (5)] INFO  o.eclipse.m2e.core.internal.Bundles - getClasspathEntries(Bundle=com.google.guava_33.3.0.jre [16])
2026-01-23 12:29:09,635 [Worker-54: Launching hedera-demo (5)] INFO  o.eclipse.m2e.core.internal.Bundles - 	Entry: D:\study\JAVA\eclipse\plugins\com.google.guava_33.3.0.jre.jar
2026-01-23 12:29:09,635 [Worker-54: Launching hedera-demo (5)] INFO  o.eclipse.m2e.core.internal.Bundles - getClasspathEntries(Bundle=slf4j.api_2.0.16 [1008])
2026-01-23 12:29:09,635 [Worker-54: Launching hedera-demo (5)] INFO  o.eclipse.m2e.core.internal.Bundles - 	Entry: D:\study\JAVA\eclipse\plugins\slf4j.api_2.0.16.jar
2026-01-23 12:29:09,635 [Worker-54: Launching hedera-demo (5)] INFO  o.eclipse.m2e.core.internal.Bundles - getClasspathEntries(Bundle=jakarta.inject.jakarta.inject-api_1.0.5 [34])
2026-01-23 12:29:09,635 [Worker-54: Launching hedera-demo (5)] INFO  o.eclipse.m2e.core.internal.Bundles - 	Entry: D:\study\JAVA\eclipse\plugins\jakarta.inject.jakarta.inject-api_1.0.5.jar
2026-01-23 12:29:09,635 [Worker-54: Launching hedera-demo (5)] INFO  o.eclipse.m2e.core.internal.Bundles - getClasspathEntries(Bundle=jakarta.annotation-api_1.3.5 [29])
2026-01-23 12:29:09,635 [Worker-54: Launching hedera-demo (5)] INFO  o.eclipse.m2e.core.internal.Bundles - 	Entry: D:\study\JAVA\eclipse\plugins\jakarta.annotation-api_1.3.5.jar
2026-01-23 12:29:09,635 [Worker-54: Launching hedera-demo (5)] INFO  o.eclipse.m2e.core.internal.Bundles - getClasspathEntries(Bundle=org.apache.commons.cli_1.9.0 [78])
2026-01-23 12:29:09,636 [Worker-54: Launching hedera-demo (5)] INFO  o.eclipse.m2e.core.internal.Bundles - 	Entry: D:\study\JAVA\eclipse\plugins\org.apache.commons.cli_1.9.0.jar
2026-01-23 12:29:09,636 [Worker-54: Launching hedera-demo (5)] INFO  o.eclipse.m2e.core.internal.Bundles - getClasspathEntries(Bundle=org.apache.commons.commons-codec_1.16.0 [81])
2026-01-23 12:29:09,636 [Worker-54: Launching hedera-demo (5)] INFO  o.eclipse.m2e.core.internal.Bundles - 	Entry: D:\study\JAVA\eclipse\plugins\org.apache.commons.commons-codec_1.16.0.jar
2026-01-23 12:29:09,636 [Worker-54: Launching hedera-demo (5)] INFO  o.eclipse.m2e.core.internal.Bundles - getClasspathEntries(Bundle=com.google.guava.failureaccess_1.0.2 [17])
2026-01-23 12:29:09,636 [Worker-54: Launching hedera-demo (5)] INFO  o.eclipse.m2e.core.internal.Bundles - 	Entry: D:\study\JAVA\eclipse\plugins\com.google.guava.failureaccess_1.0.2.jar
2026-01-23 12:29:09,638 [Worker-54: Launching hedera-demo (5)] INFO  o.e.m.i.launch.MavenLaunchDelegate - Run build in "D:\study\protocol\Java\hedera-demo":
2026-01-23 12:29:09,638 [Worker-54: Launching hedera-demo (5)] INFO  o.e.m.i.launch.MavenLaunchDelegate -  mvn  -B -Dstyle.color=always compile
2026-01-23 12:30:09,184 [Worker-59: Building] INFO  o.a.m.s.f.DefaultMavenResourcesFiltering - Copying 0 resource from src\main\resources to target\classes
2026-01-23 12:30:09,185 [Worker-59: Building] INFO  o.a.m.s.f.DefaultMavenResourcesFiltering - Copying 0 resource from src\test\resources to target\test-classes
2026-01-23 12:30:44,420 [Worker-59: Building] INFO  o.a.m.s.f.DefaultMavenResourcesFiltering - Copying 0 resource from src\main\resources to target\classes
2026-01-23 12:30:44,422 [Worker-59: Building] INFO  o.a.m.s.f.DefaultMavenResourcesFiltering - Copying 0 resource from src\test\resources to target\test-classes
2026-01-23 13:07:44,789 [Worker-70: Building] INFO  o.a.m.s.f.DefaultMavenResourcesFiltering - Copying 0 resource from src\main\resources to target\classes
2026-01-23 13:07:44,791 [Worker-70: Building] INFO  o.a.m.s.f.DefaultMavenResourcesFiltering - Copying 0 resource from src\test\resources to target\test-classes
2026-01-23 13:10:51,343 [main] INFO  o.e.m2e.actions.ExecutePomAction - Creating new launch configuration
2026-01-23 13:10:56,137 [Worker-72: Launching hedera-demo (6)] INFO  o.eclipse.m2e.core.internal.Bundles - getClasspathEntries(Bundle=org.eclipse.m2e.maven.runtime_3.9.900.20240824-1409 [643])
2026-01-23 13:10:56,138 [Worker-72: Launching hedera-demo (6)] INFO  o.eclipse.m2e.core.internal.Bundles - 	Entry: D:\study\JAVA\eclipse\plugins\org.eclipse.m2e.maven.runtime_3.9.900.20240824-1409
2026-01-23 13:10:56,138 [Worker-72: Launching hedera-demo (6)] INFO  o.eclipse.m2e.core.internal.Bundles - 	Entry: D:\study\JAVA\eclipse\plugins\org.eclipse.m2e.maven.runtime_3.9.900.20240824-1409\jars\aopalliance-1.0.jar
2026-01-23 13:10:56,138 [Worker-72: Launching hedera-demo (6)] INFO  o.eclipse.m2e.core.internal.Bundles - 	Entry: D:\study\JAVA\eclipse\plugins\org.eclipse.m2e.maven.runtime_3.9.900.20240824-1409\jars\guice-5.1.0.jar
2026-01-23 13:10:56,138 [Worker-72: Launching hedera-demo (6)] INFO  o.eclipse.m2e.core.internal.Bundles - 	Entry: D:\study\JAVA\eclipse\plugins\org.eclipse.m2e.maven.runtime_3.9.900.20240824-1409\jars\httpclient-4.5.14.jar
2026-01-23 13:10:56,138 [Worker-72: Launching hedera-demo (6)] INFO  o.eclipse.m2e.core.internal.Bundles - 	Entry: D:\study\JAVA\eclipse\plugins\org.eclipse.m2e.maven.runtime_3.9.900.20240824-1409\jars\httpcore-4.4.16.jar
2026-01-23 13:10:56,138 [Worker-72: Launching hedera-demo (6)] INFO  o.eclipse.m2e.core.internal.Bundles - 	Entry: D:\study\JAVA\eclipse\plugins\org.eclipse.m2e.maven.runtime_3.9.900.20240824-1409\jars\jansi-2.4.1.jar
2026-01-23 13:10:56,138 [Worker-72: Launching hedera-demo (6)] INFO  o.eclipse.m2e.core.internal.Bundles - 	Entry: D:\study\JAVA\eclipse\plugins\org.eclipse.m2e.maven.runtime_3.9.900.20240824-1409\jars\jcl-over-slf4j-1.7.36.jar
2026-01-23 13:10:56,138 [Worker-72: Launching hedera-demo (6)] INFO  o.eclipse.m2e.core.internal.Bundles - 	Entry: D:\study\JAVA\eclipse\plugins\org.eclipse.m2e.maven.runtime_3.9.900.20240824-1409\jars\maven-artifact-3.9.9.jar
2026-01-23 13:10:56,138 [Worker-72: Launching hedera-demo (6)] INFO  o.eclipse.m2e.core.internal.Bundles - 	Entry: D:\study\JAVA\eclipse\plugins\org.eclipse.m2e.maven.runtime_3.9.900.20240824-1409\jars\maven-builder-support-3.9.9.jar
2026-01-23 13:10:56,138 [Worker-72: Launching hedera-demo (6)] INFO  o.eclipse.m2e.core.internal.Bundles - 	Entry: D:\study\JAVA\eclipse\plugins\org.eclipse.m2e.maven.runtime_3.9.900.20240824-1409\jars\maven-compat-3.9.9.jar
2026-01-23 13:10:56,138 [Worker-72: Launching hedera-demo (6)] INFO  o.eclipse.m2e.core.internal.Bundles - 	Entry: D:\study\JAVA\eclipse\plugins\org.eclipse.m2e.maven.runtime_3.9.900.20240824-1409\jars\maven-core-3.9.9.jar
2026-01-23 13:10:56,138 [Worker-72: Launching hedera-demo (6)] INFO  o.eclipse.m2e.core.internal.Bundles - 	Entry: D:\study\JAVA\eclipse\plugins\org.eclipse.m2e.maven.runtime_3.9.900.20240824-1409\jars\maven-embedder-3.9.9.jar
2026-01-23 13:10:56,138 [Worker-72: Launching hedera-demo (6)] INFO  o.eclipse.m2e.core.internal.Bundles - 	Entry: D:\study\JAVA\eclipse\plugins\org.eclipse.m2e.maven.runtime_3.9.900.20240824-1409\jars\maven-model-3.9.9.jar
2026-01-23 13:10:56,138 [Worker-72: Launching hedera-demo (6)] INFO  o.eclipse.m2e.core.internal.Bundles - 	Entry: D:\study\JAVA\eclipse\plugins\org.eclipse.m2e.maven.runtime_3.9.900.20240824-1409\jars\maven-model-builder-3.9.9.jar
2026-01-23 13:10:56,138 [Worker-72: Launching hedera-demo (6)] INFO  o.eclipse.m2e.core.internal.Bundles - 	Entry: D:\study\JAVA\eclipse\plugins\org.eclipse.m2e.maven.runtime_3.9.900.20240824-1409\jars\maven-plugin-api-3.9.9.jar
2026-01-23 13:10:56,138 [Worker-72: Launching hedera-demo (6)] INFO  o.eclipse.m2e.core.internal.Bundles - 	Entry: D:\study\JAVA\eclipse\plugins\org.eclipse.m2e.maven.runtime_3.9.900.20240824-1409\jars\maven-repository-metadata-3.9.9.jar
2026-01-23 13:10:56,139 [Worker-72: Launching hedera-demo (6)] INFO  o.eclipse.m2e.core.internal.Bundles - 	Entry: D:\study\JAVA\eclipse\plugins\org.eclipse.m2e.maven.runtime_3.9.900.20240824-1409\jars\maven-resolver-api-1.9.22.jar
2026-01-23 13:10:56,139 [Worker-72: Launching hedera-demo (6)] INFO  o.eclipse.m2e.core.internal.Bundles - 	Entry: D:\study\JAVA\eclipse\plugins\org.eclipse.m2e.maven.runtime_3.9.900.20240824-1409\jars\maven-resolver-connector-basic-1.9.22.jar
2026-01-23 13:10:56,139 [Worker-72: Launching hedera-demo (6)] INFO  o.eclipse.m2e.core.internal.Bundles - 	Entry: D:\study\JAVA\eclipse\plugins\org.eclipse.m2e.maven.runtime_3.9.900.20240824-1409\jars\maven-resolver-impl-1.9.22.jar
2026-01-23 13:10:56,139 [Worker-72: Launching hedera-demo (6)] INFO  o.eclipse.m2e.core.internal.Bundles - 	Entry: D:\study\JAVA\eclipse\plugins\org.eclipse.m2e.maven.runtime_3.9.900.20240824-1409\jars\maven-resolver-named-locks-1.9.22.jar
2026-01-23 13:10:56,139 [Worker-72: Launching hedera-demo (6)] INFO  o.eclipse.m2e.core.internal.Bundles - 	Entry: D:\study\JAVA\eclipse\plugins\org.eclipse.m2e.maven.runtime_3.9.900.20240824-1409\jars\maven-resolver-provider-3.9.9.jar
2026-01-23 13:10:56,139 [Worker-72: Launching hedera-demo (6)] INFO  o.eclipse.m2e.core.internal.Bundles - 	Entry: D:\study\JAVA\eclipse\plugins\org.eclipse.m2e.maven.runtime_3.9.900.20240824-1409\jars\maven-resolver-spi-1.9.22.jar
2026-01-23 13:10:56,139 [Worker-72: Launching hedera-demo (6)] INFO  o.eclipse.m2e.core.internal.Bundles - 	Entry: D:\study\JAVA\eclipse\plugins\org.eclipse.m2e.maven.runtime_3.9.900.20240824-1409\jars\maven-resolver-transport-file-1.9.22.jar
2026-01-23 13:10:56,139 [Worker-72: Launching hedera-demo (6)] INFO  o.eclipse.m2e.core.internal.Bundles - 	Entry: D:\study\JAVA\eclipse\plugins\org.eclipse.m2e.maven.runtime_3.9.900.20240824-1409\jars\maven-resolver-transport-http-1.9.22.jar
2026-01-23 13:10:56,139 [Worker-72: Launching hedera-demo (6)] INFO  o.eclipse.m2e.core.internal.Bundles - 	Entry: D:\study\JAVA\eclipse\plugins\org.eclipse.m2e.maven.runtime_3.9.900.20240824-1409\jars\maven-resolver-transport-wagon-1.9.22.jar
2026-01-23 13:10:56,139 [Worker-72: Launching hedera-demo (6)] INFO  o.eclipse.m2e.core.internal.Bundles - 	Entry: D:\study\JAVA\eclipse\plugins\org.eclipse.m2e.maven.runtime_3.9.900.20240824-1409\jars\maven-resolver-util-1.9.22.jar
2026-01-23 13:10:56,139 [Worker-72: Launching hedera-demo (6)] INFO  o.eclipse.m2e.core.internal.Bundles - 	Entry: D:\study\JAVA\eclipse\plugins\org.eclipse.m2e.maven.runtime_3.9.900.20240824-1409\jars\maven-settings-3.9.9.jar
2026-01-23 13:10:56,139 [Worker-72: Launching hedera-demo (6)] INFO  o.eclipse.m2e.core.internal.Bundles - 	Entry: D:\study\JAVA\eclipse\plugins\org.eclipse.m2e.maven.runtime_3.9.900.20240824-1409\jars\maven-settings-builder-3.9.9.jar
2026-01-23 13:10:56,139 [Worker-72: Launching hedera-demo (6)] INFO  o.eclipse.m2e.core.internal.Bundles - 	Entry: D:\study\JAVA\eclipse\plugins\org.eclipse.m2e.maven.runtime_3.9.900.20240824-1409\jars\maven-shared-utils-3.4.2.jar
2026-01-23 13:10:56,139 [Worker-72: Launching hedera-demo (6)] INFO  o.eclipse.m2e.core.internal.Bundles - 	Entry: D:\study\JAVA\eclipse\plugins\org.eclipse.m2e.maven.runtime_3.9.900.20240824-1409\jars\org.eclipse.sisu.inject-0.9.0.M3.jar
2026-01-23 13:10:56,139 [Worker-72: Launching hedera-demo (6)] INFO  o.eclipse.m2e.core.internal.Bundles - 	Entry: D:\study\JAVA\eclipse\plugins\org.eclipse.m2e.maven.runtime_3.9.900.20240824-1409\jars\org.eclipse.sisu.plexus-0.9.0.M3.jar
2026-01-23 13:10:56,139 [Worker-72: Launching hedera-demo (6)] INFO  o.eclipse.m2e.core.internal.Bundles - 	Entry: D:\study\JAVA\eclipse\plugins\org.eclipse.m2e.maven.runtime_3.9.900.20240824-1409\jars\plexus-build-api-0.0.7.jar
2026-01-23 13:10:56,139 [Worker-72: Launching hedera-demo (6)] INFO  o.eclipse.m2e.core.internal.Bundles - 	Entry: D:\study\JAVA\eclipse\plugins\org.eclipse.m2e.maven.runtime_3.9.900.20240824-1409\jars\plexus-build-api-1.2.0.jar
2026-01-23 13:10:56,139 [Worker-72: Launching hedera-demo (6)] INFO  o.eclipse.m2e.core.internal.Bundles - 	Entry: D:\study\JAVA\eclipse\plugins\org.eclipse.m2e.maven.runtime_3.9.900.20240824-1409\jars\plexus-cipher-2.0.jar
2026-01-23 13:10:56,139 [Worker-72: Launching hedera-demo (6)] INFO  o.eclipse.m2e.core.internal.Bundles - 	Entry: D:\study\JAVA\eclipse\plugins\org.eclipse.m2e.maven.runtime_3.9.900.20240824-1409\jars\plexus-classworlds-2.8.0.jar
2026-01-23 13:10:56,139 [Worker-72: Launching hedera-demo (6)] INFO  o.eclipse.m2e.core.internal.Bundles - 	Entry: D:\study\JAVA\eclipse\plugins\org.eclipse.m2e.maven.runtime_3.9.900.20240824-1409\jars\plexus-component-annotations-2.1.0.jar
2026-01-23 13:10:56,140 [Worker-72: Launching hedera-demo (6)] INFO  o.eclipse.m2e.core.internal.Bundles - 	Entry: D:\study\JAVA\eclipse\plugins\org.eclipse.m2e.maven.runtime_3.9.900.20240824-1409\jars\plexus-interpolation-1.27.jar
2026-01-23 13:10:56,140 [Worker-72: Launching hedera-demo (6)] INFO  o.eclipse.m2e.core.internal.Bundles - 	Entry: D:\study\JAVA\eclipse\plugins\org.eclipse.m2e.maven.runtime_3.9.900.20240824-1409\jars\plexus-sec-dispatcher-2.0.jar
2026-01-23 13:10:56,140 [Worker-72: Launching hedera-demo (6)] INFO  o.eclipse.m2e.core.internal.Bundles - 	Entry: D:\study\JAVA\eclipse\plugins\org.eclipse.m2e.maven.runtime_3.9.900.20240824-1409\jars\plexus-utils-3.5.1.jar
2026-01-23 13:10:56,140 [Worker-72: Launching hedera-demo (6)] INFO  o.eclipse.m2e.core.internal.Bundles - 	Entry: D:\study\JAVA\eclipse\plugins\org.eclipse.m2e.maven.runtime_3.9.900.20240824-1409\jars\plexus-xml-3.0.1.jar
2026-01-23 13:10:56,140 [Worker-72: Launching hedera-demo (6)] INFO  o.eclipse.m2e.core.internal.Bundles - 	Entry: D:\study\JAVA\eclipse\plugins\org.eclipse.m2e.maven.runtime_3.9.900.20240824-1409\jars\wagon-file-3.5.3.jar
2026-01-23 13:10:56,140 [Worker-72: Launching hedera-demo (6)] INFO  o.eclipse.m2e.core.internal.Bundles - 	Entry: D:\study\JAVA\eclipse\plugins\org.eclipse.m2e.maven.runtime_3.9.900.20240824-1409\jars\wagon-http-3.5.3.jar
2026-01-23 13:10:56,140 [Worker-72: Launching hedera-demo (6)] INFO  o.eclipse.m2e.core.internal.Bundles - 	Entry: D:\study\JAVA\eclipse\plugins\org.eclipse.m2e.maven.runtime_3.9.900.20240824-1409\jars\wagon-http-shared-3.5.3.jar
2026-01-23 13:10:56,140 [Worker-72: Launching hedera-demo (6)] INFO  o.eclipse.m2e.core.internal.Bundles - 	Entry: D:\study\JAVA\eclipse\plugins\org.eclipse.m2e.maven.runtime_3.9.900.20240824-1409\jars\wagon-provider-api-3.5.3.jar
2026-01-23 13:10:56,140 [Worker-72: Launching hedera-demo (6)] INFO  o.eclipse.m2e.core.internal.Bundles - getClasspathEntries(Bundle=com.google.guava_33.3.0.jre [16])
2026-01-23 13:10:56,140 [Worker-72: Launching hedera-demo (6)] INFO  o.eclipse.m2e.core.internal.Bundles - 	Entry: D:\study\JAVA\eclipse\plugins\com.google.guava_33.3.0.jre.jar
2026-01-23 13:10:56,140 [Worker-72: Launching hedera-demo (6)] INFO  o.eclipse.m2e.core.internal.Bundles - getClasspathEntries(Bundle=slf4j.api_2.0.16 [1008])
2026-01-23 13:10:56,140 [Worker-72: Launching hedera-demo (6)] INFO  o.eclipse.m2e.core.internal.Bundles - 	Entry: D:\study\JAVA\eclipse\plugins\slf4j.api_2.0.16.jar
2026-01-23 13:10:56,140 [Worker-72: Launching hedera-demo (6)] INFO  o.eclipse.m2e.core.internal.Bundles - getClasspathEntries(Bundle=jakarta.inject.jakarta.inject-api_1.0.5 [34])
2026-01-23 13:10:56,141 [Worker-72: Launching hedera-demo (6)] INFO  o.eclipse.m2e.core.internal.Bundles - 	Entry: D:\study\JAVA\eclipse\plugins\jakarta.inject.jakarta.inject-api_1.0.5.jar
2026-01-23 13:10:56,141 [Worker-72: Launching hedera-demo (6)] INFO  o.eclipse.m2e.core.internal.Bundles - getClasspathEntries(Bundle=jakarta.annotation-api_1.3.5 [29])
2026-01-23 13:10:56,141 [Worker-72: Launching hedera-demo (6)] INFO  o.eclipse.m2e.core.internal.Bundles - 	Entry: D:\study\JAVA\eclipse\plugins\jakarta.annotation-api_1.3.5.jar
2026-01-23 13:10:56,141 [Worker-72: Launching hedera-demo (6)] INFO  o.eclipse.m2e.core.internal.Bundles - getClasspathEntries(Bundle=org.apache.commons.cli_1.9.0 [78])
2026-01-23 13:10:56,141 [Worker-72: Launching hedera-demo (6)] INFO  o.eclipse.m2e.core.internal.Bundles - 	Entry: D:\study\JAVA\eclipse\plugins\org.apache.commons.cli_1.9.0.jar
2026-01-23 13:10:56,141 [Worker-72: Launching hedera-demo (6)] INFO  o.eclipse.m2e.core.internal.Bundles - getClasspathEntries(Bundle=org.apache.commons.commons-codec_1.16.0 [81])
2026-01-23 13:10:56,141 [Worker-72: Launching hedera-demo (6)] INFO  o.eclipse.m2e.core.internal.Bundles - 	Entry: D:\study\JAVA\eclipse\plugins\org.apache.commons.commons-codec_1.16.0.jar
2026-01-23 13:10:56,141 [Worker-72: Launching hedera-demo (6)] INFO  o.eclipse.m2e.core.internal.Bundles - getClasspathEntries(Bundle=com.google.guava.failureaccess_1.0.2 [17])
2026-01-23 13:10:56,141 [Worker-72: Launching hedera-demo (6)] INFO  o.eclipse.m2e.core.internal.Bundles - 	Entry: D:\study\JAVA\eclipse\plugins\com.google.guava.failureaccess_1.0.2.jar
2026-01-23 13:10:56,142 [Worker-72: Launching hedera-demo (6)] INFO  o.e.m.i.launch.MavenLaunchDelegate - Run build in "D:\study\protocol\Java\hedera-demo":
2026-01-23 13:10:56,142 [Worker-72: Launching hedera-demo (6)] INFO  o.e.m.i.launch.MavenLaunchDelegate -  mvn  -B -Dstyle.color=always compile
2026-01-23 13:12:07,068 [Worker-73: Building] INFO  o.a.m.s.f.DefaultMavenResourcesFiltering - Copying 0 resource from src\main\resources to target\classes
2026-01-23 13:12:07,071 [Worker-73: Building] INFO  o.a.m.s.f.DefaultMavenResourcesFiltering - Copying 0 resource from src\test\resources to target\test-classes
2026-01-23 13:12:18,751 [Worker-71: Building] INFO  o.a.m.s.f.DefaultMavenResourcesFiltering - Copying 0 resource from src\main\resources to target\classes
2026-01-23 13:12:18,753 [Worker-71: Building] INFO  o.a.m.s.f.DefaultMavenResourcesFiltering - Copying 0 resource from src\test\resources to target\test-classes
2026-01-23 13:25:10,712 [Worker-75: Building] INFO  o.a.m.s.f.DefaultMavenResourcesFiltering - Copying 0 resource from src\main\resources to target\classes
2026-01-23 13:25:10,716 [Worker-75: Building] INFO  o.a.m.s.f.DefaultMavenResourcesFiltering - Copying 0 resource from src\test\resources to target\test-classes
2026-01-23 13:25:35,305 [Worker-76: Building] INFO  o.a.m.s.f.DefaultMavenResourcesFiltering - Copying 0 resource from src\main\resources to target\classes
2026-01-23 13:25:35,307 [Worker-76: Building] INFO  o.a.m.s.f.DefaultMavenResourcesFiltering - Copying 0 resource from src\test\resources to target\test-classes
2026-01-23 13:25:42,367 [Worker-78: Building] INFO  o.a.m.s.f.DefaultMavenResourcesFiltering - Copying 0 resource from src\main\resources to target\classes
2026-01-23 13:25:42,369 [Worker-78: Building] INFO  o.a.m.s.f.DefaultMavenResourcesFiltering - Copying 0 resource from src\test\resources to target\test-classes
2026-01-23 13:25:57,691 [Worker-76: Building] INFO  o.a.m.s.f.DefaultMavenResourcesFiltering - Copying 0 resource from src\main\resources to target\classes
2026-01-23 13:25:57,693 [Worker-76: Building] INFO  o.a.m.s.f.DefaultMavenResourcesFiltering - Copying 0 resource from src\test\resources to target\test-classes
2026-01-23 13:26:25,646 [Worker-75: Building] INFO  o.a.m.s.f.DefaultMavenResourcesFiltering - Copying 0 resource from src\main\resources to target\classes
2026-01-23 13:26:25,647 [Worker-75: Building] INFO  o.a.m.s.f.DefaultMavenResourcesFiltering - Copying 0 resource from src\test\resources to target\test-classes
2026-01-23 13:28:37,990 [Worker-78: Building] INFO  o.a.m.s.f.DefaultMavenResourcesFiltering - Copying 0 resource from src\main\resources to target\classes
2026-01-23 13:28:37,992 [Worker-78: Building] INFO  o.a.m.s.f.DefaultMavenResourcesFiltering - Copying 0 resource from src\test\resources to target\test-classes
2026-01-23 13:29:15,194 [Worker-72: Building] INFO  o.a.m.s.f.DefaultMavenResourcesFiltering - Copying 0 resource from src\main\resources to target\classes
2026-01-23 13:29:15,196 [Worker-72: Building] INFO  o.a.m.s.f.DefaultMavenResourcesFiltering - Copying 0 resource from src\test\resources to target\test-classes
2026-01-23 13:32:16,693 [Worker-78: Building] INFO  o.e.m.c.i.l.LifecycleMappingFactory - Using org.eclipse.m2e.jdt.JarLifecycleMapping lifecycle mapping for MavenProject: com.shivam.hedera:hedera-demo:0.0.1-SNAPSHOT @ D:\study\protocol\Java\hedera-demo\pom.xml.
2026-01-23 13:32:17,279 [Worker-78: Building] INFO  o.a.m.s.f.DefaultMavenResourcesFiltering - Copying 0 resource from src\main\resources to target\classes
2026-01-23 13:32:17,282 [Worker-78: Building] INFO  o.a.m.s.f.DefaultMavenResourcesFiltering - Copying 0 resource from src\test\resources to target\test-classes
2026-01-23 13:32:56,780 [Worker-76: Building] INFO  o.a.m.s.f.DefaultMavenResourcesFiltering - Copying 0 resource from src\main\resources to target\classes
2026-01-23 13:32:56,782 [Worker-76: Building] INFO  o.a.m.s.f.DefaultMavenResourcesFiltering - Copying 0 resource from src\test\resources to target\test-classes
2026-01-23 13:37:45,622 [Worker-76: Building] INFO  o.a.m.s.f.DefaultMavenResourcesFiltering - Copying 0 resource from src\main\resources to target\classes
2026-01-23 13:37:45,623 [Worker-76: Building] INFO  o.a.m.s.f.DefaultMavenResourcesFiltering - Copying 0 resource from src\test\resources to target\test-classes
2026-01-23 13:37:53,620 [Worker-80: Building] INFO  o.a.m.s.f.DefaultMavenResourcesFiltering - Copying 0 resource from src\main\resources to target\classes
2026-01-23 13:37:53,622 [Worker-80: Building] INFO  o.a.m.s.f.DefaultMavenResourcesFiltering - Copying 0 resource from src\test\resources to target\test-classes
2026-01-23 13:38:42,844 [Worker-81: Building] INFO  o.a.m.s.f.DefaultMavenResourcesFiltering - Copying 0 resource from src\main\resources to target\classes
2026-01-23 13:38:42,847 [Worker-81: Building] INFO  o.a.m.s.f.DefaultMavenResourcesFiltering - Copying 0 resource from src\test\resources to target\test-classes
2026-01-23 13:39:58,172 [Worker-75: Building] INFO  o.a.m.s.f.DefaultMavenResourcesFiltering - Copying 0 resource from src\main\resources to target\classes
2026-01-23 13:39:58,174 [Worker-75: Building] INFO  o.a.m.s.f.DefaultMavenResourcesFiltering - Copying 0 resource from src\test\resources to target\test-classes
2026-01-23 13:50:59,058 [Worker-85: Building] INFO  o.a.m.s.f.DefaultMavenResourcesFiltering - Copying 0 resource from src\main\resources to target\classes
2026-01-23 13:50:59,060 [Worker-85: Building] INFO  o.a.m.s.f.DefaultMavenResourcesFiltering - Copying 0 resource from src\test\resources to target\test-classes
2026-01-23 13:51:26,149 [Worker-87: Building] INFO  o.a.m.s.f.DefaultMavenResourcesFiltering - Copying 0 resource from src\main\resources to target\classes
2026-01-23 13:51:26,150 [Worker-87: Building] INFO  o.a.m.s.f.DefaultMavenResourcesFiltering - Copying 0 resource from src\test\resources to target\test-classes
2026-01-23 13:51:52,006 [Worker-85: Building] INFO  o.a.m.s.f.DefaultMavenResourcesFiltering - Copying 0 resource from src\main\resources to target\classes
2026-01-23 13:51:52,008 [Worker-85: Building] INFO  o.a.m.s.f.DefaultMavenResourcesFiltering - Copying 0 resource from src\test\resources to target\test-classes
2026-01-23 15:28:44,483 [Worker-103: Building] INFO  o.a.m.s.f.DefaultMavenResourcesFiltering - Copying 0 resource from src\main\resources to target\classes
2026-01-23 15:28:44,483 [Worker-103: Building] INFO  o.a.m.s.f.DefaultMavenResourcesFiltering - Copying 0 resource from src\test\resources to target\test-classes
2026-01-23 15:28:48,485 [Worker-104: Building] INFO  o.a.m.s.f.DefaultMavenResourcesFiltering - Copying 0 resource from src\main\resources to target\classes
2026-01-23 15:28:48,487 [Worker-104: Building] INFO  o.a.m.s.f.DefaultMavenResourcesFiltering - Copying 0 resource from src\test\resources to target\test-classes
2026-01-23 15:30:21,421 [Worker-101: Building] INFO  o.a.m.s.f.DefaultMavenResourcesFiltering - Copying 0 resource from src\main\resources to target\classes
2026-01-23 15:30:21,423 [Worker-101: Building] INFO  o.a.m.s.f.DefaultMavenResourcesFiltering - Copying 0 resource from src\test\resources to target\test-classes
2026-01-23 15:32:26,798 [Worker-101: Building] INFO  o.a.m.s.f.DefaultMavenResourcesFiltering - Copying 0 resource from src\main\resources to target\classes
2026-01-23 15:32:26,799 [Worker-101: Building] INFO  o.a.m.s.f.DefaultMavenResourcesFiltering - Copying 0 resource from src\test\resources to target\test-classes
2026-01-23 15:32:53,581 [Worker-105: Building] INFO  o.a.m.s.f.DefaultMavenResourcesFiltering - Copying 0 resource from src\main\resources to target\classes
2026-01-23 15:32:53,582 [Worker-105: Building] INFO  o.a.m.s.f.DefaultMavenResourcesFiltering - Copying 0 resource from src\test\resources to target\test-classes
2026-01-23 15:34:52,295 [Worker-102: Building] INFO  o.a.m.s.f.DefaultMavenResourcesFiltering - Copying 0 resource from src\main\resources to target\classes
2026-01-23 15:34:52,296 [Worker-102: Building] INFO  o.a.m.s.f.DefaultMavenResourcesFiltering - Copying 0 resource from src\test\resources to target\test-classes
2026-01-23 15:35:49,589 [main] INFO  o.e.m2e.actions.ExecutePomAction - Creating new launch configuration
2026-01-23 15:35:54,549 [Worker-105: Launching hedera-demo (7)] INFO  o.eclipse.m2e.core.internal.Bundles - getClasspathEntries(Bundle=org.eclipse.m2e.maven.runtime_3.9.900.20240824-1409 [643])
2026-01-23 15:35:54,549 [Worker-105: Launching hedera-demo (7)] INFO  o.eclipse.m2e.core.internal.Bundles - 	Entry: D:\study\JAVA\eclipse\plugins\org.eclipse.m2e.maven.runtime_3.9.900.20240824-1409
2026-01-23 15:35:54,550 [Worker-105: Launching hedera-demo (7)] INFO  o.eclipse.m2e.core.internal.Bundles - 	Entry: D:\study\JAVA\eclipse\plugins\org.eclipse.m2e.maven.runtime_3.9.900.20240824-1409\jars\aopalliance-1.0.jar
2026-01-23 15:35:54,550 [Worker-105: Launching hedera-demo (7)] INFO  o.eclipse.m2e.core.internal.Bundles - 	Entry: D:\study\JAVA\eclipse\plugins\org.eclipse.m2e.maven.runtime_3.9.900.20240824-1409\jars\guice-5.1.0.jar
2026-01-23 15:35:54,550 [Worker-105: Launching hedera-demo (7)] INFO  o.eclipse.m2e.core.internal.Bundles - 	Entry: D:\study\JAVA\eclipse\plugins\org.eclipse.m2e.maven.runtime_3.9.900.20240824-1409\jars\httpclient-4.5.14.jar
2026-01-23 15:35:54,550 [Worker-105: Launching hedera-demo (7)] INFO  o.eclipse.m2e.core.internal.Bundles - 	Entry: D:\study\JAVA\eclipse\plugins\org.eclipse.m2e.maven.runtime_3.9.900.20240824-1409\jars\httpcore-4.4.16.jar
2026-01-23 15:35:54,550 [Worker-105: Launching hedera-demo (7)] INFO  o.eclipse.m2e.core.internal.Bundles - 	Entry: D:\study\JAVA\eclipse\plugins\org.eclipse.m2e.maven.runtime_3.9.900.20240824-1409\jars\jansi-2.4.1.jar
2026-01-23 15:35:54,550 [Worker-105: Launching hedera-demo (7)] INFO  o.eclipse.m2e.core.internal.Bundles - 	Entry: D:\study\JAVA\eclipse\plugins\org.eclipse.m2e.maven.runtime_3.9.900.20240824-1409\jars\jcl-over-slf4j-1.7.36.jar
2026-01-23 15:35:54,550 [Worker-105: Launching hedera-demo (7)] INFO  o.eclipse.m2e.core.internal.Bundles - 	Entry: D:\study\JAVA\eclipse\plugins\org.eclipse.m2e.maven.runtime_3.9.900.20240824-1409\jars\maven-artifact-3.9.9.jar
2026-01-23 15:35:54,550 [Worker-105: Launching hedera-demo (7)] INFO  o.eclipse.m2e.core.internal.Bundles - 	Entry: D:\study\JAVA\eclipse\plugins\org.eclipse.m2e.maven.runtime_3.9.900.20240824-1409\jars\maven-builder-support-3.9.9.jar
2026-01-23 15:35:54,550 [Worker-105: Launching hedera-demo (7)] INFO  o.eclipse.m2e.core.internal.Bundles - 	Entry: D:\study\JAVA\eclipse\plugins\org.eclipse.m2e.maven.runtime_3.9.900.20240824-1409\jars\maven-compat-3.9.9.jar
2026-01-23 15:35:54,550 [Worker-105: Launching hedera-demo (7)] INFO  o.eclipse.m2e.core.internal.Bundles - 	Entry: D:\study\JAVA\eclipse\plugins\org.eclipse.m2e.maven.runtime_3.9.900.20240824-1409\jars\maven-core-3.9.9.jar
2026-01-23 15:35:54,550 [Worker-105: Launching hedera-demo (7)] INFO  o.eclipse.m2e.core.internal.Bundles - 	Entry: D:\study\JAVA\eclipse\plugins\org.eclipse.m2e.maven.runtime_3.9.900.20240824-1409\jars\maven-embedder-3.9.9.jar
2026-01-23 15:35:54,550 [Worker-105: Launching hedera-demo (7)] INFO  o.eclipse.m2e.core.internal.Bundles - 	Entry: D:\study\JAVA\eclipse\plugins\org.eclipse.m2e.maven.runtime_3.9.900.20240824-1409\jars\maven-model-3.9.9.jar
2026-01-23 15:35:54,551 [Worker-105: Launching hedera-demo (7)] INFO  o.eclipse.m2e.core.internal.Bundles - 	Entry: D:\study\JAVA\eclipse\plugins\org.eclipse.m2e.maven.runtime_3.9.900.20240824-1409\jars\maven-model-builder-3.9.9.jar
2026-01-23 15:35:54,551 [Worker-105: Launching hedera-demo (7)] INFO  o.eclipse.m2e.core.internal.Bundles - 	Entry: D:\study\JAVA\eclipse\plugins\org.eclipse.m2e.maven.runtime_3.9.900.20240824-1409\jars\maven-plugin-api-3.9.9.jar
2026-01-23 15:35:54,551 [Worker-105: Launching hedera-demo (7)] INFO  o.eclipse.m2e.core.internal.Bundles - 	Entry: D:\study\JAVA\eclipse\plugins\org.eclipse.m2e.maven.runtime_3.9.900.20240824-1409\jars\maven-repository-metadata-3.9.9.jar
2026-01-23 15:35:54,551 [Worker-105: Launching hedera-demo (7)] INFO  o.eclipse.m2e.core.internal.Bundles - 	Entry: D:\study\JAVA\eclipse\plugins\org.eclipse.m2e.maven.runtime_3.9.900.20240824-1409\jars\maven-resolver-api-1.9.22.jar
2026-01-23 15:35:54,551 [Worker-105: Launching hedera-demo (7)] INFO  o.eclipse.m2e.core.internal.Bundles - 	Entry: D:\study\JAVA\eclipse\plugins\org.eclipse.m2e.maven.runtime_3.9.900.20240824-1409\jars\maven-resolver-connector-basic-1.9.22.jar
2026-01-23 15:35:54,551 [Worker-105: Launching hedera-demo (7)] INFO  o.eclipse.m2e.core.internal.Bundles - 	Entry: D:\study\JAVA\eclipse\plugins\org.eclipse.m2e.maven.runtime_3.9.900.20240824-1409\jars\maven-resolver-impl-1.9.22.jar
2026-01-23 15:35:54,551 [Worker-105: Launching hedera-demo (7)] INFO  o.eclipse.m2e.core.internal.Bundles - 	Entry: D:\study\JAVA\eclipse\plugins\org.eclipse.m2e.maven.runtime_3.9.900.20240824-1409\jars\maven-resolver-named-locks-1.9.22.jar
2026-01-23 15:35:54,551 [Worker-105: Launching hedera-demo (7)] INFO  o.eclipse.m2e.core.internal.Bundles - 	Entry: D:\study\JAVA\eclipse\plugins\org.eclipse.m2e.maven.runtime_3.9.900.20240824-1409\jars\maven-resolver-provider-3.9.9.jar
2026-01-23 15:35:54,551 [Worker-105: Launching hedera-demo (7)] INFO  o.eclipse.m2e.core.internal.Bundles - 	Entry: D:\study\JAVA\eclipse\plugins\org.eclipse.m2e.maven.runtime_3.9.900.20240824-1409\jars\maven-resolver-spi-1.9.22.jar
2026-01-23 15:35:54,551 [Worker-105: Launching hedera-demo (7)] INFO  o.eclipse.m2e.core.internal.Bundles - 	Entry: D:\study\JAVA\eclipse\plugins\org.eclipse.m2e.maven.runtime_3.9.900.20240824-1409\jars\maven-resolver-transport-file-1.9.22.jar
2026-01-23 15:35:54,551 [Worker-105: Launching hedera-demo (7)] INFO  o.eclipse.m2e.core.internal.Bundles - 	Entry: D:\study\JAVA\eclipse\plugins\org.eclipse.m2e.maven.runtime_3.9.900.20240824-1409\jars\maven-resolver-transport-http-1.9.22.jar
2026-01-23 15:35:54,551 [Worker-105: Launching hedera-demo (7)] INFO  o.eclipse.m2e.core.internal.Bundles - 	Entry: D:\study\JAVA\eclipse\plugins\org.eclipse.m2e.maven.runtime_3.9.900.20240824-1409\jars\maven-resolver-transport-wagon-1.9.22.jar
2026-01-23 15:35:54,551 [Worker-105: Launching hedera-demo (7)] INFO  o.eclipse.m2e.core.internal.Bundles - 	Entry: D:\study\JAVA\eclipse\plugins\org.eclipse.m2e.maven.runtime_3.9.900.20240824-1409\jars\maven-resolver-util-1.9.22.jar
2026-01-23 15:35:54,551 [Worker-105: Launching hedera-demo (7)] INFO  o.eclipse.m2e.core.internal.Bundles - 	Entry: D:\study\JAVA\eclipse\plugins\org.eclipse.m2e.maven.runtime_3.9.900.20240824-1409\jars\maven-settings-3.9.9.jar
2026-01-23 15:35:54,551 [Worker-105: Launching hedera-demo (7)] INFO  o.eclipse.m2e.core.internal.Bundles - 	Entry: D:\study\JAVA\eclipse\plugins\org.eclipse.m2e.maven.runtime_3.9.900.20240824-1409\jars\maven-settings-builder-3.9.9.jar
2026-01-23 15:35:54,551 [Worker-105: Launching hedera-demo (7)] INFO  o.eclipse.m2e.core.internal.Bundles - 	Entry: D:\study\JAVA\eclipse\plugins\org.eclipse.m2e.maven.runtime_3.9.900.20240824-1409\jars\maven-shared-utils-3.4.2.jar
2026-01-23 15:35:54,551 [Worker-105: Launching hedera-demo (7)] INFO  o.eclipse.m2e.core.internal.Bundles - 	Entry: D:\study\JAVA\eclipse\plugins\org.eclipse.m2e.maven.runtime_3.9.900.20240824-1409\jars\org.eclipse.sisu.inject-0.9.0.M3.jar
2026-01-23 15:35:54,551 [Worker-105: Launching hedera-demo (7)] INFO  o.eclipse.m2e.core.internal.Bundles - 	Entry: D:\study\JAVA\eclipse\plugins\org.eclipse.m2e.maven.runtime_3.9.900.20240824-1409\jars\org.eclipse.sisu.plexus-0.9.0.M3.jar
2026-01-23 15:35:54,551 [Worker-105: Launching hedera-demo (7)] INFO  o.eclipse.m2e.core.internal.Bundles - 	Entry: D:\study\JAVA\eclipse\plugins\org.eclipse.m2e.maven.runtime_3.9.900.20240824-1409\jars\plexus-build-api-0.0.7.jar
2026-01-23 15:35:54,551 [Worker-105: Launching hedera-demo (7)] INFO  o.eclipse.m2e.core.internal.Bundles - 	Entry: D:\study\JAVA\eclipse\plugins\org.eclipse.m2e.maven.runtime_3.9.900.20240824-1409\jars\plexus-build-api-1.2.0.jar
2026-01-23 15:35:54,551 [Worker-105: Launching hedera-demo (7)] INFO  o.eclipse.m2e.core.internal.Bundles - 	Entry: D:\study\JAVA\eclipse\plugins\org.eclipse.m2e.maven.runtime_3.9.900.20240824-1409\jars\plexus-cipher-2.0.jar
2026-01-23 15:35:54,551 [Worker-105: Launching hedera-demo (7)] INFO  o.eclipse.m2e.core.internal.Bundles - 	Entry: D:\study\JAVA\eclipse\plugins\org.eclipse.m2e.maven.runtime_3.9.900.20240824-1409\jars\plexus-classworlds-2.8.0.jar
2026-01-23 15:35:54,551 [Worker-105: Launching hedera-demo (7)] INFO  o.eclipse.m2e.core.internal.Bundles - 	Entry: D:\study\JAVA\eclipse\plugins\org.eclipse.m2e.maven.runtime_3.9.900.20240824-1409\jars\plexus-component-annotations-2.1.0.jar
2026-01-23 15:35:54,551 [Worker-105: Launching hedera-demo (7)] INFO  o.eclipse.m2e.core.internal.Bundles - 	Entry: D:\study\JAVA\eclipse\plugins\org.eclipse.m2e.maven.runtime_3.9.900.20240824-1409\jars\plexus-interpolation-1.27.jar
2026-01-23 15:35:54,551 [Worker-105: Launching hedera-demo (7)] INFO  o.eclipse.m2e.core.internal.Bundles - 	Entry: D:\study\JAVA\eclipse\plugins\org.eclipse.m2e.maven.runtime_3.9.900.20240824-1409\jars\plexus-sec-dispatcher-2.0.jar
2026-01-23 15:35:54,551 [Worker-105: Launching hedera-demo (7)] INFO  o.eclipse.m2e.core.internal.Bundles - 	Entry: D:\study\JAVA\eclipse\plugins\org.eclipse.m2e.maven.runtime_3.9.900.20240824-1409\jars\plexus-utils-3.5.1.jar
2026-01-23 15:35:54,552 [Worker-105: Launching hedera-demo (7)] INFO  o.eclipse.m2e.core.internal.Bundles - 	Entry: D:\study\JAVA\eclipse\plugins\org.eclipse.m2e.maven.runtime_3.9.900.20240824-1409\jars\plexus-xml-3.0.1.jar
2026-01-23 15:35:54,552 [Worker-105: Launching hedera-demo (7)] INFO  o.eclipse.m2e.core.internal.Bundles - 	Entry: D:\study\JAVA\eclipse\plugins\org.eclipse.m2e.maven.runtime_3.9.900.20240824-1409\jars\wagon-file-3.5.3.jar
2026-01-23 15:35:54,552 [Worker-105: Launching hedera-demo (7)] INFO  o.eclipse.m2e.core.internal.Bundles - 	Entry: D:\study\JAVA\eclipse\plugins\org.eclipse.m2e.maven.runtime_3.9.900.20240824-1409\jars\wagon-http-3.5.3.jar
2026-01-23 15:35:54,552 [Worker-105: Launching hedera-demo (7)] INFO  o.eclipse.m2e.core.internal.Bundles - 	Entry: D:\study\JAVA\eclipse\plugins\org.eclipse.m2e.maven.runtime_3.9.900.20240824-1409\jars\wagon-http-shared-3.5.3.jar
2026-01-23 15:35:54,552 [Worker-105: Launching hedera-demo (7)] INFO  o.eclipse.m2e.core.internal.Bundles - 	Entry: D:\study\JAVA\eclipse\plugins\org.eclipse.m2e.maven.runtime_3.9.900.20240824-1409\jars\wagon-provider-api-3.5.3.jar
2026-01-23 15:35:54,552 [Worker-105: Launching hedera-demo (7)] INFO  o.eclipse.m2e.core.internal.Bundles - getClasspathEntries(Bundle=com.google.guava_33.3.0.jre [16])
2026-01-23 15:35:54,552 [Worker-105: Launching hedera-demo (7)] INFO  o.eclipse.m2e.core.internal.Bundles - 	Entry: D:\study\JAVA\eclipse\plugins\com.google.guava_33.3.0.jre.jar
2026-01-23 15:35:54,552 [Worker-105: Launching hedera-demo (7)] INFO  o.eclipse.m2e.core.internal.Bundles - getClasspathEntries(Bundle=slf4j.api_2.0.16 [1008])
2026-01-23 15:35:54,552 [Worker-105: Launching hedera-demo (7)] INFO  o.eclipse.m2e.core.internal.Bundles - 	Entry: D:\study\JAVA\eclipse\plugins\slf4j.api_2.0.16.jar
2026-01-23 15:35:54,552 [Worker-105: Launching hedera-demo (7)] INFO  o.eclipse.m2e.core.internal.Bundles - getClasspathEntries(Bundle=jakarta.inject.jakarta.inject-api_1.0.5 [34])
2026-01-23 15:35:54,552 [Worker-105: Launching hedera-demo (7)] INFO  o.eclipse.m2e.core.internal.Bundles - 	Entry: D:\study\JAVA\eclipse\plugins\jakarta.inject.jakarta.inject-api_1.0.5.jar
2026-01-23 15:35:54,552 [Worker-105: Launching hedera-demo (7)] INFO  o.eclipse.m2e.core.internal.Bundles - getClasspathEntries(Bundle=jakarta.annotation-api_1.3.5 [29])
2026-01-23 15:35:54,552 [Worker-105: Launching hedera-demo (7)] INFO  o.eclipse.m2e.core.internal.Bundles - 	Entry: D:\study\JAVA\eclipse\plugins\jakarta.annotation-api_1.3.5.jar
2026-01-23 15:35:54,552 [Worker-105: Launching hedera-demo (7)] INFO  o.eclipse.m2e.core.internal.Bundles - getClasspathEntries(Bundle=org.apache.commons.cli_1.9.0 [78])
2026-01-23 15:35:54,553 [Worker-105: Launching hedera-demo (7)] INFO  o.eclipse.m2e.core.internal.Bundles - 	Entry: D:\study\JAVA\eclipse\plugins\org.apache.commons.cli_1.9.0.jar
2026-01-23 15:35:54,553 [Worker-105: Launching hedera-demo (7)] INFO  o.eclipse.m2e.core.internal.Bundles - getClasspathEntries(Bundle=org.apache.commons.commons-codec_1.16.0 [81])
2026-01-23 15:35:54,553 [Worker-105: Launching hedera-demo (7)] INFO  o.eclipse.m2e.core.internal.Bundles - 	Entry: D:\study\JAVA\eclipse\plugins\org.apache.commons.commons-codec_1.16.0.jar
2026-01-23 15:35:54,553 [Worker-105: Launching hedera-demo (7)] INFO  o.eclipse.m2e.core.internal.Bundles - getClasspathEntries(Bundle=com.google.guava.failureaccess_1.0.2 [17])
2026-01-23 15:35:54,553 [Worker-105: Launching hedera-demo (7)] INFO  o.eclipse.m2e.core.internal.Bundles - 	Entry: D:\study\JAVA\eclipse\plugins\com.google.guava.failureaccess_1.0.2.jar
2026-01-23 15:35:54,554 [Worker-105: Launching hedera-demo (7)] INFO  o.e.m.i.launch.MavenLaunchDelegate - Run build in "D:\study\protocol\Java\hedera-demo":
2026-01-23 15:35:54,555 [Worker-105: Launching hedera-demo (7)] INFO  o.e.m.i.launch.MavenLaunchDelegate -  mvn  -B -Dstyle.color=always compile
2026-01-23 15:40:42,951 [Worker-105: Building] INFO  o.a.m.s.f.DefaultMavenResourcesFiltering - Copying 0 resource from src\main\resources to target\classes
2026-01-23 15:40:42,953 [Worker-105: Building] INFO  o.a.m.s.f.DefaultMavenResourcesFiltering - Copying 0 resource from src\test\resources to target\test-classes
2026-01-23 15:42:39,608 [Worker-106: Building] INFO  o.a.m.s.f.DefaultMavenResourcesFiltering - Copying 0 resource from src\main\resources to target\classes
2026-01-23 15:42:39,609 [Worker-106: Building] INFO  o.a.m.s.f.DefaultMavenResourcesFiltering - Copying 0 resource from src\test\resources to target\test-classes
2026-01-23 15:45:55,143 [Worker-113: Building] INFO  o.a.m.s.f.DefaultMavenResourcesFiltering - Copying 0 resource from src\main\resources to target\classes
2026-01-23 15:45:55,145 [Worker-113: Building] INFO  o.a.m.s.f.DefaultMavenResourcesFiltering - Copying 0 resource from src\test\resources to target\test-classes
2026-01-23 15:46:02,235 [Worker-116: Building] INFO  o.a.m.s.f.DefaultMavenResourcesFiltering - Copying 0 resource from src\main\resources to target\classes
2026-01-23 15:46:02,236 [Worker-116: Building] INFO  o.a.m.s.f.DefaultMavenResourcesFiltering - Copying 0 resource from src\test\resources to target\test-classes
2026-01-23 15:47:58,191 [Worker-114: Building] INFO  o.a.m.s.f.DefaultMavenResourcesFiltering - Copying 0 resource from src\main\resources to target\classes
2026-01-23 15:47:58,193 [Worker-114: Building] INFO  o.a.m.s.f.DefaultMavenResourcesFiltering - Copying 0 resource from src\test\resources to target\test-classes
2026-01-23 15:49:28,955 [Worker-116: Building] INFO  o.a.m.s.f.DefaultMavenResourcesFiltering - Copying 0 resource from src\main\resources to target\classes
2026-01-23 15:49:28,956 [Worker-116: Building] INFO  o.a.m.s.f.DefaultMavenResourcesFiltering - Copying 0 resource from src\test\resources to target\test-classes
2026-01-23 15:49:44,481 [Worker-113: Building] INFO  o.a.m.s.f.DefaultMavenResourcesFiltering - Copying 0 resource from src\main\resources to target\classes
2026-01-23 15:49:44,482 [Worker-113: Building] INFO  o.a.m.s.f.DefaultMavenResourcesFiltering - Copying 0 resource from src\test\resources to target\test-classes
2026-01-23 15:50:11,197 [Worker-113: Building] INFO  o.a.m.s.f.DefaultMavenResourcesFiltering - Copying 0 resource from src\main\resources to target\classes
2026-01-23 15:50:11,199 [Worker-113: Building] INFO  o.a.m.s.f.DefaultMavenResourcesFiltering - Copying 0 resource from src\test\resources to target\test-classes
2026-01-23 15:57:26,820 [Worker-116: Building] INFO  o.a.m.s.f.DefaultMavenResourcesFiltering - Copying 0 resource from src\main\resources to target\classes
2026-01-23 15:57:26,822 [Worker-116: Building] INFO  o.a.m.s.f.DefaultMavenResourcesFiltering - Copying 0 resource from src\test\resources to target\test-classes
2026-01-23 16:00:17,122 [Worker-119: Building] INFO  o.a.m.s.f.DefaultMavenResourcesFiltering - Copying 0 resource from src\main\resources to target\classes
2026-01-23 16:00:17,123 [Worker-119: Building] INFO  o.a.m.s.f.DefaultMavenResourcesFiltering - Copying 0 resource from src\test\resources to target\test-classes
2026-01-23 16:33:54,956 [Worker-121: Building] INFO  o.a.m.s.f.DefaultMavenResourcesFiltering - Copying 0 resource from src\main\resources to target\classes
2026-01-23 16:33:54,958 [Worker-121: Building] INFO  o.a.m.s.f.DefaultMavenResourcesFiltering - Copying 0 resource from src\test\resources to target\test-classes
2026-01-23 16:35:05,880 [Worker-121: Building] INFO  o.a.m.s.f.DefaultMavenResourcesFiltering - Copying 0 resource from src\main\resources to target\classes
2026-01-23 16:35:05,881 [Worker-121: Building] INFO  o.a.m.s.f.DefaultMavenResourcesFiltering - Copying 0 resource from src\test\resources to target\test-classes
2026-01-23 16:35:19,028 [Worker-128: Building] INFO  o.a.m.s.f.DefaultMavenResourcesFiltering - Copying 0 resource from src\main\resources to target\classes
2026-01-23 16:35:19,030 [Worker-128: Building] INFO  o.a.m.s.f.DefaultMavenResourcesFiltering - Copying 0 resource from src\test\resources to target\test-classes
2026-01-23 16:38:01,278 [Worker-128: Building] INFO  o.a.m.s.f.DefaultMavenResourcesFiltering - Copying 0 resource from src\main\resources to target\classes
2026-01-23 16:38:01,280 [Worker-128: Building] INFO  o.a.m.s.f.DefaultMavenResourcesFiltering - Copying 0 resource from src\test\resources to target\test-classes
2026-01-23 17:47:10,640 [Worker-145: Building] INFO  o.a.m.s.f.DefaultMavenResourcesFiltering - Copying 0 resource from src\main\resources to target\classes
2026-01-23 17:47:10,643 [Worker-145: Building] INFO  o.a.m.s.f.DefaultMavenResourcesFiltering - Copying 0 resource from src\test\resources to target\test-classes
2026-01-23 17:48:15,189 [Worker-148: Building] INFO  o.a.m.s.f.DefaultMavenResourcesFiltering - Copying 0 resource from src\main\resources to target\classes
2026-01-23 17:48:15,191 [Worker-148: Building] INFO  o.a.m.s.f.DefaultMavenResourcesFiltering - Copying 0 resource from src\test\resources to target\test-classes
2026-01-23 17:48:27,956 [Worker-149: Building] INFO  o.a.m.s.f.DefaultMavenResourcesFiltering - Copying 0 resource from src\main\resources to target\classes
2026-01-23 17:48:27,958 [Worker-149: Building] INFO  o.a.m.s.f.DefaultMavenResourcesFiltering - Copying 0 resource from src\test\resources to target\test-classes
2026-01-23 17:49:37,213 [Worker-145: Building] INFO  o.a.m.s.f.DefaultMavenResourcesFiltering - Copying 0 resource from src\main\resources to target\classes
2026-01-23 17:49:37,214 [Worker-145: Building] INFO  o.a.m.s.f.DefaultMavenResourcesFiltering - Copying 0 resource from src\test\resources to target\test-classes
2026-01-23 17:50:50,907 [Worker-149: Building] INFO  o.a.m.s.f.DefaultMavenResourcesFiltering - Copying 0 resource from src\main\resources to target\classes
2026-01-23 17:50:50,908 [Worker-149: Building] INFO  o.a.m.s.f.DefaultMavenResourcesFiltering - Copying 0 resource from src\test\resources to target\test-classes
2026-01-23 17:50:59,565 [Worker-149: Building] INFO  o.a.m.s.f.DefaultMavenResourcesFiltering - Copying 0 resource from src\main\resources to target\classes
2026-01-23 17:50:59,566 [Worker-149: Building] INFO  o.a.m.s.f.DefaultMavenResourcesFiltering - Copying 0 resource from src\test\resources to target\test-classes
2026-01-23 17:59:14,778 [Worker-4: Loading available Gradle versions] INFO  o.e.b.c.i.u.g.PublishedGradleVersions - Gradle version information cache is out-of-date. Trying to update.
2026-01-23 17:59:39,506 [Worker-23: Building] INFO  o.a.m.s.f.DefaultMavenResourcesFiltering - Copying 0 resource from src\main\resources to target\classes
2026-01-23 17:59:39,512 [Worker-23: Building] INFO  o.a.m.s.f.DefaultMavenResourcesFiltering - Copying 0 resource from src\test\resources to target\test-classes
2026-01-23 18:00:41,855 [Worker-18: Building] INFO  o.a.m.s.f.DefaultMavenResourcesFiltering - Copying 0 resource from src\main\resources to target\classes
2026-01-23 18:00:41,858 [Worker-18: Building] INFO  o.a.m.s.f.DefaultMavenResourcesFiltering - Copying 0 resource from src\test\resources to target\test-classes
2026-01-23 18:11:16,629 [Worker-2: Loading available Gradle versions] INFO  o.e.b.c.i.u.g.PublishedGradleVersions - Gradle version information cache is up-to-date. Trying to read.
2026-01-23 20:35:56,983 [Worker-52: Building] INFO  o.a.m.s.f.DefaultMavenResourcesFiltering - Copying 0 resource from src\main\resources to target\classes
2026-01-23 20:35:56,991 [Worker-52: Building] INFO  o.a.m.s.f.DefaultMavenResourcesFiltering - Copying 0 resource from src\test\resources to target\test-classes
2026-01-24 15:24:22,781 [Worker-5: Loading available Gradle versions] INFO  o.e.b.c.i.u.g.PublishedGradleVersions - Gradle version information cache is up-to-date. Trying to read.
2026-01-24 23:41:57,016 [Worker-6: Loading available Gradle versions] INFO  o.e.b.c.i.u.g.PublishedGradleVersions - Gradle version information cache is out-of-date. Trying to update.
2026-01-24 23:42:53,167 [Worker-9: Building] INFO  o.a.m.s.f.DefaultMavenResourcesFiltering - Copying 0 resource from src\main\resources to target\classes
2026-01-24 23:42:53,175 [Worker-9: Building] INFO  o.a.m.s.f.DefaultMavenResourcesFiltering - Copying 0 resource from src\test\resources to target\test-classes
2026-01-24 23:59:03,798 [Worker-11: Building] INFO  o.a.m.s.f.DefaultMavenResourcesFiltering - Copying 0 resource from src\main\resources to target\classes
2026-01-24 23:59:03,801 [Worker-11: Building] INFO  o.a.m.s.f.DefaultMavenResourcesFiltering - Copying 0 resource from src\test\resources to target\test-classes
2026-01-24 23:59:14,756 [Worker-11: Building] INFO  o.a.m.s.f.DefaultMavenResourcesFiltering - Copying 0 resource from src\main\resources to target\classes
2026-01-24 23:59:14,758 [Worker-11: Building] INFO  o.a.m.s.f.DefaultMavenResourcesFiltering - Copying 0 resource from src\test\resources to target\test-classes
2026-01-25 00:03:03,404 [Worker-33: Building] INFO  o.a.m.s.f.DefaultMavenResourcesFiltering - Copying 0 resource from src\main\resources to target\classes
2026-01-25 00:03:03,407 [Worker-33: Building] INFO  o.a.m.s.f.DefaultMavenResourcesFiltering - Copying 0 resource from src\test\resources to target\test-classes
2026-01-25 00:04:13,330 [Worker-37: Building] INFO  o.a.m.s.f.DefaultMavenResourcesFiltering - Copying 0 resource from src\main\resources to target\classes
2026-01-25 00:04:13,332 [Worker-37: Building] INFO  o.a.m.s.f.DefaultMavenResourcesFiltering - Copying 0 resource from src\test\resources to target\test-classes
2026-01-25 00:13:09,976 [Worker-39: Building] INFO  o.a.m.s.f.DefaultMavenResourcesFiltering - Copying 0 resource from src\main\resources to target\classes
2026-01-25 00:13:09,978 [Worker-39: Building] INFO  o.a.m.s.f.DefaultMavenResourcesFiltering - Copying 0 resource from src\test\resources to target\test-classes
2026-01-25 00:13:30,762 [Worker-38: Building] INFO  o.a.m.s.f.DefaultMavenResourcesFiltering - Copying 0 resource from src\main\resources to target\classes
2026-01-25 00:13:30,764 [Worker-38: Building] INFO  o.a.m.s.f.DefaultMavenResourcesFiltering - Copying 0 resource from src\test\resources to target\test-classes
2026-01-25 00:18:55,533 [Worker-42: Building] INFO  o.a.m.s.f.DefaultMavenResourcesFiltering - Copying 0 resource from src\main\resources to target\classes
2026-01-25 00:18:55,535 [Worker-42: Building] INFO  o.a.m.s.f.DefaultMavenResourcesFiltering - Copying 0 resource from src\test\resources to target\test-classes
2026-01-25 00:19:03,114 [Worker-33: Building] INFO  o.a.m.s.f.DefaultMavenResourcesFiltering - Copying 0 resource from src\main\resources to target\classes
2026-01-25 00:19:03,116 [Worker-33: Building] INFO  o.a.m.s.f.DefaultMavenResourcesFiltering - Copying 0 resource from src\test\resources to target\test-classes
2026-01-25 00:31:24,788 [Worker-50: Building] INFO  o.a.m.s.f.DefaultMavenResourcesFiltering - Copying 0 resource from src\main\resources to target\classes
2026-01-25 00:31:24,790 [Worker-50: Building] INFO  o.a.m.s.f.DefaultMavenResourcesFiltering - Copying 0 resource from src\test\resources to target\test-classes
2026-01-25 00:36:05,934 [Worker-53: Building] INFO  o.a.m.s.f.DefaultMavenResourcesFiltering - Copying 0 resource from src\main\resources to target\classes
2026-01-25 00:36:05,937 [Worker-53: Building] INFO  o.a.m.s.f.DefaultMavenResourcesFiltering - Copying 0 resource from src\test\resources to target\test-classes
2026-01-25 00:36:47,525 [Worker-53: Building] INFO  o.a.m.s.f.DefaultMavenResourcesFiltering - Copying 0 resource from src\main\resources to target\classes
2026-01-25 00:36:47,527 [Worker-53: Building] INFO  o.a.m.s.f.DefaultMavenResourcesFiltering - Copying 0 resource from src\test\resources to target\test-classes
2026-01-25 00:37:10,106 [Worker-48: Building] INFO  o.a.m.s.f.DefaultMavenResourcesFiltering - Copying 0 resource from src\main\resources to target\classes
2026-01-25 00:37:10,108 [Worker-48: Building] INFO  o.a.m.s.f.DefaultMavenResourcesFiltering - Copying 0 resource from src\test\resources to target\test-classes
2026-01-26 15:13:23,552 [Worker-4: Loading available Gradle versions] INFO  o.e.b.c.i.u.g.PublishedGradleVersions - Gradle version information cache is out-of-date. Trying to update.
2026-01-26 15:25:01,353 [Worker-32: Building] INFO  o.a.m.s.f.DefaultMavenResourcesFiltering - Copying 0 resource from src\main\resources to target\classes
2026-01-26 15:25:01,362 [Worker-32: Building] INFO  o.a.m.s.f.DefaultMavenResourcesFiltering - Copying 0 resource from src\test\resources to target\test-classes
2026-01-26 15:25:18,505 [Worker-28: Building] INFO  o.a.m.s.f.DefaultMavenResourcesFiltering - Copying 0 resource from src\main\resources to target\classes
2026-01-26 15:25:18,509 [Worker-28: Building] INFO  o.a.m.s.f.DefaultMavenResourcesFiltering - Copying 0 resource from src\test\resources to target\test-classes
2026-01-26 15:25:40,710 [Worker-28: Building] INFO  o.a.m.s.f.DefaultMavenResourcesFiltering - Copying 0 resource from src\main\resources to target\classes
2026-01-26 15:25:40,712 [Worker-28: Building] INFO  o.a.m.s.f.DefaultMavenResourcesFiltering - Copying 0 resource from src\test\resources to target\test-classes
2026-01-26 15:26:12,137 [Worker-31: Building] INFO  o.a.m.s.f.DefaultMavenResourcesFiltering - Copying 0 resource from src\main\resources to target\classes
2026-01-26 15:26:12,140 [Worker-31: Building] INFO  o.a.m.s.f.DefaultMavenResourcesFiltering - Copying 0 resource from src\test\resources to target\test-classes
2026-01-26 15:27:22,889 [Worker-31: Building] INFO  o.a.m.s.f.DefaultMavenResourcesFiltering - Copying 0 resource from src\main\resources to target\classes
2026-01-26 15:27:22,892 [Worker-31: Building] INFO  o.a.m.s.f.DefaultMavenResourcesFiltering - Copying 0 resource from src\test\resources to target\test-classes
2026-01-26 15:27:43,121 [Worker-31: Building] INFO  o.a.m.s.f.DefaultMavenResourcesFiltering - Copying 0 resource from src\main\resources to target\classes
2026-01-26 15:27:43,123 [Worker-31: Building] INFO  o.a.m.s.f.DefaultMavenResourcesFiltering - Copying 0 resource from src\test\resources to target\test-classes
2026-01-26 15:28:20,631 [Worker-31: Building] INFO  o.a.m.s.f.DefaultMavenResourcesFiltering - Copying 0 resource from src\main\resources to target\classes
2026-01-26 15:28:20,633 [Worker-31: Building] INFO  o.a.m.s.f.DefaultMavenResourcesFiltering - Copying 0 resource from src\test\resources to target\test-classes
2026-01-26 15:43:07,082 [Worker-42: Building] INFO  o.a.m.s.f.DefaultMavenResourcesFiltering - Copying 0 resource from src\main\resources to target\classes
2026-01-26 15:43:07,085 [Worker-42: Building] INFO  o.a.m.s.f.DefaultMavenResourcesFiltering - Copying 0 resource from src\test\resources to target\test-classes
2026-01-26 15:43:35,294 [Worker-44: Building] INFO  o.a.m.s.f.DefaultMavenResourcesFiltering - Copying 0 resource from src\main\resources to target\classes
2026-01-26 15:43:35,301 [Worker-44: Building] INFO  o.a.m.s.f.DefaultMavenResourcesFiltering - Copying 0 resource from src\test\resources to target\test-classes
2026-01-26 15:43:44,316 [Worker-42: Building] INFO  o.a.m.s.f.DefaultMavenResourcesFiltering - Copying 0 resource from src\main\resources to target\classes
2026-01-26 15:43:44,317 [Worker-42: Building] INFO  o.a.m.s.f.DefaultMavenResourcesFiltering - Copying 0 resource from src\test\resources to target\test-classes
2026-01-26 15:44:13,219 [Worker-28: Building] INFO  o.a.m.s.f.DefaultMavenResourcesFiltering - Copying 0 resource from src\main\resources to target\classes
2026-01-26 15:44:13,221 [Worker-28: Building] INFO  o.a.m.s.f.DefaultMavenResourcesFiltering - Copying 0 resource from src\test\resources to target\test-classes
2026-01-26 15:45:15,346 [Worker-45: Building] INFO  o.a.m.s.f.DefaultMavenResourcesFiltering - Copying 0 resource from src\main\resources to target\classes
2026-01-26 15:45:15,348 [Worker-45: Building] INFO  o.a.m.s.f.DefaultMavenResourcesFiltering - Copying 0 resource from src\test\resources to target\test-classes
2026-01-26 17:27:14,923 [Worker-58: Building] INFO  o.a.m.s.f.DefaultMavenResourcesFiltering - Copying 0 resource from src\main\resources to target\classes
2026-01-26 17:27:14,926 [Worker-58: Building] INFO  o.a.m.s.f.DefaultMavenResourcesFiltering - Copying 0 resource from src\test\resources to target\test-classes
2026-01-26 17:28:08,854 [Worker-59: Building] INFO  o.e.m.c.i.l.LifecycleMappingFactory - Using org.eclipse.m2e.jdt.JarLifecycleMapping lifecycle mapping for MavenProject: com.shivam.hedera:hedera-demo:0.0.1-SNAPSHOT @ D:\study\protocol\Java\hedera-demo\pom.xml.
2026-01-26 17:28:09,314 [Worker-59: Building] INFO  o.e.m.c.i.e.AbstractTransferListenerAdapter - Downloading https://repo.maven.apache.org/maven2/com/hedera/hashgraph/sdk/2.40.0/sdk-2.40.0.pom
2026-01-26 17:28:09,640 [Worker-59: Building] INFO  o.e.m.c.i.e.AbstractTransferListenerAdapter - Downloaded https://repo.maven.apache.org/maven2/com/hedera/hashgraph/sdk/2.40.0/sdk-2.40.0.pom
2026-01-26 17:28:09,869 [Worker-59: Building] INFO  o.e.m.c.i.e.AbstractTransferListenerAdapter - Downloading https://repo.maven.apache.org/maven2/com/esaulpaugh/headlong/12.1.0/headlong-12.1.0.pom
2026-01-26 17:28:09,891 [Worker-59: Building] INFO  o.e.m.c.i.e.AbstractTransferListenerAdapter - Downloaded https://repo.maven.apache.org/maven2/com/esaulpaugh/headlong/12.1.0/headlong-12.1.0.pom
2026-01-26 17:28:10,118 [Worker-59: Building] INFO  o.e.m.c.i.e.AbstractTransferListenerAdapter - Downloading https://repo.maven.apache.org/maven2/org/web3j/core/4.10.3/core-4.10.3.pom
2026-01-26 17:28:10,150 [Worker-59: Building] INFO  o.e.m.c.i.e.AbstractTransferListenerAdapter - Downloaded https://repo.maven.apache.org/maven2/org/web3j/core/4.10.3/core-4.10.3.pom
2026-01-26 17:28:10,185 [Worker-59: Building] INFO  o.e.m.c.i.e.AbstractTransferListenerAdapter - Downloading https://repo.maven.apache.org/maven2/org/web3j/abi/4.10.3/abi-4.10.3.pom
2026-01-26 17:28:10,220 [Worker-59: Building] INFO  o.e.m.c.i.e.AbstractTransferListenerAdapter - Downloaded https://repo.maven.apache.org/maven2/org/web3j/abi/4.10.3/abi-4.10.3.pom
2026-01-26 17:28:10,259 [Worker-59: Building] INFO  o.e.m.c.i.e.AbstractTransferListenerAdapter - Downloading https://repo.maven.apache.org/maven2/org/web3j/utils/4.10.3/utils-4.10.3.pom
2026-01-26 17:28:10,287 [Worker-59: Building] INFO  o.e.m.c.i.e.AbstractTransferListenerAdapter - Downloaded https://repo.maven.apache.org/maven2/org/web3j/utils/4.10.3/utils-4.10.3.pom
2026-01-26 17:28:10,357 [Worker-59: Building] INFO  o.e.m.c.i.e.AbstractTransferListenerAdapter - Downloading https://repo.maven.apache.org/maven2/org/bouncycastle/bcprov-jdk18on/1.73/bcprov-jdk18on-1.73.pom
2026-01-26 17:28:10,374 [Worker-59: Building] INFO  o.e.m.c.i.e.AbstractTransferListenerAdapter - Downloaded https://repo.maven.apache.org/maven2/org/bouncycastle/bcprov-jdk18on/1.73/bcprov-jdk18on-1.73.pom
2026-01-26 17:28:10,403 [Worker-59: Building] INFO  o.e.m.c.i.e.AbstractTransferListenerAdapter - Downloading https://repo.maven.apache.org/maven2/org/web3j/crypto/4.10.3/crypto-4.10.3.pom
2026-01-26 17:28:10,430 [Worker-59: Building] INFO  o.e.m.c.i.e.AbstractTransferListenerAdapter - Downloaded https://repo.maven.apache.org/maven2/org/web3j/crypto/4.10.3/crypto-4.10.3.pom
2026-01-26 17:28:10,480 [Worker-59: Building] INFO  o.e.m.c.i.e.AbstractTransferListenerAdapter - Downloading https://repo.maven.apache.org/maven2/org/web3j/rlp/4.10.3/rlp-4.10.3.pom
2026-01-26 17:28:10,504 [Worker-59: Building] INFO  o.e.m.c.i.e.AbstractTransferListenerAdapter - Downloaded https://repo.maven.apache.org/maven2/org/web3j/rlp/4.10.3/rlp-4.10.3.pom
2026-01-26 17:28:10,553 [Worker-59: Building] INFO  o.e.m.c.i.e.AbstractTransferListenerAdapter - Downloading https://repo.maven.apache.org/maven2/com/fasterxml/jackson/core/jackson-databind/2.14.2/jackson-databind-2.14.2.pom
2026-01-26 17:28:10,608 [Worker-59: Building] INFO  o.e.m.c.i.e.AbstractTransferListenerAdapter - Downloaded https://repo.maven.apache.org/maven2/com/fasterxml/jackson/core/jackson-databind/2.14.2/jackson-databind-2.14.2.pom
2026-01-26 17:28:10,647 [Worker-59: Building] INFO  o.e.m.c.i.e.AbstractTransferListenerAdapter - Downloading https://repo.maven.apache.org/maven2/com/fasterxml/jackson/jackson-base/2.14.2/jackson-base-2.14.2.pom
2026-01-26 17:28:10,674 [Worker-59: Building] INFO  o.e.m.c.i.e.AbstractTransferListenerAdapter - Downloaded https://repo.maven.apache.org/maven2/com/fasterxml/jackson/jackson-base/2.14.2/jackson-base-2.14.2.pom
2026-01-26 17:28:10,709 [Worker-59: Building] INFO  o.e.m.c.i.e.AbstractTransferListenerAdapter - Downloading https://repo.maven.apache.org/maven2/com/fasterxml/jackson/jackson-bom/2.14.2/jackson-bom-2.14.2.pom
2026-01-26 17:28:10,735 [Worker-59: Building] INFO  o.e.m.c.i.e.AbstractTransferListenerAdapter - Downloaded https://repo.maven.apache.org/maven2/com/fasterxml/jackson/jackson-bom/2.14.2/jackson-bom-2.14.2.pom
2026-01-26 17:28:10,774 [Worker-59: Building] INFO  o.e.m.c.i.e.AbstractTransferListenerAdapter - Downloading https://repo.maven.apache.org/maven2/com/fasterxml/jackson/jackson-parent/2.14/jackson-parent-2.14.pom
2026-01-26 17:28:10,806 [Worker-59: Building] INFO  o.e.m.c.i.e.AbstractTransferListenerAdapter - Downloaded https://repo.maven.apache.org/maven2/com/fasterxml/jackson/jackson-parent/2.14/jackson-parent-2.14.pom
2026-01-26 17:28:10,836 [Worker-59: Building] INFO  o.e.m.c.i.e.AbstractTransferListenerAdapter - Downloading https://repo.maven.apache.org/maven2/com/fasterxml/oss-parent/48/oss-parent-48.pom
2026-01-26 17:28:10,868 [Worker-59: Building] INFO  o.e.m.c.i.e.AbstractTransferListenerAdapter - Downloaded https://repo.maven.apache.org/maven2/com/fasterxml/oss-parent/48/oss-parent-48.pom
2026-01-26 17:28:10,908 [Worker-59: Building] INFO  o.e.m.c.i.e.AbstractTransferListenerAdapter - Downloading https://repo.maven.apache.org/maven2/com/fasterxml/jackson/core/jackson-annotations/2.14.2/jackson-annotations-2.14.2.pom
2026-01-26 17:28:10,936 [Worker-59: Building] INFO  o.e.m.c.i.e.AbstractTransferListenerAdapter - Downloaded https://repo.maven.apache.org/maven2/com/fasterxml/jackson/core/jackson-annotations/2.14.2/jackson-annotations-2.14.2.pom
2026-01-26 17:28:10,961 [Worker-59: Building] INFO  o.e.m.c.i.e.AbstractTransferListenerAdapter - Downloading https://repo.maven.apache.org/maven2/com/fasterxml/jackson/core/jackson-core/2.14.2/jackson-core-2.14.2.pom
2026-01-26 17:28:10,991 [Worker-59: Building] INFO  o.e.m.c.i.e.AbstractTransferListenerAdapter - Downloaded https://repo.maven.apache.org/maven2/com/fasterxml/jackson/core/jackson-core/2.14.2/jackson-core-2.14.2.pom
2026-01-26 17:28:11,020 [Worker-59: Building] INFO  o.e.m.c.i.e.AbstractTransferListenerAdapter - Downloading https://repo.maven.apache.org/maven2/org/web3j/tuples/4.10.3/tuples-4.10.3.pom
2026-01-26 17:28:11,055 [Worker-59: Building] INFO  o.e.m.c.i.e.AbstractTransferListenerAdapter - Downloaded https://repo.maven.apache.org/maven2/org/web3j/tuples/4.10.3/tuples-4.10.3.pom
2026-01-26 17:28:11,089 [Worker-59: Building] INFO  o.e.m.c.i.e.AbstractTransferListenerAdapter - Downloading https://repo.maven.apache.org/maven2/com/github/jnr/jnr-unixsocket/0.38.17/jnr-unixsocket-0.38.17.pom
2026-01-26 17:28:11,117 [Worker-59: Building] INFO  o.e.m.c.i.e.AbstractTransferListenerAdapter - Downloaded https://repo.maven.apache.org/maven2/com/github/jnr/jnr-unixsocket/0.38.17/jnr-unixsocket-0.38.17.pom
2026-01-26 17:28:11,158 [Worker-59: Building] INFO  o.e.m.c.i.e.AbstractTransferListenerAdapter - Downloading https://repo.maven.apache.org/maven2/com/github/jnr/jnr-ffi/2.2.11/jnr-ffi-2.2.11.pom
2026-01-26 17:28:11,185 [Worker-59: Building] INFO  o.e.m.c.i.e.AbstractTransferListenerAdapter - Downloaded https://repo.maven.apache.org/maven2/com/github/jnr/jnr-ffi/2.2.11/jnr-ffi-2.2.11.pom
2026-01-26 17:28:11,224 [Worker-59: Building] INFO  o.e.m.c.i.e.AbstractTransferListenerAdapter - Downloading https://repo.maven.apache.org/maven2/com/github/jnr/jffi/1.3.9/jffi-1.3.9.pom
2026-01-26 17:28:11,249 [Worker-59: Building] INFO  o.e.m.c.i.e.AbstractTransferListenerAdapter - Downloaded https://repo.maven.apache.org/maven2/com/github/jnr/jffi/1.3.9/jffi-1.3.9.pom
2026-01-26 17:28:11,285 [Worker-59: Building] INFO  o.e.m.c.i.e.AbstractTransferListenerAdapter - Downloading https://repo.maven.apache.org/maven2/org/ow2/asm/asm/9.2/asm-9.2.pom
2026-01-26 17:28:11,308 [Worker-59: Building] INFO  o.e.m.c.i.e.AbstractTransferListenerAdapter - Downloaded https://repo.maven.apache.org/maven2/org/ow2/asm/asm/9.2/asm-9.2.pom
2026-01-26 17:28:11,339 [Worker-59: Building] INFO  o.e.m.c.i.e.AbstractTransferListenerAdapter - Downloading https://repo.maven.apache.org/maven2/org/ow2/ow2/1.5/ow2-1.5.pom
2026-01-26 17:28:11,365 [Worker-59: Building] INFO  o.e.m.c.i.e.AbstractTransferListenerAdapter - Downloaded https://repo.maven.apache.org/maven2/org/ow2/ow2/1.5/ow2-1.5.pom
2026-01-26 17:28:11,399 [Worker-59: Building] INFO  o.e.m.c.i.e.AbstractTransferListenerAdapter - Downloading https://repo.maven.apache.org/maven2/org/ow2/asm/asm-commons/9.2/asm-commons-9.2.pom
2026-01-26 17:28:11,423 [Worker-59: Building] INFO  o.e.m.c.i.e.AbstractTransferListenerAdapter - Downloaded https://repo.maven.apache.org/maven2/org/ow2/asm/asm-commons/9.2/asm-commons-9.2.pom
2026-01-26 17:28:11,449 [Worker-59: Building] INFO  o.e.m.c.i.e.AbstractTransferListenerAdapter - Downloading https://repo.maven.apache.org/maven2/org/ow2/asm/asm-tree/9.2/asm-tree-9.2.pom
2026-01-26 17:28:11,473 [Worker-59: Building] INFO  o.e.m.c.i.e.AbstractTransferListenerAdapter - Downloaded https://repo.maven.apache.org/maven2/org/ow2/asm/asm-tree/9.2/asm-tree-9.2.pom
2026-01-26 17:28:11,500 [Worker-59: Building] INFO  o.e.m.c.i.e.AbstractTransferListenerAdapter - Downloading https://repo.maven.apache.org/maven2/org/ow2/asm/asm-analysis/9.2/asm-analysis-9.2.pom
2026-01-26 17:28:11,516 [Worker-59: Building] INFO  o.e.m.c.i.e.AbstractTransferListenerAdapter - Downloaded https://repo.maven.apache.org/maven2/org/ow2/asm/asm-analysis/9.2/asm-analysis-9.2.pom
2026-01-26 17:28:11,539 [Worker-59: Building] INFO  o.e.m.c.i.e.AbstractTransferListenerAdapter - Downloading https://repo.maven.apache.org/maven2/org/ow2/asm/asm-util/9.2/asm-util-9.2.pom
2026-01-26 17:28:11,562 [Worker-59: Building] INFO  o.e.m.c.i.e.AbstractTransferListenerAdapter - Downloaded https://repo.maven.apache.org/maven2/org/ow2/asm/asm-util/9.2/asm-util-9.2.pom
2026-01-26 17:28:11,590 [Worker-59: Building] INFO  o.e.m.c.i.e.AbstractTransferListenerAdapter - Downloading https://repo.maven.apache.org/maven2/com/github/jnr/jnr-a64asm/1.0.0/jnr-a64asm-1.0.0.pom
2026-01-26 17:28:11,612 [Worker-59: Building] INFO  o.e.m.c.i.e.AbstractTransferListenerAdapter - Downloaded https://repo.maven.apache.org/maven2/com/github/jnr/jnr-a64asm/1.0.0/jnr-a64asm-1.0.0.pom
2026-01-26 17:28:11,638 [Worker-59: Building] INFO  o.e.m.c.i.e.AbstractTransferListenerAdapter - Downloading https://repo.maven.apache.org/maven2/com/github/jnr/jnr-x86asm/1.0.2/jnr-x86asm-1.0.2.pom
2026-01-26 17:28:11,659 [Worker-59: Building] INFO  o.e.m.c.i.e.AbstractTransferListenerAdapter - Downloaded https://repo.maven.apache.org/maven2/com/github/jnr/jnr-x86asm/1.0.2/jnr-x86asm-1.0.2.pom
2026-01-26 17:28:11,687 [Worker-59: Building] INFO  o.e.m.c.i.e.AbstractTransferListenerAdapter - Downloading https://repo.maven.apache.org/maven2/com/github/jnr/jnr-constants/0.10.3/jnr-constants-0.10.3.pom
2026-01-26 17:28:11,709 [Worker-59: Building] INFO  o.e.m.c.i.e.AbstractTransferListenerAdapter - Downloaded https://repo.maven.apache.org/maven2/com/github/jnr/jnr-constants/0.10.3/jnr-constants-0.10.3.pom
2026-01-26 17:28:11,736 [Worker-59: Building] INFO  o.e.m.c.i.e.AbstractTransferListenerAdapter - Downloading https://repo.maven.apache.org/maven2/com/github/jnr/jnr-enxio/0.32.13/jnr-enxio-0.32.13.pom
2026-01-26 17:28:11,758 [Worker-59: Building] INFO  o.e.m.c.i.e.AbstractTransferListenerAdapter - Downloaded https://repo.maven.apache.org/maven2/com/github/jnr/jnr-enxio/0.32.13/jnr-enxio-0.32.13.pom
2026-01-26 17:28:11,784 [Worker-59: Building] INFO  o.e.m.c.i.e.AbstractTransferListenerAdapter - Downloading https://repo.maven.apache.org/maven2/com/github/jnr/jnr-posix/3.1.15/jnr-posix-3.1.15.pom
2026-01-26 17:28:11,806 [Worker-59: Building] INFO  o.e.m.c.i.e.AbstractTransferListenerAdapter - Downloaded https://repo.maven.apache.org/maven2/com/github/jnr/jnr-posix/3.1.15/jnr-posix-3.1.15.pom
2026-01-26 17:28:11,835 [Worker-59: Building] INFO  o.e.m.c.i.e.AbstractTransferListenerAdapter - Downloading https://repo.maven.apache.org/maven2/com/squareup/okhttp3/okhttp/4.9.0/okhttp-4.9.0.pom
2026-01-26 17:28:11,850 [Worker-59: Building] INFO  o.e.m.c.i.e.AbstractTransferListenerAdapter - Downloaded https://repo.maven.apache.org/maven2/com/squareup/okhttp3/okhttp/4.9.0/okhttp-4.9.0.pom
2026-01-26 17:28:11,880 [Worker-59: Building] INFO  o.e.m.c.i.e.AbstractTransferListenerAdapter - Downloading https://repo.maven.apache.org/maven2/com/squareup/okio/okio/2.8.0/okio-2.8.0.pom
2026-01-26 17:28:11,902 [Worker-59: Building] INFO  o.e.m.c.i.e.AbstractTransferListenerAdapter - Downloaded https://repo.maven.apache.org/maven2/com/squareup/okio/okio/2.8.0/okio-2.8.0.pom
2026-01-26 17:28:11,956 [Worker-59: Building] INFO  o.e.m.c.i.e.AbstractTransferListenerAdapter - Downloading https://repo.maven.apache.org/maven2/org/jetbrains/kotlin/kotlin-stdlib/1.4.10/kotlin-stdlib-1.4.10.pom
2026-01-26 17:28:11,970 [Worker-59: Building] INFO  o.e.m.c.i.e.AbstractTransferListenerAdapter - Downloaded https://repo.maven.apache.org/maven2/org/jetbrains/kotlin/kotlin-stdlib/1.4.10/kotlin-stdlib-1.4.10.pom
2026-01-26 17:28:11,997 [Worker-59: Building] INFO  o.e.m.c.i.e.AbstractTransferListenerAdapter - Downloading https://repo.maven.apache.org/maven2/org/jetbrains/kotlin/kotlin-stdlib-common/1.4.10/kotlin-stdlib-common-1.4.10.pom
2026-01-26 17:28:12,020 [Worker-59: Building] INFO  o.e.m.c.i.e.AbstractTransferListenerAdapter - Downloaded https://repo.maven.apache.org/maven2/org/jetbrains/kotlin/kotlin-stdlib-common/1.4.10/kotlin-stdlib-common-1.4.10.pom
2026-01-26 17:28:12,045 [Worker-59: Building] INFO  o.e.m.c.i.e.AbstractTransferListenerAdapter - Downloading https://repo.maven.apache.org/maven2/com/squareup/okhttp3/logging-interceptor/4.9.0/logging-interceptor-4.9.0.pom
2026-01-26 17:28:12,060 [Worker-59: Building] INFO  o.e.m.c.i.e.AbstractTransferListenerAdapter - Downloaded https://repo.maven.apache.org/maven2/com/squareup/okhttp3/logging-interceptor/4.9.0/logging-interceptor-4.9.0.pom
2026-01-26 17:28:12,083 [Worker-59: Building] INFO  o.e.m.c.i.e.AbstractTransferListenerAdapter - Downloading https://repo.maven.apache.org/maven2/org/jetbrains/kotlin/kotlin-stdlib-jdk8/1.4.10/kotlin-stdlib-jdk8-1.4.10.pom
2026-01-26 17:28:12,105 [Worker-59: Building] INFO  o.e.m.c.i.e.AbstractTransferListenerAdapter - Downloaded https://repo.maven.apache.org/maven2/org/jetbrains/kotlin/kotlin-stdlib-jdk8/1.4.10/kotlin-stdlib-jdk8-1.4.10.pom
2026-01-26 17:28:12,129 [Worker-59: Building] INFO  o.e.m.c.i.e.AbstractTransferListenerAdapter - Downloading https://repo.maven.apache.org/maven2/org/jetbrains/kotlin/kotlin-stdlib-jdk7/1.4.10/kotlin-stdlib-jdk7-1.4.10.pom
2026-01-26 17:28:12,151 [Worker-59: Building] INFO  o.e.m.c.i.e.AbstractTransferListenerAdapter - Downloaded https://repo.maven.apache.org/maven2/org/jetbrains/kotlin/kotlin-stdlib-jdk7/1.4.10/kotlin-stdlib-jdk7-1.4.10.pom
2026-01-26 17:28:12,186 [Worker-59: Building] INFO  o.e.m.c.i.e.AbstractTransferListenerAdapter - Downloading https://repo.maven.apache.org/maven2/io/reactivex/rxjava2/rxjava/2.2.2/rxjava-2.2.2.pom
2026-01-26 17:28:12,202 [Worker-59: Building] INFO  o.e.m.c.i.e.AbstractTransferListenerAdapter - Downloaded https://repo.maven.apache.org/maven2/io/reactivex/rxjava2/rxjava/2.2.2/rxjava-2.2.2.pom
2026-01-26 17:28:12,225 [Worker-59: Building] INFO  o.e.m.c.i.e.AbstractTransferListenerAdapter - Downloading https://repo.maven.apache.org/maven2/org/reactivestreams/reactive-streams/1.0.2/reactive-streams-1.0.2.pom
2026-01-26 17:28:12,241 [Worker-59: Building] INFO  o.e.m.c.i.e.AbstractTransferListenerAdapter - Downloaded https://repo.maven.apache.org/maven2/org/reactivestreams/reactive-streams/1.0.2/reactive-streams-1.0.2.pom
2026-01-26 17:28:12,268 [Worker-59: Building] INFO  o.e.m.c.i.e.AbstractTransferListenerAdapter - Downloading https://repo.maven.apache.org/maven2/org/java-websocket/Java-WebSocket/1.5.3/Java-WebSocket-1.5.3.pom
2026-01-26 17:28:12,291 [Worker-59: Building] INFO  o.e.m.c.i.e.AbstractTransferListenerAdapter - Downloaded https://repo.maven.apache.org/maven2/org/java-websocket/Java-WebSocket/1.5.3/Java-WebSocket-1.5.3.pom
2026-01-26 17:28:12,329 [Worker-59: Building] INFO  o.e.m.c.i.e.AbstractTransferListenerAdapter - Downloading https://repo.maven.apache.org/maven2/io/github/adraffy/ens-normalize/0.1.2/ens-normalize-0.1.2.pom
2026-01-26 17:28:12,343 [Worker-59: Building] INFO  o.e.m.c.i.e.AbstractTransferListenerAdapter - Downloaded https://repo.maven.apache.org/maven2/io/github/adraffy/ens-normalize/0.1.2/ens-normalize-0.1.2.pom
2026-01-26 17:28:12,747 [Worker-59: Building] INFO  o.e.m.c.i.e.AbstractTransferListenerAdapter - Downloading https://repo.maven.apache.org/maven2/com/hedera/hashgraph/sdk/2.40.0/sdk-2.40.0.jar
2026-01-26 17:28:13,318 [Worker-59: Building] INFO  o.e.m.c.i.e.AbstractTransferListenerAdapter - Downloaded https://repo.maven.apache.org/maven2/com/hedera/hashgraph/sdk/2.40.0/sdk-2.40.0.jar
2026-01-26 17:28:13,365 [BasicRepositoryConnector-repo.maven.apache.org-0-0] INFO  o.e.m.c.i.e.AbstractTransferListenerAdapter - Downloading https://repo.maven.apache.org/maven2/com/esaulpaugh/headlong/12.1.0/headlong-12.1.0.jar
2026-01-26 17:28:13,379 [BasicRepositoryConnector-repo.maven.apache.org-0-1] INFO  o.e.m.c.i.e.AbstractTransferListenerAdapter - Downloading https://repo.maven.apache.org/maven2/org/web3j/core/4.10.3/core-4.10.3.jar
2026-01-26 17:28:13,392 [BasicRepositoryConnector-repo.maven.apache.org-0-3] INFO  o.e.m.c.i.e.AbstractTransferListenerAdapter - Downloading https://repo.maven.apache.org/maven2/org/web3j/utils/4.10.3/utils-4.10.3.jar
2026-01-26 17:28:13,400 [BasicRepositoryConnector-repo.maven.apache.org-0-4] INFO  o.e.m.c.i.e.AbstractTransferListenerAdapter - Downloading https://repo.maven.apache.org/maven2/org/web3j/crypto/4.10.3/crypto-4.10.3.jar
2026-01-26 17:28:13,413 [BasicRepositoryConnector-repo.maven.apache.org-0-0] INFO  o.e.m.c.i.e.AbstractTransferListenerAdapter - Downloaded https://repo.maven.apache.org/maven2/com/esaulpaugh/headlong/12.1.0/headlong-12.1.0.jar
2026-01-26 17:28:13,437 [BasicRepositoryConnector-repo.maven.apache.org-0-2] INFO  o.e.m.c.i.e.AbstractTransferListenerAdapter - Downloading https://repo.maven.apache.org/maven2/org/web3j/abi/4.10.3/abi-4.10.3.jar
2026-01-26 17:28:13,458 [BasicRepositoryConnector-repo.maven.apache.org-0-0] INFO  o.e.m.c.i.e.AbstractTransferListenerAdapter - Downloading https://repo.maven.apache.org/maven2/org/web3j/rlp/4.10.3/rlp-4.10.3.jar
2026-01-26 17:28:13,478 [BasicRepositoryConnector-repo.maven.apache.org-0-4] INFO  o.e.m.c.i.e.AbstractTransferListenerAdapter - Downloaded https://repo.maven.apache.org/maven2/org/web3j/crypto/4.10.3/crypto-4.10.3.jar
2026-01-26 17:28:13,507 [BasicRepositoryConnector-repo.maven.apache.org-0-4] INFO  o.e.m.c.i.e.AbstractTransferListenerAdapter - Downloading https://repo.maven.apache.org/maven2/org/web3j/tuples/4.10.3/tuples-4.10.3.jar
2026-01-26 17:28:13,524 [BasicRepositoryConnector-repo.maven.apache.org-0-1] INFO  o.e.m.c.i.e.AbstractTransferListenerAdapter - Downloaded https://repo.maven.apache.org/maven2/org/web3j/core/4.10.3/core-4.10.3.jar
2026-01-26 17:28:13,538 [BasicRepositoryConnector-repo.maven.apache.org-0-0] INFO  o.e.m.c.i.e.AbstractTransferListenerAdapter - Downloaded https://repo.maven.apache.org/maven2/org/web3j/rlp/4.10.3/rlp-4.10.3.jar
2026-01-26 17:28:13,539 [BasicRepositoryConnector-repo.maven.apache.org-0-2] INFO  o.e.m.c.i.e.AbstractTransferListenerAdapter - Downloaded https://repo.maven.apache.org/maven2/org/web3j/abi/4.10.3/abi-4.10.3.jar
2026-01-26 17:28:13,551 [BasicRepositoryConnector-repo.maven.apache.org-0-1] INFO  o.e.m.c.i.e.AbstractTransferListenerAdapter - Downloading https://repo.maven.apache.org/maven2/com/github/jnr/jnr-unixsocket/0.38.17/jnr-unixsocket-0.38.17.jar
2026-01-26 17:28:13,570 [BasicRepositoryConnector-repo.maven.apache.org-0-0] INFO  o.e.m.c.i.e.AbstractTransferListenerAdapter - Downloading https://repo.maven.apache.org/maven2/com/github/jnr/jnr-ffi/2.2.11/jnr-ffi-2.2.11.jar
2026-01-26 17:28:13,600 [BasicRepositoryConnector-repo.maven.apache.org-0-2] INFO  o.e.m.c.i.e.AbstractTransferListenerAdapter - Downloading https://repo.maven.apache.org/maven2/com/github/jnr/jffi/1.3.9/jffi-1.3.9.jar
2026-01-26 17:28:13,645 [BasicRepositoryConnector-repo.maven.apache.org-0-3] INFO  o.e.m.c.i.e.AbstractTransferListenerAdapter - Downloaded https://repo.maven.apache.org/maven2/org/web3j/utils/4.10.3/utils-4.10.3.jar
2026-01-26 17:28:13,727 [BasicRepositoryConnector-repo.maven.apache.org-0-3] INFO  o.e.m.c.i.e.AbstractTransferListenerAdapter - Downloading https://repo.maven.apache.org/maven2/com/github/jnr/jffi/1.3.9/jffi-1.3.9-native.jar
2026-01-26 17:28:13,733 [BasicRepositoryConnector-repo.maven.apache.org-0-2] INFO  o.e.m.c.i.e.AbstractTransferListenerAdapter - Downloaded https://repo.maven.apache.org/maven2/com/github/jnr/jffi/1.3.9/jffi-1.3.9.jar
2026-01-26 17:28:13,862 [BasicRepositoryConnector-repo.maven.apache.org-0-4] INFO  o.e.m.c.i.e.AbstractTransferListenerAdapter - Downloaded https://repo.maven.apache.org/maven2/org/web3j/tuples/4.10.3/tuples-4.10.3.jar
2026-01-26 17:28:13,900 [BasicRepositoryConnector-repo.maven.apache.org-0-2] INFO  o.e.m.c.i.e.AbstractTransferListenerAdapter - Downloading https://repo.maven.apache.org/maven2/org/ow2/asm/asm/9.2/asm-9.2.jar
2026-01-26 17:28:13,919 [BasicRepositoryConnector-repo.maven.apache.org-0-0] INFO  o.e.m.c.i.e.AbstractTransferListenerAdapter - Downloaded https://repo.maven.apache.org/maven2/com/github/jnr/jnr-ffi/2.2.11/jnr-ffi-2.2.11.jar
2026-01-26 17:28:13,934 [BasicRepositoryConnector-repo.maven.apache.org-0-4] INFO  o.e.m.c.i.e.AbstractTransferListenerAdapter - Downloading https://repo.maven.apache.org/maven2/org/ow2/asm/asm-commons/9.2/asm-commons-9.2.jar
2026-01-26 17:28:13,937 [BasicRepositoryConnector-repo.maven.apache.org-0-2] INFO  o.e.m.c.i.e.AbstractTransferListenerAdapter - Downloaded https://repo.maven.apache.org/maven2/org/ow2/asm/asm/9.2/asm-9.2.jar
2026-01-26 17:28:13,957 [BasicRepositoryConnector-repo.maven.apache.org-0-0] INFO  o.e.m.c.i.e.AbstractTransferListenerAdapter - Downloading https://repo.maven.apache.org/maven2/org/ow2/asm/asm-analysis/9.2/asm-analysis-9.2.jar
2026-01-26 17:28:13,982 [BasicRepositoryConnector-repo.maven.apache.org-0-4] INFO  o.e.m.c.i.e.AbstractTransferListenerAdapter - Downloaded https://repo.maven.apache.org/maven2/org/ow2/asm/asm-commons/9.2/asm-commons-9.2.jar
2026-01-26 17:28:13,993 [BasicRepositoryConnector-repo.maven.apache.org-0-2] INFO  o.e.m.c.i.e.AbstractTransferListenerAdapter - Downloading https://repo.maven.apache.org/maven2/org/ow2/asm/asm-tree/9.2/asm-tree-9.2.jar
2026-01-26 17:28:14,026 [BasicRepositoryConnector-repo.maven.apache.org-0-2] INFO  o.e.m.c.i.e.AbstractTransferListenerAdapter - Downloaded https://repo.maven.apache.org/maven2/org/ow2/asm/asm-tree/9.2/asm-tree-9.2.jar
2026-01-26 17:28:14,036 [BasicRepositoryConnector-repo.maven.apache.org-0-1] INFO  o.e.m.c.i.e.AbstractTransferListenerAdapter - Downloaded https://repo.maven.apache.org/maven2/com/github/jnr/jnr-unixsocket/0.38.17/jnr-unixsocket-0.38.17.jar
2026-01-26 17:28:14,038 [BasicRepositoryConnector-repo.maven.apache.org-0-4] INFO  o.e.m.c.i.e.AbstractTransferListenerAdapter - Downloading https://repo.maven.apache.org/maven2/org/ow2/asm/asm-util/9.2/asm-util-9.2.jar
2026-01-26 17:28:14,065 [BasicRepositoryConnector-repo.maven.apache.org-0-3] INFO  o.e.m.c.i.e.AbstractTransferListenerAdapter - Downloaded https://repo.maven.apache.org/maven2/com/github/jnr/jffi/1.3.9/jffi-1.3.9-native.jar
2026-01-26 17:28:14,065 [BasicRepositoryConnector-repo.maven.apache.org-0-1] INFO  o.e.m.c.i.e.AbstractTransferListenerAdapter - Downloading https://repo.maven.apache.org/maven2/com/github/jnr/jnr-x86asm/1.0.2/jnr-x86asm-1.0.2.jar
2026-01-26 17:28:14,072 [BasicRepositoryConnector-repo.maven.apache.org-0-4] INFO  o.e.m.c.i.e.AbstractTransferListenerAdapter - Downloaded https://repo.maven.apache.org/maven2/org/ow2/asm/asm-util/9.2/asm-util-9.2.jar
2026-01-26 17:28:14,093 [BasicRepositoryConnector-repo.maven.apache.org-0-2] INFO  o.e.m.c.i.e.AbstractTransferListenerAdapter - Downloading https://repo.maven.apache.org/maven2/com/github/jnr/jnr-a64asm/1.0.0/jnr-a64asm-1.0.0.jar
2026-01-26 17:28:14,107 [BasicRepositoryConnector-repo.maven.apache.org-0-1] INFO  o.e.m.c.i.e.AbstractTransferListenerAdapter - Downloaded https://repo.maven.apache.org/maven2/com/github/jnr/jnr-x86asm/1.0.2/jnr-x86asm-1.0.2.jar
2026-01-26 17:28:14,115 [BasicRepositoryConnector-repo.maven.apache.org-0-4] INFO  o.e.m.c.i.e.AbstractTransferListenerAdapter - Downloading https://repo.maven.apache.org/maven2/com/github/jnr/jnr-enxio/0.32.13/jnr-enxio-0.32.13.jar
2026-01-26 17:28:14,116 [BasicRepositoryConnector-repo.maven.apache.org-0-3] INFO  o.e.m.c.i.e.AbstractTransferListenerAdapter - Downloading https://repo.maven.apache.org/maven2/com/github/jnr/jnr-constants/0.10.3/jnr-constants-0.10.3.jar
2026-01-26 17:28:14,133 [BasicRepositoryConnector-repo.maven.apache.org-0-2] INFO  o.e.m.c.i.e.AbstractTransferListenerAdapter - Downloaded https://repo.maven.apache.org/maven2/com/github/jnr/jnr-a64asm/1.0.0/jnr-a64asm-1.0.0.jar
2026-01-26 17:28:14,145 [BasicRepositoryConnector-repo.maven.apache.org-0-1] INFO  o.e.m.c.i.e.AbstractTransferListenerAdapter - Downloading https://repo.maven.apache.org/maven2/com/github/jnr/jnr-posix/3.1.15/jnr-posix-3.1.15.jar
2026-01-26 17:28:14,205 [BasicRepositoryConnector-repo.maven.apache.org-0-2] INFO  o.e.m.c.i.e.AbstractTransferListenerAdapter - Downloading https://repo.maven.apache.org/maven2/com/squareup/okhttp3/logging-interceptor/4.9.0/logging-interceptor-4.9.0.jar
2026-01-26 17:28:14,218 [BasicRepositoryConnector-repo.maven.apache.org-0-1] INFO  o.e.m.c.i.e.AbstractTransferListenerAdapter - Downloaded https://repo.maven.apache.org/maven2/com/github/jnr/jnr-posix/3.1.15/jnr-posix-3.1.15.jar
2026-01-26 17:28:14,260 [BasicRepositoryConnector-repo.maven.apache.org-0-0] INFO  o.e.m.c.i.e.AbstractTransferListenerAdapter - Downloaded https://repo.maven.apache.org/maven2/org/ow2/asm/asm-analysis/9.2/asm-analysis-9.2.jar
2026-01-26 17:28:14,260 [BasicRepositoryConnector-repo.maven.apache.org-0-1] INFO  o.e.m.c.i.e.AbstractTransferListenerAdapter - Downloading https://repo.maven.apache.org/maven2/io/reactivex/rxjava2/rxjava/2.2.2/rxjava-2.2.2.jar
2026-01-26 17:28:14,313 [BasicRepositoryConnector-repo.maven.apache.org-0-0] INFO  o.e.m.c.i.e.AbstractTransferListenerAdapter - Downloading https://repo.maven.apache.org/maven2/org/reactivestreams/reactive-streams/1.0.2/reactive-streams-1.0.2.jar
2026-01-26 17:28:14,334 [BasicRepositoryConnector-repo.maven.apache.org-0-0] INFO  o.e.m.c.i.e.AbstractTransferListenerAdapter - Downloaded https://repo.maven.apache.org/maven2/org/reactivestreams/reactive-streams/1.0.2/reactive-streams-1.0.2.jar
2026-01-26 17:28:14,389 [BasicRepositoryConnector-repo.maven.apache.org-0-2] INFO  o.e.m.c.i.e.AbstractTransferListenerAdapter - Downloaded https://repo.maven.apache.org/maven2/com/squareup/okhttp3/logging-interceptor/4.9.0/logging-interceptor-4.9.0.jar
2026-01-26 17:28:14,404 [BasicRepositoryConnector-repo.maven.apache.org-0-0] INFO  o.e.m.c.i.e.AbstractTransferListenerAdapter - Downloading https://repo.maven.apache.org/maven2/org/java-websocket/Java-WebSocket/1.5.3/Java-WebSocket-1.5.3.jar
2026-01-26 17:28:14,441 [BasicRepositoryConnector-repo.maven.apache.org-0-0] INFO  o.e.m.c.i.e.AbstractTransferListenerAdapter - Downloaded https://repo.maven.apache.org/maven2/org/java-websocket/Java-WebSocket/1.5.3/Java-WebSocket-1.5.3.jar
2026-01-26 17:28:14,470 [BasicRepositoryConnector-repo.maven.apache.org-0-2] INFO  o.e.m.c.i.e.AbstractTransferListenerAdapter - Downloading https://repo.maven.apache.org/maven2/com/fasterxml/jackson/core/jackson-databind/2.14.2/jackson-databind-2.14.2.jar
2026-01-26 17:28:14,516 [BasicRepositoryConnector-repo.maven.apache.org-0-4] INFO  o.e.m.c.i.e.AbstractTransferListenerAdapter - Downloaded https://repo.maven.apache.org/maven2/com/github/jnr/jnr-enxio/0.32.13/jnr-enxio-0.32.13.jar
2026-01-26 17:28:14,641 [BasicRepositoryConnector-repo.maven.apache.org-0-4] INFO  o.e.m.c.i.e.AbstractTransferListenerAdapter - Downloading https://repo.maven.apache.org/maven2/com/fasterxml/jackson/core/jackson-core/2.14.2/jackson-core-2.14.2.jar
2026-01-26 17:28:14,697 [BasicRepositoryConnector-repo.maven.apache.org-0-0] INFO  o.e.m.c.i.e.AbstractTransferListenerAdapter - Downloading https://repo.maven.apache.org/maven2/com/fasterxml/jackson/core/jackson-annotations/2.14.2/jackson-annotations-2.14.2.jar
2026-01-26 17:28:14,789 [BasicRepositoryConnector-repo.maven.apache.org-0-0] INFO  o.e.m.c.i.e.AbstractTransferListenerAdapter - Downloaded https://repo.maven.apache.org/maven2/com/fasterxml/jackson/core/jackson-annotations/2.14.2/jackson-annotations-2.14.2.jar
2026-01-26 17:28:14,906 [BasicRepositoryConnector-repo.maven.apache.org-0-0] INFO  o.e.m.c.i.e.AbstractTransferListenerAdapter - Downloading https://repo.maven.apache.org/maven2/io/github/adraffy/ens-normalize/0.1.2/ens-normalize-0.1.2.jar
2026-01-26 17:28:14,953 [BasicRepositoryConnector-repo.maven.apache.org-0-3] INFO  o.e.m.c.i.e.AbstractTransferListenerAdapter - Downloaded https://repo.maven.apache.org/maven2/com/github/jnr/jnr-constants/0.10.3/jnr-constants-0.10.3.jar
2026-01-26 17:28:15,045 [BasicRepositoryConnector-repo.maven.apache.org-0-4] INFO  o.e.m.c.i.e.AbstractTransferListenerAdapter - Downloaded https://repo.maven.apache.org/maven2/com/fasterxml/jackson/core/jackson-core/2.14.2/jackson-core-2.14.2.jar
2026-01-26 17:28:15,059 [BasicRepositoryConnector-repo.maven.apache.org-0-2] INFO  o.e.m.c.i.e.AbstractTransferListenerAdapter - Downloaded https://repo.maven.apache.org/maven2/com/fasterxml/jackson/core/jackson-databind/2.14.2/jackson-databind-2.14.2.jar
2026-01-26 17:28:15,059 [BasicRepositoryConnector-repo.maven.apache.org-0-1] INFO  o.e.m.c.i.e.AbstractTransferListenerAdapter - Downloaded https://repo.maven.apache.org/maven2/io/reactivex/rxjava2/rxjava/2.2.2/rxjava-2.2.2.jar
2026-01-26 17:28:15,579 [BasicRepositoryConnector-repo.maven.apache.org-0-0] INFO  o.e.m.c.i.e.AbstractTransferListenerAdapter - Downloaded https://repo.maven.apache.org/maven2/io/github/adraffy/ens-normalize/0.1.2/ens-normalize-0.1.2.jar
2026-01-26 17:28:16,259 [Worker-59: Building] INFO  o.a.m.s.f.DefaultMavenResourcesFiltering - Copying 0 resource from src\main\resources to target\classes
2026-01-26 17:28:16,262 [Worker-59: Building] INFO  o.a.m.s.f.DefaultMavenResourcesFiltering - Copying 0 resource from src\test\resources to target\test-classes
2026-01-26 17:28:17,394 [Worker-58: Download sources and javadoc] INFO  o.e.m.c.i.e.AbstractTransferListenerAdapter - Downloading https://repo.maven.apache.org/maven2/com/hedera/hashgraph/sdk/2.40.0/sdk-2.40.0-sources.jar
2026-01-26 17:28:17,781 [Worker-58: Download sources and javadoc] INFO  o.e.m.c.i.e.AbstractTransferListenerAdapter - Downloaded https://repo.maven.apache.org/maven2/com/hedera/hashgraph/sdk/2.40.0/sdk-2.40.0-sources.jar
2026-01-26 17:28:17,792 [Worker-58: Download sources and javadoc] INFO  o.e.m.j.internal.DownloadSourcesJob - Downloaded sources for com.hedera.hashgraph:sdk:2.40.0
2026-01-26 17:28:18,479 [Worker-58: Download sources and javadoc] INFO  o.e.m.c.i.e.AbstractTransferListenerAdapter - Downloading https://repo.maven.apache.org/maven2/com/esaulpaugh/headlong/12.1.0/headlong-12.1.0-sources.jar
2026-01-26 17:28:18,545 [Worker-58: Download sources and javadoc] INFO  o.e.m.c.i.e.AbstractTransferListenerAdapter - Downloaded https://repo.maven.apache.org/maven2/com/esaulpaugh/headlong/12.1.0/headlong-12.1.0-sources.jar
2026-01-26 17:28:18,553 [Worker-58: Download sources and javadoc] INFO  o.e.m.j.internal.DownloadSourcesJob - Downloaded sources for com.esaulpaugh:headlong:12.1.0
2026-01-26 17:28:18,611 [Worker-58: Download sources and javadoc] INFO  o.e.m.c.i.e.AbstractTransferListenerAdapter - Downloading https://repo.maven.apache.org/maven2/org/web3j/core/4.10.3/core-4.10.3-sources.jar
2026-01-26 17:28:18,679 [Worker-58: Download sources and javadoc] INFO  o.e.m.c.i.e.AbstractTransferListenerAdapter - Downloaded https://repo.maven.apache.org/maven2/org/web3j/core/4.10.3/core-4.10.3-sources.jar
2026-01-26 17:28:18,683 [Worker-58: Download sources and javadoc] INFO  o.e.m.j.internal.DownloadSourcesJob - Downloaded sources for org.web3j:core:4.10.3
2026-01-26 17:28:18,749 [Worker-58: Download sources and javadoc] INFO  o.e.m.c.i.e.AbstractTransferListenerAdapter - Downloading https://repo.maven.apache.org/maven2/org/web3j/abi/4.10.3/abi-4.10.3-sources.jar
2026-01-26 17:28:18,796 [Worker-58: Download sources and javadoc] INFO  o.e.m.c.i.e.AbstractTransferListenerAdapter - Downloaded https://repo.maven.apache.org/maven2/org/web3j/abi/4.10.3/abi-4.10.3-sources.jar
2026-01-26 17:28:18,800 [Worker-58: Download sources and javadoc] INFO  o.e.m.j.internal.DownloadSourcesJob - Downloaded sources for org.web3j:abi:4.10.3
2026-01-26 17:28:18,877 [Worker-58: Download sources and javadoc] INFO  o.e.m.c.i.e.AbstractTransferListenerAdapter - Downloading https://repo.maven.apache.org/maven2/org/web3j/utils/4.10.3/utils-4.10.3-sources.jar
2026-01-26 17:28:19,150 [Worker-58: Download sources and javadoc] INFO  o.e.m.c.i.e.AbstractTransferListenerAdapter - Downloaded https://repo.maven.apache.org/maven2/org/web3j/utils/4.10.3/utils-4.10.3-sources.jar
2026-01-26 17:28:19,159 [Worker-58: Download sources and javadoc] INFO  o.e.m.j.internal.DownloadSourcesJob - Downloaded sources for org.web3j:utils:4.10.3
2026-01-26 17:28:19,320 [Worker-64: Building] INFO  o.a.m.s.f.DefaultMavenResourcesFiltering - Copying 0 resource from src\main\resources to target\classes
2026-01-26 17:28:19,323 [Worker-64: Building] INFO  o.a.m.s.f.DefaultMavenResourcesFiltering - Copying 0 resource from src\test\resources to target\test-classes
2026-01-26 17:28:19,353 [Worker-58: Download sources and javadoc] INFO  o.e.m.c.i.e.AbstractTransferListenerAdapter - Downloading https://repo.maven.apache.org/maven2/org/web3j/crypto/4.10.3/crypto-4.10.3-sources.jar
2026-01-26 17:28:19,391 [Worker-58: Download sources and javadoc] INFO  o.e.m.c.i.e.AbstractTransferListenerAdapter - Downloaded https://repo.maven.apache.org/maven2/org/web3j/crypto/4.10.3/crypto-4.10.3-sources.jar
2026-01-26 17:28:19,395 [Worker-58: Download sources and javadoc] INFO  o.e.m.j.internal.DownloadSourcesJob - Downloaded sources for org.web3j:crypto:4.10.3
2026-01-26 17:28:19,515 [Worker-58: Download sources and javadoc] INFO  o.e.m.c.i.e.AbstractTransferListenerAdapter - Downloading https://repo.maven.apache.org/maven2/org/web3j/rlp/4.10.3/rlp-4.10.3-sources.jar
2026-01-26 17:28:19,591 [Worker-58: Download sources and javadoc] INFO  o.e.m.c.i.e.AbstractTransferListenerAdapter - Downloaded https://repo.maven.apache.org/maven2/org/web3j/rlp/4.10.3/rlp-4.10.3-sources.jar
2026-01-26 17:28:19,594 [Worker-58: Download sources and javadoc] INFO  o.e.m.j.internal.DownloadSourcesJob - Downloaded sources for org.web3j:rlp:4.10.3
2026-01-26 17:28:19,750 [Worker-58: Download sources and javadoc] INFO  o.e.m.c.i.e.AbstractTransferListenerAdapter - Downloading https://repo.maven.apache.org/maven2/org/web3j/tuples/4.10.3/tuples-4.10.3-sources.jar
2026-01-26 17:28:20,050 [Worker-58: Download sources and javadoc] INFO  o.e.m.c.i.e.AbstractTransferListenerAdapter - Downloaded https://repo.maven.apache.org/maven2/org/web3j/tuples/4.10.3/tuples-4.10.3-sources.jar
2026-01-26 17:28:20,053 [Worker-58: Download sources and javadoc] INFO  o.e.m.j.internal.DownloadSourcesJob - Downloaded sources for org.web3j:tuples:4.10.3
2026-01-26 17:28:20,301 [Worker-58: Download sources and javadoc] INFO  o.e.m.c.i.e.AbstractTransferListenerAdapter - Downloading https://repo.maven.apache.org/maven2/com/github/jnr/jnr-unixsocket/0.38.17/jnr-unixsocket-0.38.17-sources.jar
2026-01-26 17:28:20,652 [Worker-58: Download sources and javadoc] INFO  o.e.m.c.i.e.AbstractTransferListenerAdapter - Downloaded https://repo.maven.apache.org/maven2/com/github/jnr/jnr-unixsocket/0.38.17/jnr-unixsocket-0.38.17-sources.jar
2026-01-26 17:28:20,656 [Worker-58: Download sources and javadoc] INFO  o.e.m.j.internal.DownloadSourcesJob - Downloaded sources for com.github.jnr:jnr-unixsocket:0.38.17
2026-01-26 17:28:20,715 [Worker-58: Download sources and javadoc] INFO  o.e.m.c.i.e.AbstractTransferListenerAdapter - Downloading https://repo.maven.apache.org/maven2/com/github/jnr/jnr-ffi/2.2.11/jnr-ffi-2.2.11-sources.jar
2026-01-26 17:28:20,980 [Worker-58: Download sources and javadoc] INFO  o.e.m.c.i.e.AbstractTransferListenerAdapter - Downloaded https://repo.maven.apache.org/maven2/com/github/jnr/jnr-ffi/2.2.11/jnr-ffi-2.2.11-sources.jar
2026-01-26 17:28:20,983 [Worker-58: Download sources and javadoc] INFO  o.e.m.j.internal.DownloadSourcesJob - Downloaded sources for com.github.jnr:jnr-ffi:2.2.11
2026-01-26 17:28:21,104 [Worker-58: Download sources and javadoc] INFO  o.e.m.c.i.e.AbstractTransferListenerAdapter - Downloading https://repo.maven.apache.org/maven2/com/github/jnr/jffi/1.3.9/jffi-1.3.9-sources.jar
2026-01-26 17:28:21,177 [Worker-58: Download sources and javadoc] INFO  o.e.m.c.i.e.AbstractTransferListenerAdapter - Downloaded https://repo.maven.apache.org/maven2/com/github/jnr/jffi/1.3.9/jffi-1.3.9-sources.jar
2026-01-26 17:28:21,181 [Worker-58: Download sources and javadoc] INFO  o.e.m.j.internal.DownloadSourcesJob - Downloaded sources for com.github.jnr:jffi:1.3.9
2026-01-26 17:28:21,196 [Worker-58: Download sources and javadoc] INFO  o.e.m.j.internal.DownloadSourcesJob - Downloaded sources for com.github.jnr:jffi:1.3.9native
2026-01-26 17:28:21,424 [Worker-58: Download sources and javadoc] INFO  o.e.m.c.i.e.AbstractTransferListenerAdapter - Downloading https://repo.maven.apache.org/maven2/org/ow2/asm/asm/9.2/asm-9.2-sources.jar
2026-01-26 17:28:21,625 [Worker-58: Download sources and javadoc] INFO  o.e.m.c.i.e.AbstractTransferListenerAdapter - Downloaded https://repo.maven.apache.org/maven2/org/ow2/asm/asm/9.2/asm-9.2-sources.jar
2026-01-26 17:28:21,629 [Worker-58: Download sources and javadoc] INFO  o.e.m.j.internal.DownloadSourcesJob - Downloaded sources for org.ow2.asm:asm:9.2
2026-01-26 17:28:21,843 [Worker-58: Download sources and javadoc] INFO  o.e.m.c.i.e.AbstractTransferListenerAdapter - Downloading https://repo.maven.apache.org/maven2/org/ow2/asm/asm-commons/9.2/asm-commons-9.2-sources.jar
2026-01-26 17:28:21,908 [Worker-58: Download sources and javadoc] INFO  o.e.m.c.i.e.AbstractTransferListenerAdapter - Downloaded https://repo.maven.apache.org/maven2/org/ow2/asm/asm-commons/9.2/asm-commons-9.2-sources.jar
2026-01-26 17:28:21,913 [Worker-58: Download sources and javadoc] INFO  o.e.m.j.internal.DownloadSourcesJob - Downloaded sources for org.ow2.asm:asm-commons:9.2
2026-01-26 17:28:22,123 [Worker-58: Download sources and javadoc] INFO  o.e.m.c.i.e.AbstractTransferListenerAdapter - Downloading https://repo.maven.apache.org/maven2/org/ow2/asm/asm-analysis/9.2/asm-analysis-9.2-sources.jar
2026-01-26 17:28:22,430 [Worker-58: Download sources and javadoc] INFO  o.e.m.c.i.e.AbstractTransferListenerAdapter - Downloaded https://repo.maven.apache.org/maven2/org/ow2/asm/asm-analysis/9.2/asm-analysis-9.2-sources.jar
2026-01-26 17:28:22,444 [Worker-58: Download sources and javadoc] INFO  o.e.m.j.internal.DownloadSourcesJob - Downloaded sources for org.ow2.asm:asm-analysis:9.2
2026-01-26 17:28:22,526 [Worker-58: Download sources and javadoc] INFO  o.e.m.c.i.e.AbstractTransferListenerAdapter - Downloading https://repo.maven.apache.org/maven2/org/ow2/asm/asm-tree/9.2/asm-tree-9.2-sources.jar
2026-01-26 17:28:22,787 [Worker-58: Download sources and javadoc] INFO  o.e.m.c.i.e.AbstractTransferListenerAdapter - Downloaded https://repo.maven.apache.org/maven2/org/ow2/asm/asm-tree/9.2/asm-tree-9.2-sources.jar
2026-01-26 17:28:22,791 [Worker-58: Download sources and javadoc] INFO  o.e.m.j.internal.DownloadSourcesJob - Downloaded sources for org.ow2.asm:asm-tree:9.2
2026-01-26 17:28:22,839 [Worker-58: Download sources and javadoc] INFO  o.e.m.c.i.e.AbstractTransferListenerAdapter - Downloading https://repo.maven.apache.org/maven2/org/ow2/asm/asm-util/9.2/asm-util-9.2-sources.jar
2026-01-26 17:28:22,939 [Worker-58: Download sources and javadoc] INFO  o.e.m.c.i.e.AbstractTransferListenerAdapter - Downloaded https://repo.maven.apache.org/maven2/org/ow2/asm/asm-util/9.2/asm-util-9.2-sources.jar
2026-01-26 17:28:22,942 [Worker-58: Download sources and javadoc] INFO  o.e.m.j.internal.DownloadSourcesJob - Downloaded sources for org.ow2.asm:asm-util:9.2
2026-01-26 17:28:23,164 [Worker-58: Download sources and javadoc] INFO  o.e.m.c.i.e.AbstractTransferListenerAdapter - Downloading https://repo.maven.apache.org/maven2/com/github/jnr/jnr-a64asm/1.0.0/jnr-a64asm-1.0.0-sources.jar
2026-01-26 17:28:23,195 [Worker-58: Download sources and javadoc] INFO  o.e.m.c.i.e.AbstractTransferListenerAdapter - Downloaded https://repo.maven.apache.org/maven2/com/github/jnr/jnr-a64asm/1.0.0/jnr-a64asm-1.0.0-sources.jar
2026-01-26 17:28:23,198 [Worker-58: Download sources and javadoc] INFO  o.e.m.j.internal.DownloadSourcesJob - Downloaded sources for com.github.jnr:jnr-a64asm:1.0.0
2026-01-26 17:28:23,249 [Worker-58: Download sources and javadoc] INFO  o.e.m.c.i.e.AbstractTransferListenerAdapter - Downloading https://repo.maven.apache.org/maven2/com/github/jnr/jnr-x86asm/1.0.2/jnr-x86asm-1.0.2-sources.jar
2026-01-26 17:28:23,320 [Worker-58: Download sources and javadoc] INFO  o.e.m.c.i.e.AbstractTransferListenerAdapter - Downloaded https://repo.maven.apache.org/maven2/com/github/jnr/jnr-x86asm/1.0.2/jnr-x86asm-1.0.2-sources.jar
2026-01-26 17:28:23,324 [Worker-58: Download sources and javadoc] INFO  o.e.m.j.internal.DownloadSourcesJob - Downloaded sources for com.github.jnr:jnr-x86asm:1.0.2
2026-01-26 17:28:23,394 [Worker-58: Download sources and javadoc] INFO  o.e.m.c.i.e.AbstractTransferListenerAdapter - Downloading https://repo.maven.apache.org/maven2/com/github/jnr/jnr-constants/0.10.3/jnr-constants-0.10.3-sources.jar
2026-01-26 17:28:23,578 [Worker-58: Download sources and javadoc] INFO  o.e.m.c.i.e.AbstractTransferListenerAdapter - Downloaded https://repo.maven.apache.org/maven2/com/github/jnr/jnr-constants/0.10.3/jnr-constants-0.10.3-sources.jar
2026-01-26 17:28:23,582 [Worker-58: Download sources and javadoc] INFO  o.e.m.j.internal.DownloadSourcesJob - Downloaded sources for com.github.jnr:jnr-constants:0.10.3
2026-01-26 17:28:23,633 [Worker-58: Download sources and javadoc] INFO  o.e.m.c.i.e.AbstractTransferListenerAdapter - Downloading https://repo.maven.apache.org/maven2/com/github/jnr/jnr-enxio/0.32.13/jnr-enxio-0.32.13-sources.jar
2026-01-26 17:28:23,863 [Worker-58: Download sources and javadoc] INFO  o.e.m.c.i.e.AbstractTransferListenerAdapter - Downloaded https://repo.maven.apache.org/maven2/com/github/jnr/jnr-enxio/0.32.13/jnr-enxio-0.32.13-sources.jar
2026-01-26 17:28:23,866 [Worker-58: Download sources and javadoc] INFO  o.e.m.j.internal.DownloadSourcesJob - Downloaded sources for com.github.jnr:jnr-enxio:0.32.13
2026-01-26 17:28:23,938 [Worker-58: Download sources and javadoc] INFO  o.e.m.c.i.e.AbstractTransferListenerAdapter - Downloading https://repo.maven.apache.org/maven2/com/github/jnr/jnr-posix/3.1.15/jnr-posix-3.1.15-sources.jar
2026-01-26 17:28:24,047 [Worker-58: Download sources and javadoc] INFO  o.e.m.c.i.e.AbstractTransferListenerAdapter - Downloaded https://repo.maven.apache.org/maven2/com/github/jnr/jnr-posix/3.1.15/jnr-posix-3.1.15-sources.jar
2026-01-26 17:28:24,050 [Worker-58: Download sources and javadoc] INFO  o.e.m.j.internal.DownloadSourcesJob - Downloaded sources for com.github.jnr:jnr-posix:3.1.15
2026-01-26 17:28:24,171 [Worker-58: Download sources and javadoc] INFO  o.e.m.c.i.e.AbstractTransferListenerAdapter - Downloading https://repo.maven.apache.org/maven2/com/squareup/okhttp3/logging-interceptor/4.9.0/logging-interceptor-4.9.0-sources.jar
2026-01-26 17:28:24,218 [Worker-58: Download sources and javadoc] INFO  o.e.m.c.i.e.AbstractTransferListenerAdapter - Downloaded https://repo.maven.apache.org/maven2/com/squareup/okhttp3/logging-interceptor/4.9.0/logging-interceptor-4.9.0-sources.jar
2026-01-26 17:28:24,221 [Worker-58: Download sources and javadoc] INFO  o.e.m.j.internal.DownloadSourcesJob - Downloaded sources for com.squareup.okhttp3:logging-interceptor:4.9.0
2026-01-26 17:28:24,410 [Worker-58: Download sources and javadoc] INFO  o.e.m.c.i.e.AbstractTransferListenerAdapter - Downloading https://repo.maven.apache.org/maven2/io/reactivex/rxjava2/rxjava/2.2.2/rxjava-2.2.2-sources.jar
2026-01-26 17:28:24,758 [Worker-58: Download sources and javadoc] INFO  o.e.m.c.i.e.AbstractTransferListenerAdapter - Downloaded https://repo.maven.apache.org/maven2/io/reactivex/rxjava2/rxjava/2.2.2/rxjava-2.2.2-sources.jar
2026-01-26 17:28:24,761 [Worker-58: Download sources and javadoc] INFO  o.e.m.j.internal.DownloadSourcesJob - Downloaded sources for io.reactivex.rxjava2:rxjava:2.2.2
2026-01-26 17:28:24,836 [Worker-58: Download sources and javadoc] INFO  o.e.m.c.i.e.AbstractTransferListenerAdapter - Downloading https://repo.maven.apache.org/maven2/org/reactivestreams/reactive-streams/1.0.2/reactive-streams-1.0.2-sources.jar
2026-01-26 17:28:24,885 [Worker-58: Download sources and javadoc] INFO  o.e.m.c.i.e.AbstractTransferListenerAdapter - Downloaded https://repo.maven.apache.org/maven2/org/reactivestreams/reactive-streams/1.0.2/reactive-streams-1.0.2-sources.jar
2026-01-26 17:28:24,889 [Worker-58: Download sources and javadoc] INFO  o.e.m.j.internal.DownloadSourcesJob - Downloaded sources for org.reactivestreams:reactive-streams:1.0.2
2026-01-26 17:28:25,078 [Worker-58: Download sources and javadoc] INFO  o.e.m.c.i.e.AbstractTransferListenerAdapter - Downloading https://repo.maven.apache.org/maven2/org/java-websocket/Java-WebSocket/1.5.3/Java-WebSocket-1.5.3-sources.jar
2026-01-26 17:28:25,164 [Worker-58: Download sources and javadoc] INFO  o.e.m.c.i.e.AbstractTransferListenerAdapter - Downloaded https://repo.maven.apache.org/maven2/org/java-websocket/Java-WebSocket/1.5.3/Java-WebSocket-1.5.3-sources.jar
2026-01-26 17:28:25,167 [Worker-58: Download sources and javadoc] INFO  o.e.m.j.internal.DownloadSourcesJob - Downloaded sources for org.java-websocket:Java-WebSocket:1.5.3
2026-01-26 17:28:25,252 [Worker-58: Download sources and javadoc] INFO  o.e.m.c.i.e.AbstractTransferListenerAdapter - Downloading https://repo.maven.apache.org/maven2/com/fasterxml/jackson/core/jackson-databind/2.14.2/jackson-databind-2.14.2-sources.jar
2026-01-26 17:28:25,620 [Worker-58: Download sources and javadoc] INFO  o.e.m.c.i.e.AbstractTransferListenerAdapter - Downloaded https://repo.maven.apache.org/maven2/com/fasterxml/jackson/core/jackson-databind/2.14.2/jackson-databind-2.14.2-sources.jar
2026-01-26 17:28:25,623 [Worker-58: Download sources and javadoc] INFO  o.e.m.j.internal.DownloadSourcesJob - Downloaded sources for com.fasterxml.jackson.core:jackson-databind:2.14.2
2026-01-26 17:28:25,669 [Worker-58: Download sources and javadoc] INFO  o.e.m.c.i.e.AbstractTransferListenerAdapter - Downloading https://repo.maven.apache.org/maven2/com/fasterxml/jackson/core/jackson-annotations/2.14.2/jackson-annotations-2.14.2-sources.jar
2026-01-26 17:28:25,705 [Worker-58: Download sources and javadoc] INFO  o.e.m.c.i.e.AbstractTransferListenerAdapter - Downloaded https://repo.maven.apache.org/maven2/com/fasterxml/jackson/core/jackson-annotations/2.14.2/jackson-annotations-2.14.2-sources.jar
2026-01-26 17:28:25,709 [Worker-58: Download sources and javadoc] INFO  o.e.m.j.internal.DownloadSourcesJob - Downloaded sources for com.fasterxml.jackson.core:jackson-annotations:2.14.2
2026-01-26 17:28:25,757 [Worker-58: Download sources and javadoc] INFO  o.e.m.c.i.e.AbstractTransferListenerAdapter - Downloading https://repo.maven.apache.org/maven2/com/fasterxml/jackson/core/jackson-core/2.14.2/jackson-core-2.14.2-sources.jar
2026-01-26 17:28:25,869 [Worker-58: Download sources and javadoc] INFO  o.e.m.c.i.e.AbstractTransferListenerAdapter - Downloaded https://repo.maven.apache.org/maven2/com/fasterxml/jackson/core/jackson-core/2.14.2/jackson-core-2.14.2-sources.jar
2026-01-26 17:28:25,872 [Worker-58: Download sources and javadoc] INFO  o.e.m.j.internal.DownloadSourcesJob - Downloaded sources for com.fasterxml.jackson.core:jackson-core:2.14.2
2026-01-26 17:28:26,027 [Worker-58: Download sources and javadoc] INFO  o.e.m.c.i.e.AbstractTransferListenerAdapter - Downloading https://repo.maven.apache.org/maven2/io/github/adraffy/ens-normalize/0.1.2/ens-normalize-0.1.2-sources.jar
2026-01-26 17:28:26,291 [Worker-58: Download sources and javadoc] INFO  o.e.m.c.i.e.AbstractTransferListenerAdapter - Downloaded https://repo.maven.apache.org/maven2/io/github/adraffy/ens-normalize/0.1.2/ens-normalize-0.1.2-sources.jar
2026-01-26 17:28:26,293 [Worker-58: Download sources and javadoc] INFO  o.e.m.j.internal.DownloadSourcesJob - Downloaded sources for io.github.adraffy:ens-normalize:0.1.2
2026-01-26 17:44:42,398 [Worker-68: Building] INFO  o.a.m.s.f.DefaultMavenResourcesFiltering - Copying 0 resource from src\main\resources to target\classes
2026-01-26 17:44:42,401 [Worker-68: Building] INFO  o.a.m.s.f.DefaultMavenResourcesFiltering - Copying 0 resource from src\test\resources to target\test-classes
2026-01-26 19:30:25,817 [Worker-87: Launching HederaListener] INFO  o.a.m.s.f.DefaultMavenResourcesFiltering - Copying 0 resource from src\main\resources to target\classes
2026-01-26 19:30:25,883 [Worker-87: Launching HederaListener] INFO  o.a.m.s.f.DefaultMavenResourcesFiltering - Copying 0 resource from src\test\resources to target\test-classes
2026-01-26 19:54:36,086 [Worker-89: Building] INFO  o.a.m.s.f.DefaultMavenResourcesFiltering - Copying 0 resource from src\main\resources to target\classes
2026-01-26 19:54:36,088 [Worker-89: Building] INFO  o.a.m.s.f.DefaultMavenResourcesFiltering - Copying 0 resource from src\test\resources to target\test-classes
2026-01-26 19:55:43,487 [Worker-91: Building] INFO  o.a.m.s.f.DefaultMavenResourcesFiltering - Copying 0 resource from src\main\resources to target\classes
2026-01-26 19:55:43,490 [Worker-91: Building] INFO  o.a.m.s.f.DefaultMavenResourcesFiltering - Copying 0 resource from src\test\resources to target\test-classes
2026-01-26 20:06:19,809 [Worker-7: Loading available Gradle versions] INFO  o.e.b.c.i.u.g.PublishedGradleVersions - Gradle version information cache is up-to-date. Trying to read.
2026-01-26 20:08:31,041 [Worker-10: Building] INFO  o.a.m.s.f.DefaultMavenResourcesFiltering - Copying 0 resource from src\main\resources to target\classes
2026-01-26 20:08:31,046 [Worker-10: Building] INFO  o.a.m.s.f.DefaultMavenResourcesFiltering - Copying 0 resource from src\test\resources to target\test-classes
2026-01-26 20:11:05,087 [Worker-32: Building] INFO  o.a.m.s.f.DefaultMavenResourcesFiltering - Copying 0 resource from src\main\resources to target\classes
2026-01-26 20:11:05,090 [Worker-32: Building] INFO  o.a.m.s.f.DefaultMavenResourcesFiltering - Copying 0 resource from src\test\resources to target\test-classes
2026-01-26 20:14:42,712 [Worker-33: Building] INFO  o.a.m.s.f.DefaultMavenResourcesFiltering - Copying 0 resource from src\main\resources to target\classes
2026-01-26 20:14:42,715 [Worker-33: Building] INFO  o.a.m.s.f.DefaultMavenResourcesFiltering - Copying 0 resource from src\test\resources to target\test-classes
2026-01-26 22:21:27,734 [Worker-34: Building] INFO  o.a.m.s.f.DefaultMavenResourcesFiltering - Copying 0 resource from src\main\resources to target\classes
2026-01-26 22:21:27,740 [Worker-34: Building] INFO  o.a.m.s.f.DefaultMavenResourcesFiltering - Copying 0 resource from src\test\resources to target\test-classes
2026-01-26 22:30:26,554 [Worker-33: Building] INFO  o.a.m.s.f.DefaultMavenResourcesFiltering - Copying 0 resource from src\main\resources to target\classes
2026-01-26 22:30:26,557 [Worker-33: Building] INFO  o.a.m.s.f.DefaultMavenResourcesFiltering - Copying 0 resource from src\test\resources to target\test-classes
2026-01-26 22:30:32,160 [Worker-33: Building] INFO  o.a.m.s.f.DefaultMavenResourcesFiltering - Copying 0 resource from src\main\resources to target\classes
2026-01-26 22:30:32,162 [Worker-33: Building] INFO  o.a.m.s.f.DefaultMavenResourcesFiltering - Copying 0 resource from src\test\resources to target\test-classes
2026-01-26 22:34:53,231 [Worker-35: Building] INFO  o.a.m.s.f.DefaultMavenResourcesFiltering - Copying 0 resource from src\main\resources to target\classes
2026-01-26 22:34:53,235 [Worker-35: Building] INFO  o.a.m.s.f.DefaultMavenResourcesFiltering - Copying 0 resource from src\test\resources to target\test-classes
2026-01-26 22:38:34,370 [Worker-35: Building] INFO  o.a.m.s.f.DefaultMavenResourcesFiltering - Copying 0 resource from src\main\resources to target\classes
2026-01-26 22:38:34,371 [Worker-35: Building] INFO  o.a.m.s.f.DefaultMavenResourcesFiltering - Copying 0 resource from src\test\resources to target\test-classes
2026-01-26 22:49:09,115 [Worker-35: Building] INFO  o.a.m.s.f.DefaultMavenResourcesFiltering - Copying 0 resource from src\main\resources to target\classes
2026-01-26 22:49:09,117 [Worker-35: Building] INFO  o.a.m.s.f.DefaultMavenResourcesFiltering - Copying 0 resource from src\test\resources to target\test-classes
2026-01-26 23:00:51,062 [Worker-46: Building] INFO  o.a.m.s.f.DefaultMavenResourcesFiltering - Copying 0 resource from src\main\resources to target\classes
2026-01-26 23:00:51,065 [Worker-46: Building] INFO  o.a.m.s.f.DefaultMavenResourcesFiltering - Copying 0 resource from src\test\resources to target\test-classes
2026-01-26 23:01:12,701 [Worker-49: Building] INFO  o.a.m.s.f.DefaultMavenResourcesFiltering - Copying 0 resource from src\main\resources to target\classes
2026-01-26 23:01:12,703 [Worker-49: Building] INFO  o.a.m.s.f.DefaultMavenResourcesFiltering - Copying 0 resource from src\test\resources to target\test-classes
2026-01-26 23:50:09,589 [Worker-57: Building] INFO  o.a.m.s.f.DefaultMavenResourcesFiltering - Copying 0 resource from src\main\resources to target\classes
2026-01-26 23:50:09,592 [Worker-57: Building] INFO  o.a.m.s.f.DefaultMavenResourcesFiltering - Copying 0 resource from src\test\resources to target\test-classes
2026-01-26 23:50:28,338 [Worker-56: Building] INFO  o.a.m.s.f.DefaultMavenResourcesFiltering - Copying 0 resource from src\main\resources to target\classes
2026-01-26 23:50:28,339 [Worker-56: Building] INFO  o.a.m.s.f.DefaultMavenResourcesFiltering - Copying 0 resource from src\test\resources to target\test-classes
2026-01-26 23:51:05,542 [Worker-55: Building] INFO  o.a.m.s.f.DefaultMavenResourcesFiltering - Copying 0 resource from src\main\resources to target\classes
2026-01-26 23:51:05,546 [Worker-55: Building] INFO  o.a.m.s.f.DefaultMavenResourcesFiltering - Copying 0 resource from src\test\resources to target\test-classes
2026-01-26 23:51:13,188 [Worker-56: Building] INFO  o.a.m.s.f.DefaultMavenResourcesFiltering - Copying 0 resource from src\main\resources to target\classes
2026-01-26 23:51:13,190 [Worker-56: Building] INFO  o.a.m.s.f.DefaultMavenResourcesFiltering - Copying 0 resource from src\test\resources to target\test-classes
2026-01-26 23:51:46,521 [Worker-55: Building] INFO  o.a.m.s.f.DefaultMavenResourcesFiltering - Copying 0 resource from src\main\resources to target\classes
2026-01-26 23:51:46,522 [Worker-55: Building] INFO  o.a.m.s.f.DefaultMavenResourcesFiltering - Copying 0 resource from src\test\resources to target\test-classes
2026-01-26 23:52:28,002 [Worker-55: Building] INFO  o.a.m.s.f.DefaultMavenResourcesFiltering - Copying 0 resource from src\main\resources to target\classes
2026-01-26 23:52:28,004 [Worker-55: Building] INFO  o.a.m.s.f.DefaultMavenResourcesFiltering - Copying 0 resource from src\test\resources to target\test-classes
2026-01-26 23:52:39,120 [Worker-54: Building] INFO  o.a.m.s.f.DefaultMavenResourcesFiltering - Copying 0 resource from src\main\resources to target\classes
2026-01-26 23:52:39,123 [Worker-54: Building] INFO  o.a.m.s.f.DefaultMavenResourcesFiltering - Copying 0 resource from src\test\resources to target\test-classes
2026-01-26 23:53:04,351 [Worker-56: Building] INFO  o.a.m.s.f.DefaultMavenResourcesFiltering - Copying 0 resource from src\main\resources to target\classes
2026-01-26 23:53:04,354 [Worker-56: Building] INFO  o.a.m.s.f.DefaultMavenResourcesFiltering - Copying 0 resource from src\test\resources to target\test-classes
2026-01-26 23:54:45,536 [Worker-58: Building] INFO  o.a.m.s.f.DefaultMavenResourcesFiltering - Copying 0 resource from src\main\resources to target\classes
2026-01-26 23:54:45,539 [Worker-58: Building] INFO  o.a.m.s.f.DefaultMavenResourcesFiltering - Copying 0 resource from src\test\resources to target\test-classes
2026-01-27 00:01:57,958 [Worker-61: Building] INFO  o.a.m.s.f.DefaultMavenResourcesFiltering - Copying 0 resource from src\main\resources to target\classes
2026-01-27 00:01:57,961 [Worker-61: Building] INFO  o.a.m.s.f.DefaultMavenResourcesFiltering - Copying 0 resource from src\test\resources to target\test-classes
2026-01-27 00:02:21,342 [Worker-61: Building] INFO  o.a.m.s.f.DefaultMavenResourcesFiltering - Copying 0 resource from src\main\resources to target\classes
2026-01-27 00:02:21,346 [Worker-61: Building] INFO  o.a.m.s.f.DefaultMavenResourcesFiltering - Copying 0 resource from src\test\resources to target\test-classes
2026-01-27 00:07:47,836 [Worker-65: Building] INFO  o.a.m.s.f.DefaultMavenResourcesFiltering - Copying 0 resource from src\main\resources to target\classes
2026-01-27 00:07:47,837 [Worker-65: Building] INFO  o.a.m.s.f.DefaultMavenResourcesFiltering - Copying 0 resource from src\test\resources to target\test-classes
2026-01-27 00:07:54,112 [Worker-66: Building] INFO  o.a.m.s.f.DefaultMavenResourcesFiltering - Copying 0 resource from src\main\resources to target\classes
2026-01-27 00:07:54,114 [Worker-66: Building] INFO  o.a.m.s.f.DefaultMavenResourcesFiltering - Copying 0 resource from src\test\resources to target\test-classes
2026-01-27 00:08:27,038 [Worker-58: Building] INFO  o.a.m.s.f.DefaultMavenResourcesFiltering - Copying 0 resource from src\main\resources to target\classes
2026-01-27 00:08:27,039 [Worker-58: Building] INFO  o.a.m.s.f.DefaultMavenResourcesFiltering - Copying 0 resource from src\test\resources to target\test-classes
2026-01-27 00:08:32,706 [Worker-67: Building] INFO  o.a.m.s.f.DefaultMavenResourcesFiltering - Copying 0 resource from src\main\resources to target\classes
2026-01-27 00:08:32,709 [Worker-67: Building] INFO  o.a.m.s.f.DefaultMavenResourcesFiltering - Copying 0 resource from src\test\resources to target\test-classes
2026-01-27 00:12:21,970 [Worker-68: Building] INFO  o.a.m.s.f.DefaultMavenResourcesFiltering - Copying 0 resource from src\main\resources to target\classes
2026-01-27 00:12:21,973 [Worker-68: Building] INFO  o.a.m.s.f.DefaultMavenResourcesFiltering - Copying 0 resource from src\test\resources to target\test-classes
2026-01-27 00:12:43,730 [Worker-65: Building] INFO  o.a.m.s.f.DefaultMavenResourcesFiltering - Copying 0 resource from src\main\resources to target\classes
2026-01-27 00:12:43,731 [Worker-65: Building] INFO  o.a.m.s.f.DefaultMavenResourcesFiltering - Copying 0 resource from src\test\resources to target\test-classes
2026-01-27 00:27:10,794 [Worker-71: Building] INFO  o.a.m.s.f.DefaultMavenResourcesFiltering - Copying 0 resource from src\main\resources to target\classes
2026-01-27 00:27:10,796 [Worker-71: Building] INFO  o.a.m.s.f.DefaultMavenResourcesFiltering - Copying 0 resource from src\test\resources to target\test-classes
2026-01-27 00:27:36,294 [Worker-67: Building] INFO  o.a.m.s.f.DefaultMavenResourcesFiltering - Copying 0 resource from src\main\resources to target\classes
2026-01-27 00:27:36,299 [Worker-67: Building] INFO  o.a.m.s.f.DefaultMavenResourcesFiltering - Copying 0 resource from src\test\resources to target\test-classes
2026-01-27 00:27:44,985 [Worker-67: Building] INFO  o.a.m.s.f.DefaultMavenResourcesFiltering - Copying 0 resource from src\main\resources to target\classes
2026-01-27 00:27:44,987 [Worker-67: Building] INFO  o.a.m.s.f.DefaultMavenResourcesFiltering - Copying 0 resource from src\test\resources to target\test-classes
2026-01-27 00:29:18,584 [Worker-70: Building] INFO  o.a.m.s.f.DefaultMavenResourcesFiltering - Copying 0 resource from src\main\resources to target\classes
2026-01-27 00:29:18,586 [Worker-70: Building] INFO  o.a.m.s.f.DefaultMavenResourcesFiltering - Copying 0 resource from src\test\resources to target\test-classes
2026-01-27 00:30:36,220 [Worker-71: Building] INFO  o.a.m.s.f.DefaultMavenResourcesFiltering - Copying 0 resource from src\main\resources to target\classes
2026-01-27 00:30:36,223 [Worker-71: Building] INFO  o.a.m.s.f.DefaultMavenResourcesFiltering - Copying 0 resource from src\test\resources to target\test-classes
